{
    "TransportData": [
    ],
    "NpcsTimers": [
    ],
    "FactionData": [
        {
            "Points": 2000,
            "Faction": 0
        }
    ],
    "BankData": [
    ],
    "ItemGiversList": [
    ],
    "QuestData": {
        "CompletedQuests": [
            {
                "Quest": 1,
                "Date": 1242432L
            }
        ],
        "ActiveQuests": [
        ]
    },
    "PlayerCompanionId": 0,
    "DialogData": [
        {
            "Dialog": 1
        },
        {
            "Dialog": 2
        },
        {
            "Dialog": 3
        },
        {
            "Dialog": 4
        }
    ],
    "ItemGiverChained": [
    ],
    "MailData": [
    ],
    "PlayerName": "THEzrexLeo",
    "UUID": "009216d8-017f-440f-b390-88fba0226358",
    "ScriptStoreddata": {
    }
}
