{
    "TransportData": [
    ],
    "NpcsTimers": [
    ],
    "FactionData": [
        {
            "Points": 2000,
            "Faction": 0
        }
    ],
    "BankData": [
    ],
    "ItemGiversList": [
    ],
    "QuestData": {
        "CompletedQuests": [
        ],
        "ActiveQuests": [
        ]
    },
    "PlayerCompanionId": 0,
    "DialogData": [
    ],
    "ItemGiverChained": [
    ],
    "MailData": [
    ],
    "PlayerName": "THEzrexLeo",
    "UUID": "009216d8-017f-440f-b390-88fba0226358",
    "ScriptStoreddata": {
    }
}
