{"stat.useItem.chiselsandbits.chiseled_wood":58,"stat.useItem.minecraft.bow":1,"stat.leaveGame":32,"stat.pickup.extrautils2.redorchid":1,"stat.pickup.harvestcraft.huckleberryitem":10,"stat.mineBlock.rustic.leaves":160,"stat.pickup.thebetweenlands.tar_solid_slab":2,"stat.pickup.rustic.chain":2,"stat.drop.variedcommodities.coin_iron":1,"stat.mineBlock.harvestcraft.beehive":1,"stat.useItem.malisisdoors.wood_sliding_door":2,"stat.useItem.extrautils2.goldenlasso":4,"stat.pickup.customnpcs.npcwand":2,"stat.pickup.minecraft.rotten_flesh":17,"stat.useItem.minecraft.diamond_hoe":755,"stat.useItem.chisel.marble":191,"stat.craftItem.minecraft.stone_axe":1,"stat.killEntity.Enderman":1,"stat.pickup.variedcommodities.coin_diamond":4,"stat.craftItem.minecraft.iron_shovel":2,"stat.killEntity.Witch":3,"stat.mineBlock.rustic.log":16,"stat.pickup.casinocraft.cardtable_wide_green":1,"stat.pickup.chisel.chisel_iron":1,"stat.useItem.minecraft.iron_pickaxe":338,"stat.craftItem.minecraft.wooden_pickaxe":2,"stat.useItem.minecraft.iron_shovel":935,"stat.pickup.chiselsandbits.chiseled_glass":1,"stat.mineBlock.chisel.marble2":181,"stat.pickup.rustic.wildberries":3,"stat.furnaceInteraction":78,"stat.killEntity.ZombieVillager":2,"stat.pickup.variedcommodities.coin_emerald":1,"stat.pickup.extrautils2.enderlilly":1,"stat.pickup.minecraft.nether_brick":1,"stat.pickup.minecraft.beef":11,"stat.pickup.zawa.large_meat_raw":5,"stat.useItem.rustic.wildberries":3,"stat.pickup.mca.rose_gold_ore":4,"stat.drop.extrautils2.itemcreativedestructionwand":1,"stat.useItem.minecraft.flint_and_steel":3,"stat.useItem.minecraft.wheat_seeds":101,"stat.pickup.rustic.olives":28,"stat.useItem.minecraft.lingering_potion":2,"stat.pickup.minecraft.emerald":56,"stat.useItem.netherex.frosted_amedian_sword":4,"stat.deaths":13,"stat.pickup.zawa.fur":4,"stat.craftItem.minecraft.iron_pickaxe":1,"stat.pickup.ferdinandsflowers.block_cff_flowers":3,"stat.useItem.chisel.planks-oak":388,"stat.pickup.zawa.care_guide":1,"stat.pickup.chisel.marble2":181,"stat.mineBlock.minecraft.tallgrass":209,"stat.chestOpened":75,"stat.useItem.minecraft.splash_potion":3,"stat.useItem.malisisdoors.rustyhatch":13,"stat.useItem.minecraft.stone":12,"stat.pickup.minecraft.arrow":1,"stat.pickup.thebetweenlands.waterlogged":1,"stat.craftItem.hempfarmer.hemp_paper":2,"stat.mineBlock.magneticraft.limestone":1,"stat.pickup.modernlamps.ceiling_neon_lamp":1,"stat.crouchOneCm":102787,"stat.mineBlock.minecraft.chest":1,"stat.useItem.microblockcbe.microblock":66,"stat.craftItem.minecraft.iron_ingot":40,"stat.craftingTableInteraction":102,"stat.useItem.dragonmounts.terra2_dragon_sword":1,"stat.craftItem.cannibalism.playerfleshcooked":21,"stat.mineBlock.minecraft.log2":13,"stat.pickup.minecraft.wooden_pickaxe":1,"stat.pickup.minecraft.dye":133,"stat.pickup.minecraft.planks":33,"stat.pickup.minecraft.wheat_seeds":138,"stat.drop.harvestcraft.rootbeerfloatitem":6,"stat.useItem.harvestcraft.rutabagaitem":3,"stat.pickup.zawa.bush_meat_raw":1,"stat.mineBlock.minecraft.dirt":340,"stat.useItem.minecraft.cobblestone":42,"stat.useItem.thebetweenlands.gallery_frame_very_large":8,"stat.pickup.harvestcraft.peasitem":17,"stat.pickup.chisel.glasspane":1,"stat.pickup.casinocraft.module_baccarat":5,"stat.pickup.modernlamps.wall_neon":1,"stat.craftItem.chisel.chisel_iron":1,"stat.pickup.minecraft.banner":2,"stat.useItem.harvestcraft.caulifloweritem":1,"stat.useItem.minecraft.iron_sword":15,"stat.craftItem.minecraft.planks":88,"stat.pickup.cannibalism.playerflesh":58,"stat.useItem.harvestcraft.raspberryitem":5,"stat.useItem.minecraft.stonebrick":52,"stat.mineBlock.minecraft.log":13,"stat.pickup.ferdinandsflowers.block_cff_doublesb":6,"stat.pickup.minecraft.wool":1,"stat.useItem.minecraft.iron_axe":106,"stat.mineBlock.minecraft.cobblestone":71,"stat.mineBlock.minecraft.pumpkin":6,"stat.pickup.magneticraft.limestone":1,"stat.craftItem.minecraft.saddle":1,"stat.drop.minecraft.cobblestone":1,"stat.pickup.minecraft.cooked_porkchop":768,"stat.pickup.harvestcraft.creepercookieitem":1,"stat.mineBlock.chisel.marble":25,"stat.useItem.minecraft.stone_slab2":14121,"stat.pickup.minecraft.bow":1,"stat.craftItem.minecraft.furnace":2,"stat.pickup.harvestcraft.broccoliitem":14,"stat.craftItem.minecraft.cooked_beef":2,"stat.useItem.variedcommodities.demonic_sword":3,"stat.pickup.minecraft.record_chirp":3,"stat.flyOneCm":5874263,"stat.pickup.zawa.zebra_leather":1,"stat.pickup.zawa.rhino_hide":2,"stat.pickup.minecraft.fish":1,"stat.pickup.rustic.slate":2,"stat.timeSinceDeath":22949,"stat.pickup.chococraft.lovely_gysahl_green":2,"stat.useItem.minecraft.wooden_slab":14,"stat.pickup.hempfarmer.leaf":1,"stat.useItem.chiselsandbits.chiseled_glass":15,"stat.mineBlock.minecraft.coal_ore":28,"stat.pickup.cfm.item_knife":1,"stat.useItem.rustic.log":1,"stat.killEntity.Creeper":5,"stat.talkedToVillager":45,"stat.pickup.extrautils2.ingredients":4,"stat.pickup.tombstone.crafting_ingredient":8,"stat.entityKilledBy.Skeleton":1,"stat.sprintOneCm":1362110,"stat.useItem.minecraft.diamond_shovel":714,"stat.useItem.casinocraft.cardtable_wide_green":3,"stat.useItem.minecraft.snowball":5,"stat.craftItem.chococraft.chocobo_saddle":1,"stat.pickup.cfm.door_bell":18,"stat.mineBlock.treasure2.wither_log_soul":1,"stat.pickup.harvestcraft.quinoaitem":15,"stat.pickup.minecraft.spawn_egg":3,"stat.useItem.minecraft.banner":7,"stat.killEntity.Zombie":15,"stat.pickup.harvestcraft.coffeeitem":1,"stat.pickup.minecraft.snowball":8,"stat.diveOneCm":119677,"stat.pickup.minecraft.wheat":148,"stat.pickup.zawa.powder_grate":1,"stat.pickup.casinocraft.arcade_base_red":1,"stat.mineBlock.ferdinandsflowers.block_cff_flowersc":2,"stat.mineBlock.ferdinandsflowers.block_cff_flowersb":2,"stat.pickup.harvestcraft.ryeitem":7,"stat.jump":10253,"stat.pickup.minecraft.coal":31,"stat.pickup.minecraft.iron_ingot":3,"stat.pickup.minecraft.gunpowder":9,"stat.craftItem.minecraft.torch":4,"stat.pickup.minecraft.dirt":365,"stat.drop.of.coffee_bean":1,"stat.pickup.leatherworks.rawhide_pig":2,"stat.pickup.rustic.log":624,"stat.pickup.leatherworks.rawhide_cow":4,"stat.mineBlock.minecraft.lapis_ore":11,"stat.pickup.minecraft.cookie":6,"stat.pickup.minecraft.iron_axe":1,"stat.damageTaken":4710,"stat.useItem.chisel.carpet_purple":122,"stat.mineBlock.minecraft.torch":7,"stat.tradedWithVillager":13,"stat.pickup.minecraft.log2":34,"stat.pickup.minecraft.bed":1,"stat.pickup.opframe.opframe":1,"stat.useItem.chisel.glass":199,"stat.entityKilledBy.Zombie":1,"stat.pickup.cannibalism.stoneknife":1,"stat.useItem.cannibalism.playerfleshcooked":19,"stat.pickup.variedcommodities.coin_gold":8,"stat.pickup.chococraft.gysahl_green":10,"stat.pickup.harvestcraft.oatsitem":12,"stat.mineBlock.magneticraft.ores":13,"stat.useItem.minecraft.chest":3,"stat.drop.minecraft.wheat":14,"stat.drop.hempfarmer.indica_joint":1,"stat.pickup.harvestcraft.celeryitem":10,"stat.useItem.minecraft.item_frame":2,"stat.pickup.minecraft.ender_pearl":1,"stat.pickup.minecraft.ladder":1,"stat.pickup.minecraft.cooked_beef":536,"stat.mineBlock.minecraft.stonebrick":1,"stat.useItem.chisel.planks-birch":19,"stat.pickup.harvestcraft.queenbeeitem":2,"stat.mineBlock.extrautils2.minichest":7,"stat.mobKills":64,"stat.pickup.minecraft.diamond":13,"stat.useItem.minecraft.writable_book":4,"stat.pickup.harvestcraft.raspberryitem":16,"stat.pickup.minecraft.torch":9,"stat.useItem.extrautils2.minichest":7,"stat.pickup.harvestcraft.beetitem":9,"stat.useItem.harvestcraft.huckleberryitem":2,"stat.useItem.variedcommodities.demonic_broadsword":7,"stat.craftItem.minecraft.iron_axe":1,"stat.useItem.minecraft.planks":10,"stat.pickup.minecraft.porkchop":10,"stat.useItem.minecraft.water_bucket":39,"stat.drop.extrautils2.snowglobe":1,"stat.pickup.minecraft.sand":233,"stat.useItem.minecraft.golden_sword":27,"stat.drop.casinocraft.module_baccarat":12,"stat.useItem.minecraft.ender_pearl":84,"stat.pickup.magneticraft.ores":14,"stat.pickup.mowziesmobs.barakoa_mask_misery":1,"stat.pickup.minecraft.chainmail_chestplate":1,"stat.pickup.modernlamps.wall_light_02":1,"stat.pickup.modernlamps.wall_light_01":1,"stat.mineBlock.minecraft.sand":239,"stat.pickup.hempfarmer.seeds_hemp":10,"stat.craftItem.hempfarmer.indica_joint":2,"stat.useItem.rustic.fluid_bottle":1,"stat.hopperInspected":2,"stat.pickup.harvestcraft.rootbeerfloatitem":4,"stat.drop.minecraft.diamond":1,"stat.useItem.minecraft.spawn_egg":15,"stat.craftItem.magneticraft.stone_hammer":1,"stat.useItem.minecraft.dark_oak_stairs":4,"stat.pickup.harvestcraft.spinachitem":12,"stat.pickup.minecraft.furnace":3,"stat.craftItem.zawa.thick_fur":6,"stat.drop.harvestcraft.queenbeeitem":1,"stat.pickup.minecraft.stone_stairs":1,"stat.craftItem.minecraft.heavy_weighted_pressure_plate":1,"stat.playOneMinute":1281571,"stat.pickup.hempfarmer.violet_raw_hemp":5,"stat.pickup.hempfarmer.seeds_indica":13,"stat.craftItem.securitycraft.keypad_item":1,"stat.pickup.harvestcraft.cottonitem":23,"stat.pickup.zawa.ivory_tusk":4,"stat.pickup.minecraft.pumpkin":6,"stat.pickup.harvestcraft.tomatoitem":2,"stat.recordPlayed":6,"stat.pickup.hempfarmer.bud":4,"stat.drop.chisel.planks-oak":2,"stat.mineBlock.rustic.slate":2,"stat.fallOneCm":128960,"stat.drop.minecraft.stone":1,"stat.pickup.of.candle":1,"stat.drop.minecraft.dye":3,"stat.pickup.harvestcraft.caulifloweritem":8,"stat.craftItem.minecraft.chest":6,"stat.pickup.variedcommodities.diamond_skirt":1,"stat.pickup.minecraft.red_mushroom":2,"stat.dropperInspected":2,"stat.pickup.minecraft.feather":2,"stat.pickup.variedcommodities.soldier_bottom":1,"stat.killEntity.strawgolem":1,"stat.useItem.minecraft.stone_pickaxe":271,"stat.useItem.zawa.american_bison":2,"stat.drop.minecraft.reeds":13,"stat.craftItem.minecraft.leather":6,"stat.craftItem.securitycraft.dirt_mine":1,"stat.pickup.minecraft.record_13":1,"stat.useItem.minecraft.torch":6,"stat.pickup.malisisdoors.wood_sliding_door":2,"stat.useItem.camera.image_frame":2,"stat.pickup.variedcommodities.soldier_legs":1,"stat.useItem.minecraft.log":1,"stat.pickup.minecraft.crafting_table":7,"stat.craftItem.minecraft.crafting_table":2,"stat.drop.thebetweenlands.wisp":1,"stat.pickup.minecraft.log":574,"stat.craftItem.hempfarmer.rolling_paper":6,"stat.craftItem.minecraft.stone_button":9,"stat.useItem.thebetweenlands.wisp":9,"stat.mineBlock.chisel.glass":1,"stat.pickup.minecraft.wooden_door":7,"stat.useItem.cannibalism.playerflesh":5,"stat.pickup.harvestcraft.freshwateritem":1,"stat.craftItem.hempfarmer.violet_dry_hemp":5,"stat.pickup.camera.image_frame":4,"stat.pickup.harvestcraft.rutabagaitem":4,"stat.pickup.hempfarmer.lime_raw_hemp":7,"stat.useItem.hempfarmer.regs_joint":3,"stat.sneakTime":35435,"stat.pickup.rustic.chili_pepper_seeds":12,"stat.pickup.ferdinandsflowers.block_cff_flowersd":2,"stat.pickup.ferdinandsflowers.block_cff_flowerse":5,"stat.drop.variedcommodities.coin_emerald":17,"stat.pickup.ferdinandsflowers.block_cff_flowersc":3,"stat.pickup.minecraft.chest":1,"stat.drop.minecraft.stone_pickaxe":1,"stat.pickup.minecraft.bone":2,"stat.pickup.chisel.planks-oak":2,"stat.useItem.netherex.blazed_amedian_axe":8,"stat.useItem.minecraft.diamond_sword":20,"stat.swimOneCm":57815,"stat.pickup.variedcommodities.soldier_chest":2,"stat.climbOneCm":5621,"stat.craftItem.securitycraft.mine":3,"stat.pickup.chisel.marble":25,"stat.enderchestOpened":1,"stat.pickup.hempfarmer.regs_joint":3,"stat.useItem.minecraft.dirt":379,"stat.pickup.animalium.bear_claw_paxel":1,"stat.pickup.zawa.bird_meat":1,"stat.drop.variedcommodities.coin_diamond":13,"stat.useItem.rustic.slate":1,"stat.drop.cfm.item_knife":1,"stat.pickup.camera.image":3,"stat.craftItem.minecraft.stone_pickaxe":3,"stat.pickup.minecraft.cobblestone":343,"stat.drop.minecraft.wheat_seeds":1,"stat.useItem.rustic.olives":3,"stat.useItem.minecraft.cooked_beef":2,"stat.pickup.minecraft.redstone":85,"stat.mineBlock.minecraft.iron_ore":38,"stat.pickup.minecraft.dark_oak_door":9,"stat.pickup.minecraft.stonebrick":3,"stat.drop.minecraft.dirt":1,"stat.pickup.rustic.sapling":4,"stat.pickup.minecraft.iron_shovel":1,"stat.pickup.minecraft.diamond_shovel":1,"stat.pickup.chococraft.chocobo_feather":6,"stat.useItem.zawa.powder_grate":6,"stat.drop.customnpcs.npcwand":1,"stat.craftItem.minecraft.stone_slab2":0,"stat.pickup.chisel.glass":2,"stat.pickup.ferdinandsflowers.block_cff_dark":1,"stat.killEntity.rat":1,"stat.pickup.treasure2.spider_chest":1,"stat.craftItem.minecraft.stick":24,"stat.useItem.minecraft.stone_slab":17,"stat.pickup.hempfarmer.indica_bud":14,"stat.pickup.cfm.crate":3,"stat.craftItem.minecraft.stone":52,"stat.pickup.minecraft.grass":1,"stat.mineBlock.minecraft.crafting_table":7,"stat.killEntity.Endermite":2,"stat.useItem.minecraft.carrot":4,"stat.useItem.minecraft.wheat":67,"stat.useItem.minecraft.wooden_shovel":5,"stat.pickup.chococraft.gysahl_green_seeds":50,"stat.useItem.extrautils2.itembuilderswand":23,"stat.mineBlock.minecraft.planks":1,"stat.drop":97,"stat.pickup.minecraft.stone_button":1,"stat.pickup.rustic.wildberry_bush":2,"stat.pickup.of.cabinet_spruce":1,"stat.pickup.malisisblocks.player_sensor":3,"stat.pickup.harvestcraft.kohlrabiitem":11,"stat.pickup.hempfarmer.seeds_sativa":1,"stat.pickup.minecraftfuture.lantern":2,"stat.useItem.minecraft.stone_axe":54,"stat.useItem.extrautils2.luxsaber":5,"stat.useItem.cfm.tv_remote":3,"stat.useItem.minecraft.stone_button":1,"stat.mineBlock.harvestcraft.frostgarden":66,"stat.pickup.minecraft.iron_ore":50,"stat.mineBlock.mca.rose_gold_ore":4,"stat.pickup.rustic.tomato_seeds":8,"stat.mineBlock.minecraft.leaves2":3,"stat.mineBlock.minecraft.stone_stairs":1,"stat.mineBlock.minecraft.furnace":3,"stat.useItem.minecraft.wooden_pickaxe":125,"stat.pickup.minecraft.reeds":15,"stat.useItem.customnpcs.npcwand":5,"stat.pickup.minecraft.stained_glass":1,"stat.damageDealt":19933,"stat.craftItem.minecraft.glass":205,"stat.sleepInBed":2,"stat.killEntity.Cow":3,"stat.useItem.minecraft.crafting_table":2,"stat.killEntity.Pig":4,"stat.drop.variedcommodities.coin_gold":1,"stat.walkOneCm":2538891,"stat.pickup.of.coffee_bean":9,"stat.pickup.minecraft.stick":60,"stat.pickup.harvestcraft.cabbageitem":23,"stat.pickup.minecraft.clay_ball":24,"stat.pickup.zawa.elephant_leather":7,"stat.killEntity.piranha":1,"stat.pickup.extrautils2.minichest":7,"stat.pickup.chisel.carpet_purple":3,"stat.useItem.hempfarmer.indica_joint":1,"stat.pickup.minecraft.stone":24,"stat.useItem.dragonmounts.moonlight_dragon_sword":10,"stat.pickup.minecraft.gold_ingot":2,"stat.killEntity.Skeleton":3,"stat.pickup.zawa.atv":3,"stat.craftItem.extrautils2.minichest":9,"stat.killEntity.Spider":2,"stat.pickup.variedcommodities.coin_iron":11,"stat.useItem.minecraftfuture.lantern":7,"stat.useItem.thebetweenlands.tar_solid_slab":143,"stat.pickup.mowziesmobs.barakoa_mask_bliss":1,"stat.useItem.minecraft.golden_apple":11,"stat.useItem.netherex.withered_amedian_sword":11,"stat.pickup.zawa.bald_eagle_plush":1,"stat.mineBlock.minecraft.leaves":11,"stat.mineBlock.minecraft.redstone_ore":19,"stat.drop.minecraft.beef":1,"stat.mineBlock.minecraft.stone":217}