{"stat.useItem.chiselsandbits.chiseled_wood":58,"stat.useItem.minecraft.bow":13,"stat.drop.ferdinandsflowers.block_cff_doubles":3,"stat.drop.treasure2.gold_coin":3,"stat.pickup.extrautils2.redorchid":5,"stat.pickup.harvestcraft.huckleberryitem":19,"stat.drop.minecraft.redstone":13,"stat.pickup.thebetweenlands.tar_solid_slab":2,"stat.craftItem.chisel.bookshelf_darkoak":1,"stat.pickup.rustic.chain":2,"stat.mineBlock.minecraft.stained_glass":1,"stat.drop.variedcommodities.coin_iron":1,"stat.mineBlock.minecraft.web":2,"stat.mineBlock.treasure2.gravestone2_polished_diorite":1,"stat.drop.harvestcraft.kohlrabiitem":1,"stat.useItem.extrautils2.goldenlasso":20,"stat.pickup.minecraft.rotten_flesh":43,"stat.useItem.minecraft.diamond_hoe":755,"stat.useItem.chisel.marble":213,"stat.craftItem.minecraft.stone_axe":2,"stat.useItem.cfm.white_fence":42,"stat.pickup.minecraft.bucket":2,"stat.killEntity.Enderman":8,"stat.drop.harvestcraft.cherryitem":1,"stat.killEntity.wood_mimic":1,"stat.craftItem.minecraft.iron_shovel":2,"stat.mineBlock.extrautils2.redorchid":2,"stat.pickup.harvestcraft.mortarandpestleitem":2,"stat.drop.harvestcraft.caulifloweritem":2,"stat.useItem.zawa.carnivore_meat_cooked":2,"stat.useItem.minecraft.iron_pickaxe":501,"stat.pickup.minecraft.stained_hardened_clay":68,"stat.pickup.treasure2.gold_key":1,"stat.craftItem.minecraft.glass_pane":16,"stat.pickup.chiselsandbits.chiseled_glass":1,"stat.useItem.minecraft.hardened_clay":33,"stat.mineBlock.chisel.marble2":239,"stat.mineBlock.minecraft.sticky_piston":2,"stat.furnaceInteraction":201,"stat.drop.extrautils2.redorchid":1,"stat.pickup.extrautils2.enderlilly":1,"stat.pickup.minecraft.nether_brick":1,"stat.pickup.zawa.large_meat_raw":6,"stat.useItem.advanced-fishing.fish":1,"stat.useItem.rustic.wildberries":3,"stat.pickup.mca.rose_gold_ore":5,"stat.useItem.minecraft.flint_and_steel":56,"stat.useItem.minecraft.wheat_seeds":101,"stat.craftItem.zawa.carnivore_meat_cooked":2,"stat.pickup.minecraft.emerald":70,"stat.drop.harvestcraft.beetitem":1,"stat.drop.treasure2.stone_lock":1,"stat.pickup.minecraft.lever":3,"stat.deaths":45,"stat.pickup.minecraft.bowl":1,"stat.pickup.zawa.fur":4,"stat.craftItem.ferdinandsflowers.flower_dye":3,"stat.pickup.minecraft.egg":1,"stat.drop.minecraft.golden_pickaxe":1,"stat.craftItem.minecraft.iron_pickaxe":1,"stat.useItem.chisel.planks-oak":389,"stat.pickup.minecraft.glass_pane":1,"stat.fishCaught":10,"stat.chestOpened":286,"stat.pickup.treasure2.gold_coin":4,"stat.pickup.thebetweenlands.waterlogged":1,"stat.craftItem.hempfarmer.hemp_paper":2,"stat.killEntity.nightmares.hag":1,"stat.pickup.minecraft.carrot":10,"stat.pickup.modernlamps.ceiling_neon_lamp":1,"stat.pickup.treasure2.silver_coin":5,"stat.crouchOneCm":150582,"stat.craftItem.minecraft.iron_ingot":133,"stat.pickup.rustic.grape_stem":4,"stat.pickup.ferdinandsflowers.block_cff_desert":1,"stat.craftingTableInteraction":193,"stat.craftItem.cannibalism.playerfleshcooked":179,"stat.mineBlock.minecraft.log2":14,"stat.pickup.minecraft.wooden_pickaxe":3,"stat.pickup.minecraft.dye":246,"stat.pickup.minecraft.planks":97,"stat.pickup.chisel.limestone2":277,"stat.pickup.treasure2.ironbound_chest":2,"stat.drop.harvestcraft.rootbeerfloatitem":6,"stat.useItem.harvestcraft.rutabagaitem":5,"stat.pickup.zawa.bush_meat_raw":5,"stat.drop.minecraft.rotten_flesh":4,"stat.pickup.harvestcraft.peasitem":23,"stat.pickup.thebetweenlands.sludge_ball":8,"stat.mineBlock.zawa.bamboo":10,"stat.pickup.casinocraft.module_baccarat":5,"stat.drop.minecraft.fish":1,"stat.mineBlock.thebetweenlands.mud":5,"stat.craftItem.minecraft.bucket":2,"stat.useItem.minecraft.iron_sword":81,"stat.craftItem.minecraft.planks":260,"stat.pickup.magneticraft.stone_hammer":2,"stat.craftItem.minecraft.fishing_rod":1,"stat.useItem.harvestcraft.raspberryitem":8,"stat.useItem.minecraft.stonebrick":54,"stat.pickup.minecraft.book":4,"stat.mineBlock.minecraft.waterlily":9,"stat.drop.cannibalism.playerflesh":31,"stat.pickup.ferdinandsflowers.block_cff_doublesb":9,"stat.pickup.extrautils2.pipe":1,"stat.pickup.ferdinandsflowers.block_cff_doublesd":1,"stat.mineBlock.thebetweenlands.black_hat_mushroom":4,"stat.pickup.minecraft.bookshelf":6,"stat.mineBlock.minecraft.cobblestone":102,"stat.mineBlock.minecraft.pumpkin":6,"stat.pickup.minecraft.stone_pickaxe":1,"stat.pickup.minecraft.flint":23,"stat.useItem.chiselsandbits.block_bit":8,"stat.pickup.thebetweenlands.damp_torch":5,"stat.mineBlock.minecraft.concrete":80,"stat.mineBlock.treasure2.ironbound_chest":2,"stat.pickup.magneticraft.limestone":133,"stat.drop.minecraft.cobblestone":5,"stat.pickup.minecraft.cooked_porkchop":768,"stat.mineBlock.thebetweenlands.swamp_plant":1,"stat.entityKilledBy.magma_monster":1,"stat.pickup.harvestcraft.creepercookieitem":1,"stat.mineBlock.chisel.marble":41,"stat.useItem.chococraft.gysahl_green":1,"stat.useItem.minecraft.stone_slab2":15167,"stat.pickup.minecraft.iron_boots":3,"stat.craftItem.minecraft.furnace":3,"stat.drop.harvestcraft.rutabagaitem":2,"stat.drop.zawa.toxin_sac":1,"stat.craftItem.minecraft.iron_boots":1,"stat.useItem.variedcommodities.demonic_sword":3,"stat.pickup.minecraft.record_chirp":3,"stat.pickup.mowziesmobs.glowing_jelly":5,"stat.pickup.chisel.limestone":12,"stat.craftItem.rustic.planks":88,"stat.useItem.minecraft.wooden_slab":43,"stat.pickup.hempfarmer.leaf":1,"stat.mineBlock.chisel.limestone":10,"stat.drop.minecraft.flint_and_steel":1,"stat.useItem.rustic.log":1,"stat.killEntity.Creeper":10,"stat.pickup.rustic.planks":17,"stat.useItem.thebetweenlands.mud":1,"stat.pickup.comforts.sleeping_bag":6,"stat.mineBlock.zawa.kelp":1,"stat.pickup.tombstone.crafting_ingredient":21,"stat.entityKilledBy.Skeleton":2,"stat.drop.hempfarmer.regs_joint":1,"stat.pickup.zawa.reptile_meat_raw":2,"stat.sprintOneCm":2954056,"stat.mineBlock.minecraft.stone_slab":1,"stat.useItem.harvestcraft.cottonitem":3,"stat.useItem.casinocraft.cardtable_wide_green":3,"stat.useItem.minecraft.snowball":5,"stat.pickup.minecraft.sugar":3,"stat.pickup.harvestcraft.cassavaitem":1,"stat.useItem.minecraft.banner":7,"stat.drop.tombstone.grave_key":3,"stat.pickup.tombstone.grave_key":4,"stat.killEntity.Zombie":35,"stat.pickup.harvestcraft.coffeeitem":1,"stat.craftItem.minecraft.dye":31,"stat.mineBlock.minecraft.gold_ore":16,"stat.pickup.minecraft.wheat":148,"stat.mineBlock.thebetweenlands.flat_head_mushroom":4,"stat.pickup.zawa.powder_grate":1,"stat.pickup.casinocraft.arcade_base_red":1,"stat.pickup.minecraft.obsidian":10,"stat.pickup.harvestcraft.ryeitem":25,"stat.pickup.minecraft.coal":121,"stat.pickup.minecraft.iron_ingot":4,"stat.craftItem.minecraft.lever":1,"stat.pickup.minecraft.gunpowder":16,"stat.pickup.tombstone.dark_marble":6,"stat.pickup.minecraft.dirt":884,"stat.drop.minecraft.iron_shovel":1,"stat.drop.of.coffee_bean":7,"stat.pickup.leatherworks.rawhide_pig":5,"stat.pickup.leatherworks.rawhide_cow":4,"stat.mineBlock.minecraft.lapis_ore":19,"stat.pickup.rustic.wind_thistle":2,"stat.pickup.minecraft.cookie":6,"stat.pickup.minecraft.iron_axe":5,"stat.killEntity.cactusmod:cactusskeleton":1,"stat.craftItem.extrautils2.goldenlasso":1,"stat.mineBlock.minecraft.torch":27,"stat.tradedWithVillager":13,"stat.pickup.minecraft.magma_cream":12,"stat.entityKilledBy.piranha":2,"stat.pickup.chococraft.gysahl_green":45,"stat.drop.minecraft.wheat":14,"stat.drop.hempfarmer.indica_joint":1,"stat.killEntity.magma_monster":8,"stat.craftItem.chiselsandbits.chisel_iron":1,"stat.useItem.minecraft.gold_ore":7,"stat.useItem.minecraft.item_frame":2,"stat.useItem.minecraft.stained_hardened_clay":33,"stat.useItem.zawa.large_meat_cooked":2,"stat.pickup.minecraft.cooked_beef":536,"stat.useItem.minecraft.concrete":79,"stat.mineBlock.opframe.opframe":1,"stat.pickup.treasure2.thiefs_lock_pick":6,"stat.mineBlock.extrautils2.minichest":7,"stat.mobKills":253,"stat.pickup.ferdinandsflowers.flower_dye":1,"stat.mineBlock.minecraft.bookshelf":7,"stat.useItem.minecraft.boat":2,"stat.pickup.minecraft.diamond":15,"stat.pickup.minecraft.beetroot_seeds":1,"stat.pickup.harvestcraft.raspberryitem":30,"stat.useItem.harvestcraft.kohlrabiitem":3,"stat.pickup.harvestcraft.beetitem":21,"stat.mineBlock.rustic.wind_thistle":2,"stat.useItem.minecraft.bookshelf":1,"stat.drop.rustic.grape_stem":3,"stat.mineBlock.thebetweenlands.loot_urn":1,"stat.drop.minecraft.bowl":2,"stat.drop.extrautils2.snowglobe":1,"stat.useItem.minecraft.golden_sword":27,"stat.pickup.mowziesmobs.barakoa_mask_misery":1,"stat.pickup.minecraft.chainmail_chestplate":4,"stat.mineBlock.minecraft.sand":529,"stat.useItem.rustic.fluid_bottle":1,"stat.pickup.treasure2.iron_lock":8,"stat.drop.zawa.zebra_leather":1,"stat.hopperInspected":6,"stat.drop.minecraft.diamond":1,"stat.drop.thebetweenlands.flat_head_mushroom_item":1,"stat.useItem.rustic.ginseng":20,"stat.drop.securitycraft.mine":1,"stat.useItem.extrautils2.pipe":1,"stat.pickup.zawa.thick_fur":12,"stat.drop.minecraft.stained_hardened_clay":1,"stat.mineBlock.harvestcraft.windygarden":2,"stat.craftItem.zawa.thick_fur":6,"stat.craftItem.travelersbackpack.travelers_backpack":2,"stat.drop.minecraft.fishing_rod":1,"stat.drop.harvestcraft.queenbeeitem":1,"stat.drop.minecraft.pumpkin_seeds":4,"stat.pickup.minecraft.stone_stairs":4,"stat.useItem.chisel.limestone":130,"stat.pickup.minecraft.pumpkin_seeds":6,"stat.pickup.minecraft.saddle":1,"stat.craftItem.securitycraft.keypad_item":1,"stat.drop.harvestcraft.cottonitem":1,"stat.pickup.rustic.aloe_vera":3,"stat.drop.of.pole_ladder":3,"stat.craftItem.camera.camera":1,"stat.pickup.harvestcraft.cottonitem":31,"stat.pickup.treasure2.treasure_tool":3,"stat.pickup.minecraft.pumpkin":18,"stat.recordPlayed":6,"stat.useItem.minecraft.fish":1,"stat.craftItem.treasure2.wither_planks":4,"stat.pickup.minecraft.waterlily":7,"stat.drop.chisel.planks-oak":2,"stat.drop.ferdinandsflowers.block_cff_flowersd":2,"stat.drop.ferdinandsflowers.block_cff_flowersc":1,"stat.drop.minecraft.stone":5,"stat.pickup.of.candle":1,"stat.craftItem.tombstone.dark_marble":3,"stat.pickup.harvestcraft.caulifloweritem":21,"stat.dropperInspected":2,"stat.craftItem.treasure2.treasure_tool":1,"stat.craftItem.zawa.ball":22,"stat.drop.minecraft.bone":1,"stat.craftItem.minecraft.wooden_button":1,"stat.pickup.variedcommodities.soldier_bottom":1,"stat.pickup.minecraft.iron_leggings":1,"stat.mineBlock.minecraft.gravel":135,"stat.mineBlock.ferdinandsflowers.block_cff_doubles":2,"stat.drop.minecraft.reeds":13,"stat.craftItem.minecraft.leather":9,"stat.pickup.minecraft.flint_and_steel":1,"stat.useItem.minecraft.torch":21,"stat.pickup.rustic.bee":2,"stat.useItem.camera.image_frame":2,"stat.pickup.variedcommodities.soldier_legs":1,"stat.craftItem.minecraft.stone_stairs":12,"stat.useItem.minecraft.log":11,"stat.pickup.minecraft.crafting_table":12,"stat.craftItem.minecraft.crafting_table":5,"stat.mineBlock.treasure2.wood_chest":3,"stat.drop.thebetweenlands.damp_torch":3,"stat.drop.thebetweenlands.wisp":1,"stat.craftItem.minecraft.boat":1,"stat.pickup.minecraft.iron_hoe":3,"stat.mineBlock.minecraft.emerald_ore":14,"stat.pickup.extrautils2.grocket":1,"stat.craftItem.hempfarmer.rolling_paper":6,"stat.useItem.rustic.aloe_vera":1,"stat.craftItem.minecraft.stone_button":9,"stat.useItem.thebetweenlands.wisp":9,"stat.mineBlock.thebetweenlands.swamp_double_tallgrass":2,"stat.drop.minecraft.planks":3,"stat.pickup.minecraft.sapling":9,"stat.pickup.thebetweenlands.dentrothyst_shard_green":2,"stat.pickup.harvestcraft.freshwateritem":325,"stat.craftItem.hempfarmer.violet_dry_hemp":5,"stat.pickup.minecraft.beetroot":3,"stat.killEntity.thebetweenlands.sludge":4,"stat.useItem.thebetweenlands.swamp_talisman":2,"stat.drop.comforts.sleeping_bag":1,"stat.pickup.minecraft.golden_sword":2,"stat.pickup.hempfarmer.lime_raw_hemp":51,"stat.pickup.treasure2.wood_key":2,"stat.useItem.hempfarmer.regs_joint":26,"stat.pickup.rustic.chili_pepper_seeds":18,"stat.pickup.of.empty_bookshelf":1,"stat.pickup.minecraft.stone_slab":1,"stat.pickup.ferdinandsflowers.block_cff_flowersd":6,"stat.pickup.ferdinandsflowers.block_cff_flowerse":7,"stat.drop.variedcommodities.coin_emerald":17,"stat.pickup.ferdinandsflowers.block_cff_flowersc":8,"stat.useItem.minecraft.fishing_rod":49,"stat.drop.minecraft.stone_pickaxe":2,"stat.pickup.minecraft.bone":21,"stat.pickup.chisel.planks-oak":4,"stat.useItem.netherex.blazed_amedian_axe":8,"stat.useItem.minecraft.diamond_sword":162,"stat.useItem.mowziesmobs.glowing_jelly":2,"stat.pickup.rustic.ginseng":21,"stat.climbOneCm":46789,"stat.pickup.chisel.marble":124,"stat.drop.zawa.reptile_meat_raw":1,"stat.enderchestOpened":1,"stat.pickup.hempfarmer.regs_joint":3,"stat.mineBlock.thebetweenlands.compacted_mud":1,"stat.pickup.zawa.bird_meat":3,"stat.useItem.rustic.slate":52,"stat.pickup.camera.image":4,"stat.craftItem.minecraft.stone_pickaxe":3,"stat.pickup.minecraft.cobblestone":1328,"stat.useItem.minecraft.cooked_beef":2,"stat.pickup.minecraft.cactus":8,"stat.pickup.minecraft.redstone":342,"stat.mineBlock.minecraft.iron_ore":146,"stat.drop.cannibalism.playerfleshcooked":9,"stat.mineBlock.thebetweenlands.swamp_dirt":2,"stat.drop.rustic.chili_pepper_seeds":3,"stat.pickup.minecraft.cake":2,"stat.drop.minecraft.dirt":11,"stat.pickup.rustic.sapling":4,"stat.pickup.minecraft.iron_shovel":4,"stat.pickup.minecraft.diamond_shovel":1,"stat.pickup.chococraft.chocobo_feather":24,"stat.useItem.zawa.powder_grate":6,"stat.pickup.chisel.glass":2,"stat.craftItem.minecraft.stick":200,"stat.drop.thebetweenlands.black_hat_mushroom_item":1,"stat.pickup.hempfarmer.indica_bud":24,"stat.mineBlock.thebetweenlands.damp_torch":4,"stat.craftItem.minecraft.gold_nugget":18,"stat.pickup.minecraft.grass":2,"stat.pickup.hempfarmer.leaf_wand":2,"stat.pickup.chococraft.gysahl_green_seeds":108,"stat.drop.harvestcraft.raspberryitem":1,"stat.mineBlock.minecraft.planks":8,"stat.drop":304,"vending:stat.vendingMachinesUsed":3,"stat.pickup.rustic.wildberry_bush":2,"stat.pickup.malisisblocks.player_sensor":3,"stat.mineBlock.ferdinandsflowers.block_cff_doublesb":2,"stat.useItem.minecraft.waterlily":7,"stat.useItem.minecraft.apple":6,"stat.drop.camera.image":2,"stat.mineBlock.minecraft.deadbush":3,"stat.mineBlock.thebetweenlands.tall_cattail":1,"stat.useItem.minecraft.potion":3,"stat.craftItem.travelersbackpack.backpack_tank":2,"stat.pickup.minecraftfuture.lantern":2,"stat.useItem.minecraft.stone_axe":60,"stat.mineBlock.thebetweenlands.poison_ivy":1,"stat.pickup.zawa.carnivore_meat_cooked":1,"stat.boatOneCm":27150,"stat.craftItem.minecraft.flint_and_steel":2,"stat.pickup.rustic.tomato_seeds":16,"stat.craftItem.cannibalism.ironknife":1,"stat.mineBlock.minecraft.leaves2":5,"stat.mineBlock.minecraft.stone_stairs":4,"stat.mineBlock.minecraft.furnace":6,"stat.drop.chococraft.gysahl_green":4,"stat.useItem.tombstone.grave_key":10,"stat.pickup.minecraft.stained_glass":1,"stat.damageDealt":59935,"stat.useItem.minecraft.crafting_table":4,"stat.pickup.minecraft.boat":1,"stat.drop.variedcommodities.coin_gold":1,"stat.pickup.minecraft.stick":176,"stat.pickup.harvestcraft.cabbageitem":33,"stat.craftItem.minecraftfuture.dye":2,"stat.pickup.zawa.elephant_leather":8,"stat.drop.treasure2.silver_coin":11,"stat.useItem.harvestcraft.oatsitem":1,"stat.mineBlock.of.pole_ladder":5,"stat.useItem.hempfarmer.indica_joint":3,"stat.useItem.dragonmounts.moonlight_dragon_sword":10,"stat.pickup.zawa.atv":3,"stat.craftItem.extrautils2.minichest":9,"vending:stat.vendingMachinesOpened":7,"stat.useItem.thebetweenlands.tar_solid_slab":143,"stat.craftItem.minecraft.fence":15,"stat.entityKilledBy.bound_soul":1,"stat.pickup.mowziesmobs.barakoa_mask_bliss":1,"stat.useItem.minecraft.golden_apple":11,"stat.pickup.zawa.bald_eagle_plush":1,"stat.mineBlock.minecraft.leaves":121,"stat.useItem.harvestcraft.broccoliitem":1,"stat.useItem.variedcommodities.emerald_sword":411,"stat.drop.opframe.opframe":2,"stat.leaveGame":59,"stat.mineBlock.rustic.leaves":161,"stat.mineBlock.minecraft.sandstone":18,"stat.mineBlock.harvestcraft.beehive":1,"stat.useItem.malisisdoors.wood_sliding_door":2,"stat.mineBlock.ferdinandsflowers.block_cff_desert":2,"stat.killEntity.nightmares.spider":4,"stat.pickup.customnpcs.npcwand":2,"stat.useItem.chococraft.chocobo_drumstick_raw":1,"stat.pickup.animalium.wild_dog_pelt":2,"stat.killEntity.thebetweenlands.dark_druid":8,"stat.pickup.variedcommodities.coin_diamond":4,"stat.pickup.minecraft.leather_boots":2,"stat.killEntity.Witch":3,"stat.mineBlock.rustic.log":22,"stat.pickup.casinocraft.cardtable_wide_green":1,"stat.pickup.chisel.chisel_iron":3,"stat.pickup.treasure2.gravestone2_polished_diorite":1,"stat.craftItem.minecraft.wooden_pickaxe":2,"stat.useItem.minecraft.iron_shovel":1750,"stat.craftItem.minecraft.bed":1,"stat.pickup.treasure2.gold_lock":4,"stat.useItem.harvestcraft.peasitem":1,"stat.useItem.harvestcraft.quinoaitem":1,"stat.pickup.minecraft.melon_block":3,"stat.pickup.rustic.wildberries":3,"stat.drop.minecraft.gravel":7,"stat.pickup.harvestcraft.cherryitem":1,"stat.craftItem.chococraft.chocopedia":1,"stat.killEntity.ZombieVillager":4,"stat.mineBlock.traverse.fir_log":2,"stat.pickup.variedcommodities.coin_emerald":1,"stat.useItem.zawa.ball":14,"stat.drop.thebetweenlands.sapling_weedwood":1,"stat.craftItem.chiselsandbits.wrench_wood":1,"stat.killEntity.thebetweenlands.swamp_hag":1,"stat.pickup.minecraft.beef":13,"stat.mineBlock.minecraft.stained_hardened_clay":68,"stat.drop.extrautils2.itemcreativedestructionwand":1,"stat.pickup.minecraft.potion":1,"stat.drop.harvestcraft.freshwateritem":1,"stat.useItem.thebetweenlands.rotten_food":1,"stat.pickup.rustic.olives":58,"stat.useItem.minecraft.lingering_potion":2,"stat.useItem.netherex.frosted_amedian_sword":4,"stat.pickup.ferdinandsflowers.block_cff_flowers":6,"stat.pickup.zawa.care_guide":1,"stat.drop.minecraft.glass_bottle":3,"stat.pickup.chisel.marble2":236,"stat.mineBlock.minecraft.tallgrass":509,"stat.useItem.minecraft.splash_potion":3,"stat.mineBlock.chisel.planks-birch":20,"stat.useItem.malisisdoors.rustyhatch":13,"stat.useItem.minecraft.stone":17,"stat.pickup.minecraft.arrow":11,"stat.pickup.minecraft.wooden_pressure_plate":2,"stat.drop.harvestcraft.oatsitem":4,"stat.mineBlock.magneticraft.limestone":68,"stat.pickup.zawa.tiger_fur":2,"stat.pickup.chisel.basalt2":2,"stat.pickup.thebetweenlands.rotten_food":15,"stat.mineBlock.minecraft.chest":3,"stat.useItem.microblockcbe.microblock":66,"stat.mineBlock.minecraft.hardened_clay":31,"stat.useItem.dragonmounts.terra2_dragon_sword":1,"stat.pickup.of.pole_ladder":7,"stat.entityKilledBy.cactusmod:cactuscreeper":1,"stat.useItem.chisel.marble2":4,"stat.pickup.minecraft.wheat_seeds":152,"stat.mineBlock.minecraft.glass":1,"stat.useItem.harvestcraft.spinachitem":1,"stat.mineBlock.minecraft.dirt":755,"stat.useItem.minecraft.bread":12,"stat.mineBlock.ferdinandsflowers.block_cff_flowers":4,"stat.useItem.zawa.reptile_meat_raw":1,"stat.useItem.minecraft.cobblestone":251,"stat.useItem.minecraft.gravel":38,"stat.mineBlock.minecraft.double_plant":1,"stat.useItem.thebetweenlands.gallery_frame_very_large":8,"stat.drop.leatherworks.rawhide_pig":3,"stat.pickup.chisel.glasspane":1,"stat.craftItem.minecraft.gold_ingot":2,"stat.useItem.harvestcraft.cabbageitem":3,"stat.useItem.securitycraft.scanner_door_item":1,"stat.pickup.modernlamps.wall_neon":1,"stat.craftItem.chisel.chisel_iron":2,"stat.pickup.minecraft.apple":13,"stat.pickup.minecraft.banner":2,"stat.useItem.harvestcraft.caulifloweritem":1,"stat.pickup.thebetweenlands.swamp_reed_item":2,"stat.pickup.cannibalism.playerflesh":174,"stat.mineBlock.minecraft.log":90,"stat.pickup.harvestcraft.sisalitem":1,"stat.useItem.of.pole_ladder":14,"stat.craftItem.minecraft.paper":12,"stat.pickup.minecraft.wool":15,"stat.useItem.minecraft.iron_axe":369,"stat.craftItem.tombstone.grave_key":3,"stat.craftItem.minecraft.wool":2,"stat.useItem.minecraft.concrete_powder":78,"stat.pickup.minecraft.enchanted_book":1,"stat.craftItem.minecraft.saddle":1,"stat.useItem.thebetweenlands.black_hat_mushroom_item":1,"stat.pickup.minecraft.sticky_piston":4,"stat.pickup.minecraft.bow":1,"stat.pickup.harvestcraft.broccoliitem":25,"stat.pickup.minecraft.pumpkin_pie":1,"stat.pickup.animalium.rat_meat":1,"stat.pickup.treasure2.wither_log":1,"stat.craftItem.minecraft.cooked_beef":2,"stat.pickup.ferdinandsflowers.block_cff_fungus":3,"stat.flyOneCm":9142770,"stat.pickup.zawa.zebra_leather":2,"stat.pickup.minecraft.sandstone":40,"stat.pickup.rustic.honeycomb":4,"stat.pickup.zawa.rhino_hide":2,"stat.pickup.minecraft.fish":13,"stat.useItem.thebetweenlands.swamp_dirt":1,"stat.pickup.rustic.slate":63,"stat.timeSinceDeath":32936,"stat.pickup.chococraft.lovely_gysahl_green":12,"stat.pickup.thebetweenlands.log_portal":10,"stat.pickup.chiselsandbits.block_bit":8345,"stat.useItem.minecraft.potato":1,"stat.useItem.chiselsandbits.chiseled_glass":15,"stat.drop.treasure2.gold_lock":1,"stat.pickup.minecraft.chainmail_helmet":2,"stat.craftItem.minecraft.concrete_powder":80,"stat.mineBlock.minecraft.coal_ore":111,"stat.pickup.cfm.item_knife":1,"stat.talkedToVillager":125,"stat.pickup.extrautils2.ingredients":5,"stat.pickup.minecraft.string":13,"stat.mineBlock.minecraft.ladder":12,"stat.useItem.minecraft.diamond_shovel":714,"stat.entityKilledBy.magma_monster_grunt":1,"stat.craftItem.chococraft.chocobo_saddle":1,"stat.mineBlock.minecraft.diamond_ore":2,"stat.pickup.cfm.door_bell":18,"stat.mineBlock.treasure2.wither_log_soul":3,"stat.pickup.harvestcraft.quinoaitem":27,"stat.pickup.advanced-fishing.fish":12,"stat.pickup.minecraft.spawn_egg":3,"stat.useItem.minecraft.ladder":11,"stat.pickup.minecraft.snowball":8,"stat.killEntity.cactusmod:cactuscow":3,"stat.diveOneCm":302409,"stat.mineBlock.thebetweenlands.cattail":5,"stat.useItem.minecraft.sticky_piston":1,"stat.craftItem.minecraft.ladder":15,"stat.mineBlock.ferdinandsflowers.block_cff_flowersc":7,"stat.mineBlock.ferdinandsflowers.block_cff_flowersb":2,"stat.mineBlock.ferdinandsflowers.block_cff_flowerse":2,"stat.pickup.minecraft.stone_axe":3,"stat.mineBlock.ferdinandsflowers.block_cff_flowersd":3,"stat.craftItem.minecraft.diamond_sword":1,"stat.drop.minecraft.sandstone":14,"stat.jump":24883,"stat.useItem.minecraft.sand":22,"stat.pickup.extrautils2.indexer":1,"stat.pickup.zawa.ball":8,"stat.craftItem.minecraft.torch":20,"stat.drop.hempfarmer.violet_raw_hemp":2,"stat.craftItem.comforts.sleeping_bag":2,"stat.useItem.thebetweenlands.log_portal":6,"stat.useItem.minecraft.glass":1,"stat.pickup.rustic.log":630,"stat.useItem.minecraft.sapling":2,"stat.pickup.minecraft.gold_ore":16,"stat.mineBlock.harvestcraft.aridgarden":2,"stat.pickup.thebetweenlands.compacted_mud":1,"stat.mineBlock.minecraft.glass_pane":1,"stat.damageTaken":26791,"stat.useItem.chisel.carpet_purple":122,"stat.mineBlock.minecraft.melon_block":3,"stat.mineBlock.minecraft.sapling":1,"stat.pickup.minecraft.log2":47,"stat.pickup.treasure2.gravestone3_cobblestone":1,"stat.pickup.minecraft.bed":5,"stat.pickup.opframe.opframe":3,"stat.pickup.minecraft.concrete":82,"stat.useItem.chisel.glass":262,"stat.pickup.minecraft.potato":3,"stat.drop.zawa.kelp":1,"stat.entityKilledBy.Zombie":1,"stat.drop.zawa.bush_meat_raw":3,"stat.pickup.cannibalism.stoneknife":1,"stat.useItem.cannibalism.playerfleshcooked":193,"stat.pickup.variedcommodities.coin_gold":8,"stat.pickup.chococraft.ability_fruit":7,"stat.pickup.harvestcraft.oatsitem":23,"stat.mineBlock.magneticraft.ores":16,"stat.useItem.minecraft.chest":6,"stat.pickup.harvestcraft.celeryitem":17,"stat.entityKilledBy.thebetweenlands.dark_druid":1,"stat.pickup.traverse.fir_log":2,"stat.drop.minecraft.potato":2,"stat.pickup.minecraft.ender_pearl":11,"stat.pickup.minecraft.ladder":13,"stat.craftItem.travelersbackpack.sleeping_bag_bottom":1,"stat.craftItem.of.pole_ladder":15,"stat.mineBlock.minecraft.stonebrick":21,"stat.useItem.chisel.planks-birch":19,"stat.useItem.thebetweenlands.flat_head_mushroom_item":4,"stat.pickup.ferdinandsflowers.block_cff_doubles":5,"stat.drop.minecraft.cookie":2,"stat.pickup.harvestcraft.queenbeeitem":2,"stat.useItem.harvestcraft.celeryitem":1,"stat.craftItem.minecraft.shears":1,"stat.useItem.minecraft.writable_book":4,"stat.pickup.minecraft.torch":45,"stat.useItem.extrautils2.minichest":7,"stat.mineBlock.thebetweenlands.swamp_grass":2,"stat.useItem.harvestcraft.huckleberryitem":4,"stat.pickup.minecraft.deadbush":1,"stat.useItem.variedcommodities.demonic_broadsword":7,"stat.craftItem.minecraft.iron_axe":1,"stat.mineBlock.treasure2.gravestone3_cobblestone":1,"stat.pickup.minecraftfuture.flowerblue":1,"stat.pickup.minecraft.fishing_rod":2,"stat.useItem.minecraft.planks":58,"stat.drop.chococraft.chocobo_feather":5,"stat.pickup.minecraft.porkchop":35,"stat.pickup.minecraft.blaze_powder":3,"stat.pickup.minecraft.glass":104,"stat.mineBlock.of.sink":1,"stat.useItem.minecraft.water_bucket":119,"stat.drop.travelersbackpack.travelers_backpack":1,"stat.pickup.minecraft.sand":562,"stat.pickup.minecraft.hardened_clay":46,"stat.mineBlock.rustic.beehive":1,"stat.pickup.minecraft.name_tag":2,"stat.drop.minecraft.hardened_clay":4,"stat.drop.casinocraft.module_baccarat":12,"stat.useItem.minecraft.ender_pearl":89,"stat.pickup.magneticraft.ores":27,"stat.pickup.modernlamps.wall_light_02":1,"stat.pickup.modernlamps.wall_light_01":1,"stat.pickup.hempfarmer.seeds_hemp":28,"stat.craftItem.hempfarmer.indica_joint":5,"stat.killEntity.thebetweenlands.smoll_sludge":5,"stat.pickup.harvestcraft.rootbeerfloatitem":4,"stat.useItem.minecraft.spawn_egg":15,"stat.pickup.thebetweenlands.black_hat_mushroom_item":2,"stat.pickup.thebetweenlands.mud":5,"stat.craftItem.magneticraft.stone_hammer":1,"stat.useItem.minecraft.dark_oak_stairs":4,"stat.pickup.harvestcraft.spinachitem":26,"stat.pickup.minecraft.furnace":6,"stat.useItem.minecraft.redstone":5,"stat.pickup.thebetweenlands.sapling_weedwood":2,"stat.pickup.minecraft.iron_chestplate":2,"stat.useItem.minecraft.stone_stairs":14,"stat.pickup.treasure2.wood_chest":3,"stat.useItem.minecraft.pumpkin_pie":1,"stat.pickup.chiselsandbits.chiseled_rock":3,"stat.craftItem.minecraft.heavy_weighted_pressure_plate":1,"stat.playOneMinute":1998820,"stat.drop.minecraft.string":2,"stat.pickup.hempfarmer.violet_raw_hemp":20,"stat.pickup.hempfarmer.seeds_indica":39,"stat.pickup.zawa.ivory_tusk":6,"stat.pickup.harvestcraft.tomatoitem":4,"stat.pickup.hempfarmer.bud":7,"stat.craftItem.variedcommodities.emerald_sword":1,"stat.pickup.zawa.toxin_sac":2,"stat.craftItem.minecraft.dark_oak_stairs":4,"stat.useItem.magneticraft.limestone":63,"stat.mineBlock.rustic.slate":54,"stat.fallOneCm":546846,"stat.pickup.treasure2.spider_key":1,"stat.drop.minecraft.dye":3,"stat.pickup.thebetweenlands.swamp_dirt":2,"stat.craftItem.minecraft.chest":9,"stat.pickup.variedcommodities.diamond_skirt":1,"stat.mineBlock.minecraft.lever":3,"stat.pickup.minecraft.red_mushroom":2,"stat.pickup.thebetweenlands.flat_head_mushroom_item":5,"stat.craftItem.harvestcraft.freshwateritem":352,"stat.drop.thebetweenlands.log_portal":1,"stat.pickup.minecraft.feather":2,"stat.mineBlock.extrautils2.indexer":1,"stat.drop.harvestcraft.amaranthitem":1,"stat.drop.minecraft.concrete":3,"stat.pickup.zawa.kelp":1,"stat.pickup.minecraft.lead":3,"stat.killEntity.strawgolem":1,"stat.useItem.minecraft.stone_pickaxe":271,"stat.mineBlock.rustic.aloe_vera":1,"stat.craftItem.minecraft.oak_stairs":4,"stat.useItem.zawa.american_bison":2,"stat.pickup.securitycraft.scanner_door_item":2,"stat.pickup.minecraft.chainmail_boots":2,"stat.craftItem.securitycraft.dirt_mine":2,"stat.pickup.minecraft.record_13":1,"stat.mineBlock.ferdinandsflowers.block_cff_dark":2,"stat.useItem.extrautils2.grocket":1,"stat.pickup.malisisdoors.wood_sliding_door":2,"stat.pickup.chococraft.chocobo_whistle":1,"stat.pickup.minecraft.log":651,"stat.craftItem.zawa.large_meat_cooked":2,"stat.pickup.zawa.bamboo":23,"stat.mineBlock.chisel.glass":6,"stat.pickup.minecraft.wooden_door":7,"stat.useItem.cannibalism.playerflesh":19,"stat.craftItem.treasure2.thiefs_lock_pick":47,"stat.drop.harvestcraft.broccoliitem":2,"stat.pickup.camera.image_frame":4,"stat.pickup.harvestcraft.rutabagaitem":12,"stat.sneakTime":54729,"stat.drop.zawa.tiger_fur":2,"stat.mineBlock.thebetweenlands.swamp_tallgrass":6,"stat.drop.rustic.bee":1,"stat.pickup.minecraft.chest":3,"stat.drop.minecraft.beetroot":1,"stat.mineBlock.thebetweenlands.bulb_capped_mushroom_cap":1,"stat.drop.harvestcraft.ryeitem":4,"stat.useItem.harvestcraft.cassavaitem":1,"stat.swimOneCm":194554,"stat.pickup.variedcommodities.soldier_chest":2,"stat.craftItem.securitycraft.mine":3,"stat.pickup.chococraft.chocobo_drumstick_raw":2,"stat.useItem.minecraft.dirt":677,"stat.pickup.animalium.bear_claw_paxel":1,"stat.drop.variedcommodities.coin_diamond":13,"stat.pickup.zawa.carnivore_meat_raw":2,"stat.drop.cfm.item_knife":1,"stat.pickup.harvestcraft.lentilitem":1,"stat.mineBlock.chisel.limestone2":215,"stat.pickup.minecraft.glass_bottle":4,"stat.useItem.chisel.limestone2":31,"stat.drop.minecraft.wheat_seeds":6,"stat.useItem.rustic.olives":3,"stat.craftItem.minecraft.wooden_slab":30,"stat.pickup.minecraft.golden_pickaxe":2,"stat.pickup.cfm.white_fence":13,"stat.mineBlock.thebetweenlands.log_portal":11,"stat.pickup.minecraft.dark_oak_door":9,"stat.pickup.minecraft.stonebrick":8,"stat.drop.rustic.aloe_vera":2,"stat.drop.customnpcs.npcwand":1,"stat.craftItem.hempfarmer.leaf_wand":1,"stat.craftItem.minecraft.stone_slab2":0,"stat.pickup.ferdinandsflowers.block_cff_dark":3,"stat.killEntity.rat":4,"stat.pickup.treasure2.spider_chest":1,"stat.drop.rustic.tomato_seeds":5,"stat.useItem.minecraft.stone_slab":17,"stat.pickup.cfm.crate":3,"stat.craftItem.minecraft.stone":69,"stat.mineBlock.minecraft.crafting_table":12,"stat.useItem.minecraft.diamond_pickaxe":1851,"stat.killEntity.Endermite":2,"stat.useItem.minecraft.carrot":5,"stat.useItem.minecraft.wheat":67,"stat.useItem.minecraft.wooden_shovel":5,"stat.drop.harvestcraft.quinoaitem":2,"stat.useItem.extrautils2.itembuilderswand":23,"stat.pickup.thebetweenlands.swamp_talisman":5,"stat.pickup.minecraft.stone_button":1,"stat.craftItem.minecraft.diamond_pickaxe":1,"stat.useItem.zawa.bamboo":4,"stat.pickup.of.cabinet_spruce":1,"stat.pickup.minecraft.gravel":150,"stat.pickup.extrautils2.goldenlasso":1,"stat.mineBlock.treasure2.wither_log":2,"stat.mineBlock.cfm.white_fence":13,"stat.pickup.harvestcraft.kohlrabiitem":18,"stat.pickup.hempfarmer.seeds_sativa":8,"stat.useItem.extrautils2.luxsaber":5,"stat.useItem.cfm.tv_remote":3,"stat.pickup.minecraft.spider_eye":1,"stat.useItem.minecraft.stone_button":1,"stat.mineBlock.harvestcraft.frostgarden":139,"stat.pickup.minecraft.iron_ore":158,"stat.pickup.chisel.planks-birch":20,"stat.mineBlock.mca.rose_gold_ore":5,"stat.mineBlock.treasure2.skull_and_crossbones":2,"stat.pickup.treasure2.iron_key":4,"stat.useItem.minecraft.wooden_pickaxe":125,"stat.mineBlock.ferdinandsflowers.block_cff_fungus":5,"stat.pickup.minecraft.reeds":46,"stat.useItem.customnpcs.npcwand":5,"stat.pickup.chococraft.chocobo_saddle":1,"stat.drop.thebetweenlands.rotten_food":9,"stat.craftItem.minecraft.glass":395,"stat.killEntity.bound_soul":15,"stat.sleepInBed":37,"stat.killEntity.Cow":3,"stat.killEntity.Pig":19,"stat.craftItem.minecraft.iron_sword":1,"stat.craftItem.cfm.white_fence":18,"stat.walkOneCm":3775452,"stat.pickup.cannibalism.playerfleshcooked":66,"stat.pickup.of.coffee_bean":15,"stat.pickup.minecraft.clay_ball":24,"stat.useItem.advanced-fishing.blazing_fishing_pole":1,"stat.killEntity.piranha":29,"stat.pickup.treasure2.spider_lock":1,"stat.pickup.extrautils2.minichest":7,"stat.pickup.chisel.carpet_purple":3,"stat.pickup.of.sink":1,"stat.mineBlock.chisel.basalt2":1,"stat.pickup.minecraft.stone":138,"stat.mineBlock.minecraft.wool":2,"stat.pickup.treasure2.stone_lock":4,"stat.pickup.minecraft.gold_ingot":3,"stat.drop.chococraft.gysahl_green_seeds":2,"stat.killEntity.Skeleton":13,"stat.pickup.thebetweenlands.dentrothyst_shard_orange":1,"stat.killEntity.wild_dog":13,"stat.killEntity.magma_monster_grunt":4,"stat.mineBlock.minecraft.cactus":4,"stat.pickup.harvestcraft.amaranthitem":1,"stat.killEntity.Spider":13,"stat.pickup.variedcommodities.coin_iron":11,"stat.useItem.minecraftfuture.lantern":7,"stat.useItem.harvestcraft.ryeitem":3,"stat.useItem.netherex.withered_amedian_sword":11,"stat.entityKilledBy.thebetweenlands.smoll_sludge":3,"stat.mineBlock.minecraft.redstone_ore":38,"stat.mineBlock.chisel.planks-oak":5,"stat.drop.minecraft.beef":1,"stat.mineBlock.minecraft.stone":1261}