{"stat.useItem.chiselsandbits.chiseled_wood":58,"stat.useItem.harvestcraft.huckleberryitem":2,"stat.leaveGame":24,"stat.useItem.variedcommodities.demonic_broadsword":7,"stat.pickup.harvestcraft.huckleberryitem":5,"stat.pickup.thebetweenlands.tar_solid_slab":2,"stat.pickup.rustic.chain":2,"stat.drop.variedcommodities.coin_iron":1,"stat.useItem.minecraft.planks":7,"stat.useItem.malisisdoors.wood_sliding_door":2,"stat.pickup.minecraft.porkchop":6,"stat.useItem.extrautils2.goldenlasso":4,"stat.pickup.customnpcs.npcwand":2,"stat.useItem.minecraft.water_bucket":39,"stat.pickup.minecraft.rotten_flesh":7,"stat.useItem.minecraft.diamond_hoe":755,"stat.drop.extrautils2.snowglobe":1,"stat.pickup.minecraft.sand":1,"stat.useItem.minecraft.golden_sword":15,"stat.craftItem.minecraft.stone_axe":1,"stat.killEntity.Enderman":1,"stat.pickup.variedcommodities.coin_diamond":4,"stat.drop.casinocraft.module_baccarat":12,"stat.useItem.minecraft.ender_pearl":84,"stat.pickup.magneticraft.ores":12,"stat.pickup.mowziesmobs.barakoa_mask_misery":1,"stat.pickup.modernlamps.wall_light_02":1,"stat.pickup.modernlamps.wall_light_01":1,"stat.killEntity.Witch":1,"stat.pickup.casinocraft.cardtable_wide_green":1,"stat.useItem.rustic.fluid_bottle":1,"stat.hopperInspected":2,"stat.pickup.harvestcraft.rootbeerfloatitem":4,"stat.drop.minecraft.diamond":1,"stat.useItem.minecraft.spawn_egg":15,"stat.craftItem.minecraft.wooden_pickaxe":1,"stat.useItem.minecraft.iron_shovel":367,"stat.pickup.chiselsandbits.chiseled_glass":1,"stat.mineBlock.chisel.marble2":72,"stat.pickup.rustic.wildberries":2,"stat.furnaceInteraction":1,"stat.craftItem.magneticraft.stone_hammer":1,"stat.useItem.minecraft.dark_oak_stairs":4,"stat.pickup.harvestcraft.spinachitem":6,"stat.pickup.variedcommodities.coin_emerald":1,"stat.pickup.minecraft.nether_brick":1,"stat.pickup.minecraft.beef":11,"stat.pickup.zawa.large_meat_raw":4,"stat.useItem.rustic.wildberries":1,"stat.drop.harvestcraft.queenbeeitem":1,"stat.drop.extrautils2.itemcreativedestructionwand":1,"stat.pickup.minecraft.stone_stairs":1,"stat.useItem.minecraft.flint_and_steel":3,"stat.useItem.minecraft.wheat_seeds":101,"stat.useItem.minecraft.lingering_potion":2,"stat.pickup.minecraft.emerald":56,"stat.useItem.netherex.frosted_amedian_sword":4,"stat.deaths":6,"stat.pickup.zawa.fur":4,"stat.playOneMinute":1136799,"stat.pickup.ferdinandsflowers.block_cff_flowers":3,"stat.useItem.chisel.planks-oak":388,"stat.pickup.zawa.care_guide":1,"stat.pickup.chisel.marble2":72,"stat.mineBlock.minecraft.tallgrass":7,"stat.pickup.harvestcraft.cottonitem":16,"stat.chestOpened":4,"stat.pickup.zawa.ivory_tusk":3,"stat.useItem.minecraft.splash_potion":3,"stat.recordPlayed":6,"stat.useItem.malisisdoors.rustyhatch":13,"stat.useItem.minecraft.stone":3,"stat.drop.chisel.planks-oak":2,"stat.pickup.thebetweenlands.waterlogged":1,"stat.mineBlock.rustic.slate":1,"stat.mineBlock.magneticraft.limestone":1,"stat.fallOneCm":40726,"stat.drop.minecraft.stone":1,"stat.pickup.of.candle":1,"stat.drop.minecraft.dye":3,"stat.pickup.modernlamps.ceiling_neon_lamp":1,"stat.crouchOneCm":80980,"stat.pickup.harvestcraft.caulifloweritem":3,"stat.useItem.microblockcbe.microblock":66,"stat.pickup.variedcommodities.diamond_skirt":1,"stat.pickup.minecraft.red_mushroom":2,"stat.craftingTableInteraction":69,"stat.useItem.dragonmounts.terra2_dragon_sword":1,"stat.dropperInspected":2,"stat.mineBlock.minecraft.log2":13,"stat.pickup.variedcommodities.soldier_bottom":1,"stat.pickup.minecraft.dye":64,"stat.pickup.minecraft.planks":32,"stat.pickup.minecraft.wheat_seeds":134,"stat.drop.harvestcraft.rootbeerfloatitem":6,"stat.useItem.harvestcraft.rutabagaitem":3,"stat.killEntity.strawgolem":1,"stat.useItem.minecraft.stone_pickaxe":144,"stat.pickup.zawa.bush_meat_raw":1,"stat.mineBlock.minecraft.dirt":2,"stat.useItem.zawa.american_bison":2,"stat.pickup.minecraft.record_13":1,"stat.useItem.minecraft.torch":2,"stat.pickup.malisisdoors.wood_sliding_door":2,"stat.useItem.camera.image_frame":2,"stat.pickup.variedcommodities.soldier_legs":1,"stat.useItem.minecraft.log":1,"stat.pickup.minecraft.crafting_table":3,"stat.craftItem.minecraft.crafting_table":2,"stat.useItem.thebetweenlands.gallery_frame_very_large":8,"stat.drop.thebetweenlands.wisp":1,"stat.pickup.harvestcraft.peasitem":12,"stat.pickup.minecraft.log":574,"stat.useItem.thebetweenlands.wisp":9,"stat.pickup.casinocraft.module_baccarat":5,"stat.pickup.modernlamps.wall_neon":1,"stat.pickup.minecraft.wooden_door":7,"stat.pickup.minecraft.banner":2,"stat.useItem.minecraft.iron_sword":15,"stat.craftItem.minecraft.planks":32,"stat.pickup.camera.image_frame":4,"stat.pickup.cannibalism.playerflesh":40,"stat.pickup.harvestcraft.rutabagaitem":3,"stat.useItem.harvestcraft.raspberryitem":5,"stat.useItem.minecraft.stonebrick":52,"stat.mineBlock.minecraft.log":13,"stat.pickup.hempfarmer.lime_raw_hemp":7,"stat.pickup.ferdinandsflowers.block_cff_doublesb":6,"stat.sneakTime":29775,"stat.pickup.rustic.chili_pepper_seeds":5,"stat.pickup.minecraft.wool":1,"stat.pickup.ferdinandsflowers.block_cff_flowersd":2,"stat.pickup.ferdinandsflowers.block_cff_flowerse":5,"stat.drop.variedcommodities.coin_emerald":17,"stat.pickup.ferdinandsflowers.block_cff_flowersc":3,"stat.drop.minecraft.stone_pickaxe":1,"stat.mineBlock.minecraft.cobblestone":11,"stat.pickup.chisel.planks-oak":2,"stat.useItem.netherex.blazed_amedian_axe":8,"stat.useItem.minecraft.diamond_sword":20,"stat.swimOneCm":43138,"stat.pickup.variedcommodities.soldier_chest":2,"stat.climbOneCm":5575,"stat.pickup.magneticraft.limestone":1,"stat.drop.minecraft.cobblestone":1,"stat.pickup.minecraft.cooked_porkchop":768,"stat.pickup.harvestcraft.creepercookieitem":1,"stat.enderchestOpened":1,"stat.useItem.minecraft.dirt":71,"stat.useItem.minecraft.stone_slab2":14081,"stat.pickup.animalium.bear_claw_paxel":1,"stat.drop.variedcommodities.coin_diamond":13,"stat.drop.cfm.item_knife":1,"stat.pickup.harvestcraft.broccoliitem":4,"stat.pickup.camera.image":3,"stat.craftItem.minecraft.stone_pickaxe":3,"stat.useItem.variedcommodities.demonic_sword":3,"stat.pickup.minecraft.record_chirp":3,"stat.pickup.minecraft.cobblestone":24,"stat.flyOneCm":5356532,"stat.pickup.zawa.zebra_leather":1,"stat.pickup.zawa.rhino_hide":2,"stat.pickup.rustic.slate":1,"stat.mineBlock.minecraft.iron_ore":7,"stat.timeSinceDeath":119421,"stat.pickup.chococraft.lovely_gysahl_green":2,"stat.useItem.minecraft.wooden_slab":14,"stat.useItem.chiselsandbits.chiseled_glass":15,"stat.pickup.minecraft.dark_oak_door":9,"stat.pickup.minecraft.stonebrick":3,"stat.pickup.minecraft.diamond_shovel":1,"stat.mineBlock.minecraft.coal_ore":28,"stat.pickup.chococraft.chocobo_feather":1,"stat.pickup.cfm.item_knife":1,"stat.useItem.rustic.log":1,"stat.useItem.zawa.powder_grate":6,"stat.killEntity.Creeper":5,"stat.talkedToVillager":37,"stat.drop.customnpcs.npcwand":1,"stat.pickup.tombstone.crafting_ingredient":2,"stat.pickup.ferdinandsflowers.block_cff_dark":1,"stat.pickup.treasure2.spider_chest":1,"stat.sprintOneCm":1065718,"stat.useItem.minecraft.diamond_shovel":714,"stat.craftItem.minecraft.stick":16,"stat.useItem.minecraft.stone_slab":17,"stat.pickup.cfm.crate":3,"stat.useItem.casinocraft.cardtable_wide_green":3,"stat.useItem.minecraft.snowball":5,"stat.pickup.minecraft.grass":1,"stat.mineBlock.minecraft.crafting_table":3,"stat.pickup.cfm.door_bell":18,"stat.mineBlock.treasure2.wither_log_soul":1,"stat.killEntity.Endermite":2,"stat.pickup.harvestcraft.quinoaitem":8,"stat.useItem.minecraft.wheat":67,"stat.useItem.minecraft.wooden_shovel":5,"stat.pickup.chococraft.gysahl_green_seeds":50,"stat.useItem.extrautils2.itembuilderswand":23,"stat.pickup.minecraft.spawn_egg":3,"stat.drop":81,"stat.pickup.minecraft.stone_button":1,"stat.useItem.minecraft.banner":7,"stat.killEntity.Zombie":7,"stat.pickup.harvestcraft.coffeeitem":1,"stat.pickup.minecraft.snowball":8,"stat.diveOneCm":88340,"stat.pickup.minecraft.wheat":148,"stat.pickup.zawa.powder_grate":1,"stat.pickup.rustic.wildberry_bush":2,"stat.pickup.of.cabinet_spruce":1,"stat.pickup.malisisblocks.player_sensor":3,"stat.pickup.casinocraft.arcade_base_red":1,"stat.pickup.harvestcraft.ryeitem":4,"stat.pickup.harvestcraft.kohlrabiitem":5,"stat.jump":7700,"stat.pickup.minecraft.coal":28,"stat.pickup.minecraft.iron_ingot":3,"stat.pickup.hempfarmer.seeds_sativa":1,"stat.pickup.minecraftfuture.lantern":2,"stat.useItem.minecraft.stone_axe":34,"stat.pickup.minecraft.gunpowder":6,"stat.useItem.extrautils2.luxsaber":5,"stat.useItem.cfm.tv_remote":3,"stat.craftItem.minecraft.torch":4,"stat.pickup.minecraft.dirt":12,"stat.useItem.minecraft.stone_button":1,"stat.mineBlock.harvestcraft.frostgarden":32,"stat.drop.of.coffee_bean":1,"stat.pickup.minecraft.iron_ore":7,"stat.pickup.leatherworks.rawhide_pig":1,"stat.pickup.rustic.log":608,"stat.pickup.leatherworks.rawhide_cow":4,"stat.pickup.rustic.tomato_seeds":4,"stat.pickup.minecraft.cookie":6,"stat.mineBlock.minecraft.stone_stairs":1,"stat.damageTaken":1913,"stat.useItem.chisel.carpet_purple":122,"stat.mineBlock.minecraft.torch":2,"stat.useItem.minecraft.wooden_pickaxe":9,"stat.pickup.minecraft.log2":26,"stat.pickup.minecraft.reeds":6,"stat.useItem.customnpcs.npcwand":5,"stat.pickup.minecraft.bed":1,"stat.pickup.opframe.opframe":1,"stat.pickup.cannibalism.stoneknife":1,"stat.pickup.minecraft.stained_glass":1,"stat.damageDealt":12850,"stat.pickup.variedcommodities.coin_gold":8,"stat.sleepInBed":2,"stat.pickup.chococraft.gysahl_green":10,"stat.pickup.harvestcraft.oatsitem":6,"stat.killEntity.Cow":3,"stat.killEntity.Pig":2,"stat.mineBlock.magneticraft.ores":12,"stat.drop.variedcommodities.coin_gold":1,"stat.walkOneCm":2226003,"stat.pickup.of.coffee_bean":2,"stat.drop.minecraft.wheat":14,"stat.pickup.minecraft.stick":60,"stat.pickup.harvestcraft.cabbageitem":16,"stat.pickup.minecraft.clay_ball":24,"stat.pickup.zawa.elephant_leather":5,"stat.killEntity.piranha":1,"stat.pickup.chisel.carpet_purple":3,"stat.pickup.harvestcraft.celeryitem":7,"stat.useItem.minecraft.item_frame":2,"stat.pickup.minecraft.stone":1,"stat.useItem.dragonmounts.moonlight_dragon_sword":10,"stat.pickup.minecraft.ender_pearl":1,"stat.pickup.minecraft.ladder":1,"stat.pickup.minecraft.cooked_beef":536,"stat.pickup.minecraft.gold_ingot":2,"stat.pickup.zawa.atv":3,"vending:stat.vendingMachinesOpened":8,"stat.mineBlock.minecraft.stonebrick":1,"stat.pickup.harvestcraft.queenbeeitem":1,"stat.killEntity.Spider":1,"stat.pickup.variedcommodities.coin_iron":11,"stat.mobKills":41,"stat.useItem.minecraftfuture.lantern":7,"stat.useItem.thebetweenlands.tar_solid_slab":143,"stat.pickup.mowziesmobs.barakoa_mask_bliss":1,"stat.useItem.minecraft.golden_apple":11,"stat.useItem.netherex.withered_amedian_sword":11,"stat.pickup.minecraft.diamond":10,"stat.mineBlock.minecraft.leaves":8,"stat.useItem.minecraft.writable_book":4,"stat.pickup.harvestcraft.raspberryitem":7,"stat.pickup.minecraft.torch":2,"stat.drop.minecraft.beef":1,"stat.pickup.harvestcraft.beetitem":6,"stat.mineBlock.minecraft.stone":11}