{"stat.useItem.chiselsandbits.chiseled_wood":58,"stat.useItem.minecraft.bow":3,"stat.drop.ferdinandsflowers.block_cff_doubles":1,"stat.leaveGame":44,"stat.pickup.extrautils2.redorchid":1,"stat.pickup.harvestcraft.huckleberryitem":15,"stat.mineBlock.rustic.leaves":161,"stat.pickup.thebetweenlands.tar_solid_slab":2,"stat.mineBlock.minecraft.sandstone":7,"stat.pickup.rustic.chain":2,"stat.drop.variedcommodities.coin_iron":1,"stat.mineBlock.harvestcraft.beehive":1,"stat.useItem.malisisdoors.wood_sliding_door":2,"stat.mineBlock.treasure2.gravestone2_polished_diorite":1,"stat.mineBlock.ferdinandsflowers.block_cff_desert":2,"stat.useItem.extrautils2.goldenlasso":4,"stat.killEntity.nightmares.spider":4,"stat.pickup.customnpcs.npcwand":2,"stat.pickup.minecraft.rotten_flesh":24,"stat.useItem.minecraft.diamond_hoe":755,"stat.useItem.chisel.marble":213,"stat.craftItem.minecraft.stone_axe":2,"stat.pickup.animalium.wild_dog_pelt":2,"stat.useItem.cfm.white_fence":5,"stat.pickup.minecraft.bucket":1,"stat.killEntity.Enderman":4,"stat.pickup.variedcommodities.coin_diamond":4,"stat.craftItem.minecraft.iron_shovel":2,"stat.killEntity.Witch":3,"stat.mineBlock.rustic.log":22,"stat.pickup.casinocraft.cardtable_wide_green":1,"stat.pickup.chisel.chisel_iron":1,"stat.drop.harvestcraft.caulifloweritem":2,"stat.useItem.zawa.carnivore_meat_cooked":2,"stat.pickup.treasure2.gravestone2_polished_diorite":1,"stat.useItem.minecraft.iron_pickaxe":501,"stat.craftItem.minecraft.wooden_pickaxe":2,"stat.useItem.minecraft.iron_shovel":1487,"stat.craftItem.minecraft.bed":1,"stat.pickup.treasure2.gold_lock":3,"stat.useItem.harvestcraft.peasitem":1,"stat.pickup.chiselsandbits.chiseled_glass":1,"stat.useItem.harvestcraft.quinoaitem":1,"stat.mineBlock.chisel.marble2":229,"stat.pickup.minecraft.melon_block":3,"stat.pickup.rustic.wildberries":3,"stat.furnaceInteraction":160,"stat.drop.minecraft.gravel":4,"stat.killEntity.ZombieVillager":4,"stat.mineBlock.traverse.fir_log":2,"stat.pickup.variedcommodities.coin_emerald":1,"stat.pickup.extrautils2.enderlilly":1,"stat.pickup.minecraft.nether_brick":1,"stat.useItem.zawa.ball":14,"stat.craftItem.chiselsandbits.wrench_wood":1,"stat.pickup.minecraft.beef":13,"stat.pickup.zawa.large_meat_raw":6,"stat.useItem.advanced-fishing.fish":1,"stat.useItem.rustic.wildberries":3,"stat.pickup.mca.rose_gold_ore":5,"stat.drop.extrautils2.itemcreativedestructionwand":1,"stat.useItem.minecraft.flint_and_steel":3,"stat.useItem.minecraft.wheat_seeds":101,"stat.craftItem.zawa.carnivore_meat_cooked":2,"stat.drop.harvestcraft.freshwateritem":1,"stat.pickup.rustic.olives":28,"stat.useItem.minecraft.lingering_potion":2,"stat.pickup.minecraft.emerald":56,"stat.useItem.netherex.frosted_amedian_sword":4,"stat.drop.treasure2.stone_lock":1,"stat.deaths":33,"stat.pickup.minecraft.bowl":1,"stat.pickup.zawa.fur":4,"stat.craftItem.ferdinandsflowers.flower_dye":3,"stat.craftItem.minecraft.iron_pickaxe":1,"stat.pickup.ferdinandsflowers.block_cff_flowers":6,"stat.useItem.chisel.planks-oak":388,"stat.pickup.minecraft.glass_pane":1,"stat.pickup.zawa.care_guide":1,"stat.pickup.chisel.marble2":227,"stat.mineBlock.minecraft.tallgrass":328,"stat.fishCaught":10,"stat.chestOpened":184,"stat.useItem.minecraft.splash_potion":3,"stat.mineBlock.chisel.planks-birch":20,"stat.useItem.malisisdoors.rustyhatch":13,"stat.useItem.minecraft.stone":12,"stat.pickup.minecraft.arrow":5,"stat.drop.harvestcraft.oatsitem":1,"stat.pickup.thebetweenlands.waterlogged":1,"stat.craftItem.hempfarmer.hemp_paper":2,"stat.killEntity.nightmares.hag":1,"stat.mineBlock.magneticraft.limestone":68,"stat.pickup.zawa.tiger_fur":2,"stat.pickup.chisel.basalt2":2,"stat.pickup.minecraft.carrot":10,"stat.pickup.modernlamps.ceiling_neon_lamp":1,"stat.crouchOneCm":120470,"stat.mineBlock.minecraft.chest":1,"stat.useItem.microblockcbe.microblock":66,"stat.craftItem.minecraft.iron_ingot":132,"stat.pickup.ferdinandsflowers.block_cff_desert":1,"stat.craftingTableInteraction":165,"stat.useItem.dragonmounts.terra2_dragon_sword":1,"stat.craftItem.cannibalism.playerfleshcooked":115,"stat.mineBlock.minecraft.log2":14,"stat.pickup.minecraft.wooden_pickaxe":1,"stat.pickup.minecraft.dye":189,"stat.pickup.minecraft.planks":35,"stat.pickup.chisel.limestone2":262,"stat.pickup.minecraft.wheat_seeds":147,"stat.pickup.treasure2.ironbound_chest":1,"stat.drop.harvestcraft.rootbeerfloatitem":6,"stat.useItem.harvestcraft.rutabagaitem":5,"stat.mineBlock.minecraft.glass":1,"stat.pickup.zawa.bush_meat_raw":2,"stat.useItem.harvestcraft.spinachitem":1,"stat.mineBlock.minecraft.dirt":560,"stat.useItem.minecraft.bread":9,"stat.mineBlock.ferdinandsflowers.block_cff_flowers":3,"stat.useItem.zawa.reptile_meat_raw":1,"stat.useItem.minecraft.cobblestone":83,"stat.useItem.minecraft.gravel":15,"stat.mineBlock.minecraft.double_plant":1,"stat.useItem.thebetweenlands.gallery_frame_very_large":8,"stat.pickup.harvestcraft.peasitem":19,"stat.mineBlock.zawa.bamboo":10,"stat.pickup.chisel.glasspane":1,"stat.pickup.casinocraft.module_baccarat":5,"stat.useItem.harvestcraft.cabbageitem":3,"stat.pickup.modernlamps.wall_neon":1,"stat.craftItem.chisel.chisel_iron":2,"stat.pickup.minecraft.banner":2,"stat.useItem.harvestcraft.caulifloweritem":1,"stat.craftItem.minecraft.bucket":2,"stat.useItem.minecraft.iron_sword":81,"stat.craftItem.minecraft.planks":136,"stat.pickup.cannibalism.playerflesh":148,"stat.craftItem.minecraft.fishing_rod":1,"stat.useItem.harvestcraft.raspberryitem":8,"stat.useItem.minecraft.stonebrick":52,"stat.mineBlock.minecraft.log":51,"stat.mineBlock.minecraft.waterlily":9,"stat.pickup.ferdinandsflowers.block_cff_doublesb":9,"stat.pickup.minecraft.wool":15,"stat.useItem.minecraft.iron_axe":260,"stat.mineBlock.minecraft.cobblestone":74,"stat.mineBlock.minecraft.pumpkin":6,"stat.pickup.minecraft.stone_pickaxe":1,"stat.pickup.minecraft.flint":7,"stat.craftItem.tombstone.grave_key":3,"stat.useItem.chiselsandbits.block_bit":8,"stat.mineBlock.minecraft.concrete":80,"stat.craftItem.minecraft.wool":2,"stat.mineBlock.treasure2.ironbound_chest":1,"stat.useItem.minecraft.concrete_powder":78,"stat.pickup.magneticraft.limestone":133,"stat.pickup.minecraft.enchanted_book":1,"stat.craftItem.minecraft.saddle":1,"stat.drop.minecraft.cobblestone":5,"stat.pickup.minecraft.cooked_porkchop":768,"stat.entityKilledBy.magma_monster":1,"stat.pickup.harvestcraft.creepercookieitem":1,"stat.mineBlock.chisel.marble":41,"stat.useItem.minecraft.stone_slab2":14659,"stat.pickup.minecraft.bow":1,"stat.craftItem.minecraft.furnace":3,"stat.drop.harvestcraft.rutabagaitem":2,"stat.pickup.harvestcraft.broccoliitem":17,"stat.pickup.treasure2.wither_log":1,"stat.craftItem.minecraft.cooked_beef":2,"stat.useItem.variedcommodities.demonic_sword":3,"stat.pickup.minecraft.record_chirp":3,"stat.pickup.ferdinandsflowers.block_cff_fungus":2,"stat.flyOneCm":8171129,"stat.pickup.zawa.zebra_leather":2,"stat.pickup.minecraft.sandstone":29,"stat.pickup.rustic.honeycomb":4,"stat.pickup.zawa.rhino_hide":2,"stat.pickup.minecraft.fish":5,"stat.pickup.rustic.slate":2,"stat.pickup.chisel.limestone":1,"stat.timeSinceDeath":25849,"stat.craftItem.rustic.planks":88,"stat.pickup.chococraft.lovely_gysahl_green":2,"stat.useItem.minecraft.wooden_slab":14,"stat.pickup.chiselsandbits.block_bit":8345,"stat.pickup.hempfarmer.leaf":1,"stat.mineBlock.chisel.limestone":1,"stat.useItem.chiselsandbits.chiseled_glass":15,"stat.drop.treasure2.gold_lock":1,"stat.craftItem.minecraft.concrete_powder":80,"stat.mineBlock.minecraft.coal_ore":109,"stat.pickup.cfm.item_knife":1,"stat.useItem.rustic.log":1,"stat.killEntity.Creeper":9,"stat.talkedToVillager":60,"stat.pickup.extrautils2.ingredients":5,"stat.pickup.minecraft.string":3,"stat.pickup.comforts.sleeping_bag":6,"stat.pickup.tombstone.crafting_ingredient":9,"stat.entityKilledBy.Skeleton":2,"stat.drop.hempfarmer.regs_joint":1,"stat.pickup.zawa.reptile_meat_raw":1,"stat.sprintOneCm":2221628,"stat.useItem.minecraft.diamond_shovel":714,"stat.entityKilledBy.magma_monster_grunt":1,"stat.useItem.harvestcraft.cottonitem":3,"stat.useItem.casinocraft.cardtable_wide_green":3,"stat.useItem.minecraft.snowball":5,"stat.craftItem.chococraft.chocobo_saddle":1,"stat.mineBlock.minecraft.diamond_ore":2,"stat.pickup.cfm.door_bell":18,"stat.mineBlock.treasure2.wither_log_soul":2,"stat.pickup.harvestcraft.quinoaitem":21,"stat.pickup.advanced-fishing.fish":10,"stat.pickup.minecraft.spawn_egg":3,"stat.pickup.harvestcraft.cassavaitem":1,"stat.useItem.minecraft.banner":7,"stat.drop.tombstone.grave_key":1,"stat.pickup.tombstone.grave_key":1,"stat.killEntity.Zombie":26,"stat.pickup.harvestcraft.coffeeitem":1,"stat.pickup.minecraft.snowball":8,"stat.craftItem.minecraft.dye":19,"stat.killEntity.cactusmod:cactuscow":3,"stat.mineBlock.minecraft.gold_ore":8,"stat.diveOneCm":216112,"stat.pickup.minecraft.wheat":148,"stat.pickup.zawa.powder_grate":1,"stat.pickup.casinocraft.arcade_base_red":1,"stat.mineBlock.ferdinandsflowers.block_cff_flowersc":6,"stat.mineBlock.ferdinandsflowers.block_cff_flowersb":2,"stat.mineBlock.ferdinandsflowers.block_cff_flowerse":2,"stat.pickup.minecraft.stone_axe":1,"stat.mineBlock.ferdinandsflowers.block_cff_flowersd":2,"stat.pickup.minecraft.obsidian":4,"stat.pickup.harvestcraft.ryeitem":14,"stat.craftItem.minecraft.diamond_sword":1,"stat.drop.minecraft.sandstone":14,"stat.jump":19217,"stat.useItem.minecraft.sand":18,"stat.pickup.minecraft.coal":114,"stat.pickup.minecraft.iron_ingot":4,"stat.pickup.minecraft.gunpowder":12,"stat.pickup.zawa.ball":8,"stat.craftItem.minecraft.torch":4,"stat.pickup.minecraft.dirt":635,"stat.craftItem.comforts.sleeping_bag":2,"stat.drop.of.coffee_bean":6,"stat.pickup.leatherworks.rawhide_pig":2,"stat.useItem.minecraft.glass":1,"stat.pickup.rustic.log":630,"stat.pickup.leatherworks.rawhide_cow":4,"stat.useItem.minecraft.sapling":2,"stat.pickup.minecraft.gold_ore":8,"stat.mineBlock.minecraft.lapis_ore":19,"stat.pickup.rustic.wind_thistle":2,"stat.pickup.minecraft.cookie":6,"stat.pickup.minecraft.iron_axe":4,"stat.mineBlock.harvestcraft.aridgarden":1,"stat.mineBlock.minecraft.glass_pane":1,"stat.damageTaken":16093,"stat.useItem.chisel.carpet_purple":122,"stat.mineBlock.minecraft.torch":23,"stat.mineBlock.minecraft.melon_block":3,"stat.tradedWithVillager":13,"stat.mineBlock.minecraft.sapling":1,"stat.pickup.minecraft.magma_cream":3,"stat.pickup.minecraft.log2":35,"stat.pickup.treasure2.gravestone3_cobblestone":1,"stat.pickup.minecraft.bed":4,"stat.pickup.opframe.opframe":1,"stat.pickup.minecraft.concrete":80,"stat.useItem.chisel.glass":262,"stat.entityKilledBy.Zombie":1,"stat.pickup.cannibalism.stoneknife":1,"stat.useItem.cannibalism.playerfleshcooked":98,"stat.pickup.variedcommodities.coin_gold":8,"stat.pickup.chococraft.gysahl_green":10,"stat.pickup.harvestcraft.oatsitem":14,"stat.mineBlock.magneticraft.ores":14,"stat.useItem.minecraft.chest":3,"stat.drop.minecraft.wheat":14,"stat.drop.hempfarmer.indica_joint":1,"stat.killEntity.magma_monster":8,"stat.craftItem.chiselsandbits.chisel_iron":1,"stat.pickup.harvestcraft.celeryitem":11,"stat.pickup.traverse.fir_log":2,"stat.useItem.minecraft.item_frame":2,"stat.pickup.minecraft.ender_pearl":3,"stat.useItem.zawa.large_meat_cooked":2,"stat.pickup.minecraft.ladder":1,"stat.pickup.minecraft.cooked_beef":536,"stat.useItem.minecraft.concrete":78,"stat.craftItem.travelersbackpack.sleeping_bag_bottom":1,"stat.pickup.treasure2.thiefs_lock_pick":1,"stat.mineBlock.minecraft.stonebrick":2,"stat.useItem.chisel.planks-birch":19,"stat.pickup.ferdinandsflowers.block_cff_doubles":3,"stat.drop.minecraft.cookie":2,"stat.pickup.harvestcraft.queenbeeitem":2,"stat.useItem.harvestcraft.celeryitem":1,"stat.mineBlock.extrautils2.minichest":7,"stat.mobKills":131,"stat.pickup.ferdinandsflowers.flower_dye":1,"stat.craftItem.minecraft.shears":1,"stat.pickup.minecraft.diamond":15,"stat.useItem.minecraft.writable_book":4,"stat.pickup.harvestcraft.raspberryitem":23,"stat.pickup.minecraft.torch":39,"stat.useItem.harvestcraft.kohlrabiitem":3,"stat.useItem.extrautils2.minichest":7,"stat.pickup.harvestcraft.beetitem":13,"stat.mineBlock.rustic.wind_thistle":2,"stat.useItem.harvestcraft.huckleberryitem":4,"stat.pickup.minecraft.deadbush":1,"stat.useItem.variedcommodities.demonic_broadsword":7,"stat.craftItem.minecraft.iron_axe":1,"stat.mineBlock.treasure2.gravestone3_cobblestone":1,"stat.pickup.minecraft.fishing_rod":2,"stat.useItem.minecraft.planks":10,"stat.drop.minecraft.bowl":2,"stat.pickup.minecraft.porkchop":10,"stat.pickup.minecraft.blaze_powder":3,"stat.mineBlock.of.sink":1,"stat.useItem.minecraft.water_bucket":119,"stat.drop.travelersbackpack.travelers_backpack":1,"stat.drop.extrautils2.snowglobe":1,"stat.pickup.minecraft.sand":528,"stat.useItem.minecraft.golden_sword":27,"stat.mineBlock.rustic.beehive":1,"stat.pickup.minecraft.name_tag":2,"stat.drop.casinocraft.module_baccarat":12,"stat.useItem.minecraft.ender_pearl":84,"stat.pickup.magneticraft.ores":15,"stat.pickup.mowziesmobs.barakoa_mask_misery":1,"stat.pickup.minecraft.chainmail_chestplate":3,"stat.pickup.modernlamps.wall_light_02":1,"stat.pickup.modernlamps.wall_light_01":1,"stat.mineBlock.minecraft.sand":485,"stat.pickup.hempfarmer.seeds_hemp":20,"stat.craftItem.hempfarmer.indica_joint":5,"stat.useItem.rustic.fluid_bottle":1,"stat.pickup.treasure2.iron_lock":4,"stat.drop.zawa.zebra_leather":1,"stat.hopperInspected":2,"stat.pickup.harvestcraft.rootbeerfloatitem":4,"stat.drop.minecraft.diamond":1,"stat.useItem.minecraft.spawn_egg":15,"stat.craftItem.magneticraft.stone_hammer":1,"stat.useItem.minecraft.dark_oak_stairs":4,"stat.pickup.harvestcraft.spinachitem":17,"stat.useItem.rustic.ginseng":20,"stat.drop.securitycraft.mine":1,"stat.pickup.minecraft.furnace":4,"stat.mineBlock.harvestcraft.windygarden":2,"stat.craftItem.zawa.thick_fur":6,"stat.craftItem.travelersbackpack.travelers_backpack":2,"stat.drop.minecraft.fishing_rod":1,"stat.pickup.minecraft.iron_chestplate":1,"stat.drop.harvestcraft.queenbeeitem":1,"stat.pickup.minecraft.stone_stairs":1,"stat.pickup.treasure2.wood_chest":2,"stat.useItem.chisel.limestone":129,"stat.pickup.chiselsandbits.chiseled_rock":3,"stat.craftItem.minecraft.heavy_weighted_pressure_plate":1,"stat.playOneMinute":1651116,"stat.pickup.hempfarmer.violet_raw_hemp":18,"stat.pickup.hempfarmer.seeds_indica":39,"stat.craftItem.securitycraft.keypad_item":1,"stat.pickup.harvestcraft.cottonitem":26,"stat.pickup.treasure2.treasure_tool":3,"stat.pickup.zawa.ivory_tusk":5,"stat.pickup.minecraft.pumpkin":6,"stat.pickup.harvestcraft.tomatoitem":2,"stat.recordPlayed":6,"stat.useItem.minecraft.fish":1,"stat.pickup.hempfarmer.bud":7,"stat.craftItem.treasure2.wither_planks":4,"stat.pickup.minecraft.waterlily":7,"stat.drop.chisel.planks-oak":2,"stat.useItem.magneticraft.limestone":63,"stat.mineBlock.rustic.slate":5,"stat.drop.ferdinandsflowers.block_cff_flowersd":1,"stat.fallOneCm":387355,"stat.drop.minecraft.stone":2,"stat.pickup.of.candle":1,"stat.drop.minecraft.dye":3,"stat.craftItem.tombstone.dark_marble":3,"stat.pickup.harvestcraft.caulifloweritem":18,"stat.craftItem.minecraft.chest":6,"stat.pickup.variedcommodities.diamond_skirt":1,"stat.pickup.minecraft.red_mushroom":2,"stat.dropperInspected":2,"stat.craftItem.harvestcraft.freshwateritem":352,"stat.craftItem.treasure2.treasure_tool":1,"stat.pickup.minecraft.feather":2,"stat.craftItem.zawa.ball":22,"stat.pickup.variedcommodities.soldier_bottom":1,"stat.killEntity.strawgolem":1,"stat.mineBlock.minecraft.gravel":96,"stat.useItem.minecraft.stone_pickaxe":271,"stat.mineBlock.ferdinandsflowers.block_cff_doubles":2,"stat.useItem.zawa.american_bison":2,"stat.drop.minecraft.reeds":13,"stat.craftItem.minecraft.leather":9,"stat.craftItem.securitycraft.dirt_mine":1,"stat.pickup.minecraft.record_13":1,"stat.useItem.minecraft.torch":10,"stat.pickup.rustic.bee":2,"stat.mineBlock.ferdinandsflowers.block_cff_dark":2,"stat.pickup.malisisdoors.wood_sliding_door":2,"stat.useItem.camera.image_frame":2,"stat.pickup.variedcommodities.soldier_legs":1,"stat.useItem.minecraft.log":1,"stat.pickup.minecraft.crafting_table":8,"stat.craftItem.minecraft.crafting_table":3,"stat.mineBlock.treasure2.wood_chest":2,"stat.drop.thebetweenlands.wisp":1,"stat.pickup.minecraft.iron_hoe":1,"stat.pickup.minecraft.log":593,"stat.craftItem.hempfarmer.rolling_paper":6,"stat.craftItem.zawa.large_meat_cooked":2,"stat.craftItem.minecraft.stone_button":9,"stat.useItem.thebetweenlands.wisp":9,"stat.pickup.zawa.bamboo":23,"stat.pickup.minecraft.sapling":5,"stat.mineBlock.chisel.glass":6,"stat.pickup.minecraft.wooden_door":7,"stat.useItem.cannibalism.playerflesh":17,"stat.craftItem.treasure2.thiefs_lock_pick":43,"stat.pickup.harvestcraft.freshwateritem":273,"stat.craftItem.hempfarmer.violet_dry_hemp":5,"stat.drop.harvestcraft.broccoliitem":2,"stat.pickup.minecraft.beetroot":2,"stat.pickup.camera.image_frame":4,"stat.pickup.harvestcraft.rutabagaitem":10,"stat.drop.comforts.sleeping_bag":1,"stat.pickup.hempfarmer.lime_raw_hemp":41,"stat.useItem.hempfarmer.regs_joint":3,"stat.sneakTime":44943,"stat.pickup.rustic.chili_pepper_seeds":16,"stat.drop.zawa.tiger_fur":2,"stat.drop.rustic.bee":1,"stat.pickup.ferdinandsflowers.block_cff_flowersd":5,"stat.pickup.ferdinandsflowers.block_cff_flowerse":7,"stat.drop.variedcommodities.coin_emerald":17,"stat.pickup.ferdinandsflowers.block_cff_flowersc":6,"stat.useItem.minecraft.fishing_rod":24,"stat.pickup.minecraft.chest":1,"stat.drop.minecraft.stone_pickaxe":2,"stat.pickup.minecraft.bone":7,"stat.pickup.chisel.planks-oak":2,"stat.drop.harvestcraft.ryeitem":4,"stat.useItem.netherex.blazed_amedian_axe":8,"stat.useItem.minecraft.diamond_sword":121,"stat.useItem.harvestcraft.cassavaitem":1,"stat.swimOneCm":134255,"stat.pickup.rustic.ginseng":21,"stat.pickup.variedcommodities.soldier_chest":2,"stat.climbOneCm":18232,"stat.craftItem.securitycraft.mine":3,"stat.pickup.chisel.marble":44,"stat.enderchestOpened":1,"stat.pickup.hempfarmer.regs_joint":3,"stat.useItem.minecraft.dirt":552,"stat.pickup.animalium.bear_claw_paxel":1,"stat.pickup.zawa.bird_meat":1,"stat.drop.variedcommodities.coin_diamond":13,"stat.useItem.rustic.slate":1,"stat.pickup.zawa.carnivore_meat_raw":2,"stat.drop.cfm.item_knife":1,"stat.pickup.camera.image":3,"stat.craftItem.minecraft.stone_pickaxe":3,"stat.pickup.minecraft.cobblestone":644,"stat.mineBlock.chisel.limestone2":200,"stat.pickup.minecraft.glass_bottle":1,"stat.useItem.chisel.limestone2":31,"stat.drop.minecraft.wheat_seeds":4,"stat.useItem.rustic.olives":3,"stat.useItem.minecraft.cooked_beef":2,"stat.pickup.minecraft.redstone":162,"stat.mineBlock.minecraft.iron_ore":134,"stat.drop.cannibalism.playerfleshcooked":1,"stat.drop.rustic.chili_pepper_seeds":3,"stat.pickup.cfm.white_fence":5,"stat.pickup.minecraft.dark_oak_door":9,"stat.pickup.minecraft.stonebrick":4,"stat.drop.minecraft.dirt":1,"stat.pickup.rustic.sapling":4,"stat.pickup.minecraft.iron_shovel":3,"stat.pickup.minecraft.diamond_shovel":1,"stat.pickup.chococraft.chocobo_feather":13,"stat.useItem.zawa.powder_grate":6,"stat.drop.customnpcs.npcwand":1,"stat.craftItem.hempfarmer.leaf_wand":1,"stat.craftItem.minecraft.stone_slab2":0,"stat.pickup.chisel.glass":2,"stat.pickup.ferdinandsflowers.block_cff_dark":3,"stat.killEntity.rat":1,"stat.pickup.treasure2.spider_chest":1,"stat.drop.rustic.tomato_seeds":4,"stat.craftItem.minecraft.stick":160,"stat.useItem.minecraft.stone_slab":17,"stat.pickup.hempfarmer.indica_bud":24,"stat.pickup.cfm.crate":3,"stat.craftItem.minecraft.stone":56,"stat.pickup.minecraft.grass":1,"stat.mineBlock.minecraft.crafting_table":8,"stat.useItem.minecraft.diamond_pickaxe":764,"stat.killEntity.Endermite":2,"stat.useItem.minecraft.carrot":5,"stat.useItem.minecraft.wheat":67,"stat.useItem.minecraft.wooden_shovel":5,"stat.drop.harvestcraft.quinoaitem":2,"stat.pickup.chococraft.gysahl_green_seeds":51,"stat.useItem.extrautils2.itembuilderswand":23,"stat.drop.harvestcraft.raspberryitem":1,"stat.mineBlock.minecraft.planks":6,"stat.drop":170,"stat.pickup.minecraft.stone_button":1,"stat.craftItem.minecraft.diamond_pickaxe":1,"stat.useItem.zawa.bamboo":4,"stat.pickup.rustic.wildberry_bush":2,"stat.pickup.of.cabinet_spruce":1,"stat.pickup.malisisblocks.player_sensor":3,"stat.mineBlock.ferdinandsflowers.block_cff_doublesb":2,"stat.pickup.minecraft.gravel":90,"stat.useItem.minecraft.waterlily":7,"stat.useItem.minecraft.apple":6,"stat.mineBlock.treasure2.wither_log":1,"stat.useItem.minecraft.potion":1,"stat.mineBlock.cfm.white_fence":5,"stat.pickup.harvestcraft.kohlrabiitem":15,"stat.craftItem.travelersbackpack.backpack_tank":2,"stat.pickup.hempfarmer.seeds_sativa":4,"stat.pickup.minecraftfuture.lantern":2,"stat.useItem.minecraft.stone_axe":60,"stat.useItem.extrautils2.luxsaber":5,"stat.useItem.cfm.tv_remote":3,"stat.pickup.minecraft.spider_eye":1,"stat.useItem.minecraft.stone_button":1,"stat.mineBlock.harvestcraft.frostgarden":94,"stat.pickup.minecraft.iron_ore":146,"stat.pickup.zawa.carnivore_meat_cooked":1,"stat.pickup.chisel.planks-birch":20,"stat.mineBlock.mca.rose_gold_ore":5,"stat.pickup.rustic.tomato_seeds":12,"stat.craftItem.cannibalism.ironknife":1,"stat.mineBlock.minecraft.leaves2":5,"stat.mineBlock.minecraft.stone_stairs":1,"stat.mineBlock.minecraft.furnace":4,"stat.useItem.minecraft.wooden_pickaxe":125,"stat.mineBlock.ferdinandsflowers.block_cff_fungus":4,"stat.pickup.minecraft.reeds":28,"stat.useItem.customnpcs.npcwand":5,"stat.useItem.tombstone.grave_key":3,"stat.pickup.minecraft.stained_glass":1,"stat.damageDealt":35238,"stat.craftItem.minecraft.glass":395,"stat.killEntity.bound_soul":1,"stat.sleepInBed":30,"stat.killEntity.Cow":3,"stat.useItem.minecraft.crafting_table":2,"stat.killEntity.Pig":4,"stat.craftItem.minecraft.iron_sword":1,"stat.drop.variedcommodities.coin_gold":1,"stat.craftItem.cfm.white_fence":18,"stat.walkOneCm":3140214,"stat.pickup.cannibalism.playerfleshcooked":5,"stat.pickup.of.coffee_bean":14,"stat.pickup.minecraft.stick":63,"stat.pickup.harvestcraft.cabbageitem":27,"stat.pickup.minecraft.clay_ball":24,"stat.useItem.advanced-fishing.blazing_fishing_pole":1,"stat.pickup.zawa.elephant_leather":8,"stat.killEntity.piranha":3,"stat.pickup.extrautils2.minichest":7,"stat.pickup.chisel.carpet_purple":3,"stat.useItem.harvestcraft.oatsitem":1,"stat.pickup.of.sink":1,"stat.mineBlock.chisel.basalt2":1,"stat.useItem.hempfarmer.indica_joint":3,"stat.pickup.minecraft.stone":46,"stat.useItem.dragonmounts.moonlight_dragon_sword":10,"stat.mineBlock.minecraft.wool":2,"stat.pickup.treasure2.stone_lock":3,"stat.pickup.minecraft.gold_ingot":2,"stat.killEntity.Skeleton":10,"stat.killEntity.wild_dog":7,"stat.pickup.zawa.atv":3,"stat.killEntity.magma_monster_grunt":1,"stat.craftItem.extrautils2.minichest":9,"stat.killEntity.Spider":9,"stat.pickup.variedcommodities.coin_iron":11,"stat.useItem.minecraftfuture.lantern":7,"stat.useItem.thebetweenlands.tar_solid_slab":143,"stat.craftItem.minecraft.fence":15,"stat.useItem.harvestcraft.ryeitem":3,"stat.entityKilledBy.bound_soul":1,"stat.pickup.mowziesmobs.barakoa_mask_bliss":1,"stat.useItem.minecraft.golden_apple":11,"stat.useItem.netherex.withered_amedian_sword":11,"stat.pickup.zawa.bald_eagle_plush":1,"stat.mineBlock.minecraft.leaves":68,"stat.useItem.harvestcraft.broccoliitem":1,"stat.mineBlock.minecraft.redstone_ore":36,"stat.drop.minecraft.beef":1,"stat.mineBlock.minecraft.stone":482}