{"stat.chestOpened":23,"stat.pickup.hempfarmer.raw_hemp":7,"stat.useItem.hempfarmer.seeds_hemp":8,"stat.craftItem.minecraft.ladder":3,"stat.pickup.hempfarmer.bud":17,"stat.mineBlock.rustic.chamomile":2,"stat.mineBlock.minecraft.cobblestone":4,"stat.pickup.minecraft.stone_pickaxe":1,"stat.craftItem.harvestcraft.mixingbowlitem":1,"stat.pickup.rustic.chamomile":5,"stat.pickup.harvestcraft.ryeitem":1,"stat.mineBlock.rustic.leaves":2,"stat.jump":1374,"stat.swimOneCm":14290,"stat.mineBlock.harvestcraft.beehive":1,"stat.pickup.minecraft.coal":30,"stat.fallOneCm":27896,"stat.climbOneCm":6336,"stat.pickup.hempfarmer.seeds_sativa":8,"stat.mineBlock.zawa.bald_eagle_plush":1,"stat.useItem.minecraft.stone_axe":21,"stat.craftItem.minecraft.bread":45,"stat.crouchOneCm":1741,"stat.pickup.harvestcraft.caulifloweritem":1,"stat.craftItem.minecraft.chest":2,"stat.craftItem.minecraft.torch":12,"stat.pickup.minecraft.dirt":13,"stat.useItem.minecraft.dirt":1,"stat.useItem.minecraft.stone_slab2":15,"stat.mineBlock.harvestcraft.frostgarden":4,"stat.drop.variedcommodities.coin_diamond":1,"stat.useItem.minecraft.water_bucket":4,"stat.craftingTableInteraction":53,"stat.pickup.rustic.log":565,"stat.craftItem.minecraft.furnace":1,"stat.craftItem.harvestcraft.freshwateritem":104,"stat.pickup.rustic.tomato_seeds":2,"stat.pickup.minecraft.cookie":2,"stat.craftItem.minecraft.stone_axe":1,"stat.pickup.harvestcraft.broccoliitem":1,"stat.mineBlock.minecraft.glass_pane":1,"stat.mineBlock.minecraft.stone_stairs":1,"stat.damageTaken":582,"stat.mineBlock.minecraft.furnace":2,"stat.mineBlock.ferdinandsflowers.block_cff_fungus":17,"stat.useItem.minecraft.reeds":2,"stat.pickup.variedcommodities.coin_diamond":3,"stat.pickup.minecraft.cobblestone":50,"stat.pickup.ferdinandsflowers.block_cff_fungus":20,"stat.pickup.minecraft.reeds":3,"stat.flyOneCm":216820,"stat.pickup.minecraft.wheat_seeds":228,"stat.pickup.hempfarmer.seeds_hemp":9,"stat.mineBlock.rustic.log":5,"stat.drop.minecraft.wheat_seeds":1,"stat.pickup.mowziesmobs.glowing_jelly":2,"stat.useItem.minecraft.stone_pickaxe":93,"stat.craftItem.harvestcraft.doughitem":45,"stat.damageDealt":613,"stat.pickup.variedcommodities.coin_gold":8,"stat.sleepInBed":1,"stat.timeSinceDeath":85229,"stat.craftItem.rustic.planks":20,"stat.pickup.chococraft.gysahl_green":9,"stat.pickup.harvestcraft.oatsitem":2,"stat.mineBlock.minecraft.dirt":14,"stat.pickup.minecraft.mutton":1,"stat.walkOneCm":221993,"stat.useItem.minecraft.torch":1,"stat.useItem.minecraft.bread":5,"stat.animalsBred":1,"stat.pickup.hempfarmer.leaf":3,"stat.mineBlock.chisel.marble2":3,"stat.pickup.minecraft.crafting_table":2,"stat.pickup.minecraft.clay_ball":333,"stat.pickup.harvestcraft.cabbageitem":1,"stat.pickup.minecraft.stonebrick":4,"stat.furnaceInteraction":13,"stat.craftItem.minecraft.crafting_table":1,"stat.craftItem.harvestcraft.flouritem":45,"stat.mineBlock.minecraft.coal_ore":30,"stat.pickup.variedcommodities.coin_emerald":1,"stat.pickup.harvestcraft.peasitem":4,"stat.pickup.harvestcraft.celeryitem":1,"stat.talkedToVillager":38,"stat.craftItem.minecraft.stone_hoe":1,"stat.mineBlock.harvestcraft.pamgooseberry":1,"stat.mineBlock.zawa.bamboo":1,"stat.pickup.minecraft.log":12,"stat.craftItem.harvestcraft.mortarandpestleitem":1,"stat.craftItem.harvestcraft.broccoliseeditem":1,"stat.pickup.minecraft.furnace":2,"stat.pickup.zawa.bamboo":1,"stat.craftItem.minecraft.stone_slab2":0,"stat.craftItem.harvestcraft.bakewareitem":1,"stat.pickup.minecraft.stone":1,"stat.drop.rustic.log":64,"stat.sprintOneCm":221953,"stat.useItem.cannibalism.playerflesh":6,"stat.craftItem.minecraft.stick":24,"stat.killEntity.wild_dog":1,"stat.craftItem.minecraft.bucket":1,"stat.mineBlock.minecraft.stonebrick":4,"stat.craftItem.minecraft.planks":48,"stat.pickup.minecraft.stone_stairs":1,"stat.craftItem.minecraft.stone":8,"stat.pickup.ferdinandsflowers.block_cff_doubles":1,"stat.drop.minecraft.cookie":1,"stat.pickup.harvestcraft.queenbeeitem":1,"stat.drop.minecraft.crafting_table":1,"stat.pickup.cannibalism.playerflesh":8,"stat.mineBlock.minecraft.crafting_table":1,"stat.useItem.harvestcraft.celeryitem":1,"stat.pickup.harvestcraft.quinoaitem":6,"stat.useItem.minecraft.wheat":42,"stat.pickup.variedcommodities.coin_iron":10,"stat.mobKills":5,"stat.mineBlock.minecraft.log":12,"stat.pickup.chococraft.gysahl_green_seeds":16,"stat.mineBlock.minecraft.waterlily":1,"stat.pickup.hempfarmer.sativa_bud":9,"stat.useItem.minecraft.stone_hoe":25,"stat.drop.cannibalism.playerflesh":2,"stat.pickup.zawa.bald_eagle_plush":1,"stat.drop":17,"stat.mineBlock.minecraft.leaves":3,"stat.pickup.minecraft.beetroot_seeds":1,"stat.pickup.harvestcraft.raspberryitem":1,"stat.playOneMinute":85229,"stat.craftItem.harvestcraft.potitem":1,"stat.killEntity.Sheep":1,"stat.useItem.minecraft.ladder":2,"stat.sneakTime":870,"vending:stat.vendingMachinesUsed":12,"stat.pickup.rustic.chili_pepper_seeds":2,"stat.pickup.minecraft.wool":1,"stat.killEntity.Zombie":1,"stat.pickup.zawa.care_guide":1,"stat.drop.minecraft.bread":10,"stat.craftItem.minecraft.brick":16,"stat.mineBlock.minecraft.stone":45,"stat.pickup.chisel.marble2":3,"stat.mineBlock.minecraft.tallgrass":27,"stat.diveOneCm":20984,"stat.pickup.minecraft.wheat":374,"stat.pickup.harvestcraft.gooseberryitem":2,"stat.pickup.harvestcraft.cottonitem":1,"stat.craftItem.harvestcraft.saltitem":56}