{"stat.drop.hempfarmer.raw_hemp":34,"stat.leaveGame":9,"stat.pickup.extrautils2.redorchid":1,"stat.mineBlock.rustic.leaves":2,"stat.useItem.minecraft.mutton":1,"stat.mineBlock.harvestcraft.beehive":1,"stat.drop.chococraft.chocobo_feather":1,"stat.useItem.minecraft.planks":27,"stat.pickup.minecraft.glass":9,"stat.useItem.minecraft.water_bucket":121,"stat.mineBlock.minecraft.stone_brick_stairs":86,"stat.pickup.minecraft.rotten_flesh":2,"stat.pickup.minecraft.sand":6,"stat.mineBlock.rustic.beehive":1,"stat.craftItem.minecraft.stone_axe":1,"stat.pickup.rustic.olive_door":1,"stat.pickup.harvestcraft.wintersquashitem":1,"stat.pickup.variedcommodities.coin_diamond":3,"stat.pickup.magneticraft.ores":63,"stat.mineBlock.minecraft.sand":6,"stat.pickup.hempfarmer.seeds_hemp":80,"stat.mineBlock.rustic.log":5,"stat.pickup.harvestcraft.scallionitem":1,"stat.useItem.minecraft.iron_pickaxe":251,"stat.drop.minecraft.diamond":4,"stat.useItem.zawa.bird_meat":1,"stat.pickup.harvestcraft.onionitem":1,"stat.mineBlock.chisel.marble2":22,"stat.pickup.rustic.wildberries":1,"stat.furnaceInteraction":42,"stat.pickup.harvestcraft.cornitem":1,"stat.pickup.variedcommodities.coin_emerald":1,"stat.pickup.harvestcraft.turnipitem":1,"stat.pickup.minecraft.beef":1,"stat.pickup.minecraft.furnace":2,"stat.pickup.zawa.large_meat_raw":5,"stat.mineBlock.harvestcraft.windygarden":2,"stat.craftItem.zawa.thick_fur":8,"stat.drop.rustic.log":64,"stat.useItem.rustic.wildberries":6,"stat.useItem.harvestcraft.blackberryitem":1,"stat.pickup.mca.rose_gold_ore":26,"stat.pickup.minecraft.stone_stairs":1,"stat.useItem.minecraft.dye":8,"stat.useItem.minecraft.beef":1,"stat.useItem.harvestcraft.beanitem":1,"stat.deaths":15,"stat.pickup.zawa.fur":4,"stat.playOneMinute":458111,"stat.pickup.zawa.peach_flower":1,"stat.pickup.hempfarmer.violet_raw_hemp":14,"stat.pickup.hempfarmer.seeds_indica":10,"stat.craftItem.minecraft.iron_pickaxe":1,"stat.pickup.ferdinandsflowers.block_cff_flowers":5,"stat.mineBlock.minecraft.brown_mushroom_block":3,"stat.useItem.rustic.horsetail":1,"stat.pickup.zawa.care_guide":1,"stat.pickup.minecraft.iron_bars":9,"stat.drop.minecraft.torch":1,"stat.pickup.chisel.marble2":13,"stat.mineBlock.minecraft.tallgrass":234,"stat.drop.hempfarmer.seeds_indica":6,"stat.pickup.harvestcraft.cottonitem":1,"stat.chestOpened":95,"stat.pickup.hempfarmer.raw_hemp":84,"stat.pickup.zawa.ivory_tusk":4,"stat.pickup.harvestcraft.tomatoitem":1,"stat.craftItem.minecraft.sign":3,"stat.pickup.hempfarmer.bud":70,"stat.useItem.minecraft.stone":25,"stat.mineBlock.rustic.chamomile":2,"stat.pickup.minecraft.arrow":3,"stat.pickup.minecraft.iron_sword":1,"stat.craftItem.harvestcraft.mixingbowlitem":1,"stat.craftItem.hempfarmer.hemp_oil":1,"stat.pickup.rustic.chamomile":5,"stat.pickup.minecraft.gold_nugget":1,"stat.mineBlock.rustic.slate":10,"stat.craftItem.hempfarmer.superior_leaf_wand":1,"stat.mineBlock.magneticraft.limestone":13,"stat.fallOneCm":223428,"stat.pickup.chisel.basalt2":2,"stat.drop.minecraft.stone":10,"stat.mineBlock.rustic.horsetail":4,"stat.crouchOneCm":15997,"stat.mineBlock.minecraft.chest":3,"stat.pickup.harvestcraft.caulifloweritem":1,"stat.craftItem.hempfarmer.resin":1,"stat.craftItem.minecraft.chest":6,"stat.craftItem.minecraft.iron_ingot":117,"stat.useItem.harvestcraft.bellpepperitem":1,"stat.craftingTableInteraction":96,"stat.pickup.rustic.horsetail":10,"stat.craftItem.harvestcraft.freshwateritem":104,"stat.craftItem.cannibalism.playerfleshcooked":13,"stat.pickup.minecraft.feather":2,"stat.useItem.minecraft.furnace":1,"stat.useItem.minecraft.reeds":6,"stat.pickup.minecraft.planks":8,"stat.pickup.minecraft.iron_leggings":1,"stat.pickup.minecraft.wheat_seeds":261,"stat.mineBlock.minecraft.gravel":15,"stat.useItem.minecraft.stone_pickaxe":1307,"stat.pickup.zawa.bush_meat_raw":1,"stat.mineBlock.ferdinandsflowers.block_cff_doubles":1,"stat.pickup.zawa.dried_bamboo":1,"stat.mineBlock.minecraft.dirt":93,"stat.useItem.zawa.carnivore_meat_raw":1,"stat.drop.minecraft.stick":1,"stat.craftItem.minecraft.leather":21,"stat.useItem.minecraft.iron_bars":29,"stat.useItem.minecraft.torch":71,"stat.useItem.minecraft.bread":28,"stat.pickup.rustic.bee":2,"stat.mineBlock.ferdinandsflowers.block_cff_flowers":3,"stat.mineBlock.ferdinandsflowers.block_cff_dark":3,"stat.pickup.minecraft.crafting_table":3,"stat.useItem.minecraft.cobblestone":52,"stat.craftItem.minecraft.crafting_table":2,"stat.mineBlock.minecraft.double_plant":10,"stat.drop.rustic.horsetail":9,"stat.pickup.harvestcraft.peasitem":4,"stat.mineBlock.harvestcraft.pamgooseberry":1,"stat.mineBlock.zawa.bamboo":5,"stat.pickup.minecraft.log":29,"stat.craftItem.hempfarmer.rolling_paper":18,"stat.drop.minecraft.sign":3,"stat.craftItem.harvestcraft.broccoliseeditem":1,"stat.pickup.zawa.bamboo":7,"stat.craftItem.harvestcraft.bakewareitem":1,"stat.useItem.harvestcraft.cabbageitem":1,"stat.drop.minecraft.gold_nugget":1,"stat.pickup.minecraft.sapling":7,"stat.useItem.cannibalism.playerflesh":23,"stat.mineBlock.rustic.mooncap_mushroom":1,"stat.pickup.minecraft.beetroot":5,"stat.useItem.harvestcraft.caulifloweritem":1,"stat.craftItem.minecraft.bucket":1,"stat.craftItem.minecraft.planks":116,"stat.useItem.minecraft.iron_sword":56,"stat.pickup.cannibalism.playerflesh":118,"stat.useItem.zawa.large_meat_raw":3,"stat.mineBlock.minecraft.log":29,"stat.mineBlock.minecraft.waterlily":1,"stat.pickup.hempfarmer.lime_raw_hemp":24,"stat.craftItem.hempfarmer.regs_joint":9,"stat.useItem.minecraft.stone_hoe":80,"stat.craftItem.minecraft.flower_pot":1,"stat.drop.cannibalism.playerflesh":2,"stat.useItem.harvestcraft.elderberryitem":1,"stat.craftItem.minecraft.paper":6,"stat.sneakTime":6961,"stat.pickup.rustic.chili_pepper_seeds":14,"stat.pickup.minecraft.wool":1,"stat.pickup.ferdinandsflowers.block_cff_flowerse":1,"stat.pickup.ferdinandsflowers.block_cff_flowersc":1,"stat.useItem.minecraft.beetroot":5,"stat.pickup.harvestcraft.gooseberryitem":2,"stat.pickup.minecraft.chest":3,"stat.craftItem.minecraft.diamond_chestplate":1,"stat.useItem.hempfarmer.seeds_hemp":40,"stat.pickup.minecraft.bone":3,"stat.craftItem.minecraft.diamond_leggings":1,"stat.mineBlock.minecraft.cobblestone":37,"stat.pickup.minecraft.stone_pickaxe":2,"stat.pickup.rustic.mooncap_mushroom":2,"stat.pickup.minecraft.flower_pot":1,"stat.useItem.minecraft.diamond_sword":42,"stat.useItem.hempfarmer.sativa_joint":9,"stat.craftItem.minecraft.diamond_helmet":1,"stat.swimOneCm":86832,"stat.climbOneCm":11728,"stat.pickup.magneticraft.limestone":27,"stat.drop.minecraft.cobblestone":64,"stat.pickup.hempfarmer.regs_joint":1,"stat.useItem.minecraft.obsidian":8,"stat.useItem.minecraft.dirt":60,"stat.useItem.chococraft.gysahl_green":32,"stat.useItem.minecraft.stone_slab2":78,"stat.pickup.minecraft.bow":1,"stat.useItem.harvestcraft.barleyitem":1,"stat.pickup.zawa.bird_meat":1,"stat.pickup.minecraft.iron_boots":1,"stat.drop.variedcommodities.coin_diamond":1,"stat.useItem.harvestcraft.wintersquashitem":1,"stat.craftItem.minecraft.furnace":1,"stat.pickup.zawa.carnivore_meat_raw":1,"stat.pickup.harvestcraft.broccoliitem":1,"stat.mineBlock.zawa.dried_bamboo":2,"stat.craftItem.minecraft.stone_pickaxe":8,"stat.mineBlock.minecraft.obsidian":12,"stat.useItem.of.coffee_bean":5,"stat.pickup.minecraft.cobblestone":1409,"stat.useItem.zawa.bush_meat_raw":1,"stat.drop.ferdinandsflowers.block_cff_flowers":1,"stat.pickup.ferdinandsflowers.block_cff_fungus":21,"stat.flyOneCm":1386326,"stat.pickup.zawa.rhino_hide":2,"stat.drop.minecraft.wheat_seeds":20,"stat.pickup.mowziesmobs.glowing_jelly":2,"stat.pickup.rustic.slate":9,"stat.useItem.harvestcraft.whitemushroomitem":1,"stat.pickup.minecraft.redstone":385,"stat.mineBlock.minecraft.iron_ore":119,"stat.timeSinceDeath":117,"stat.craftItem.rustic.planks":20,"stat.useItem.minecraft.sign":1,"stat.pickup.chococraft.lovely_gysahl_green":10,"stat.drop.zawa.elephant_leather":1,"stat.pickup.minecraft.mutton":1,"stat.drop.rustic.chili_pepper_seeds":2,"stat.pickup.harvestcraft.whitemushroomitem":1,"stat.pickup.hempfarmer.leaf":20,"stat.pickup.travelersbackpack.travelers_backpack":1,"stat.pickup.harvestcraft.beanitem":1,"stat.useItem.minecraft.potato":1,"stat.useItem.harvestcraft.cornitem":1,"stat.pickup.minecraft.stonebrick":51,"stat.drop.minecraft.dirt":20,"stat.drop.minecraft.beetroot_seeds":11,"stat.mineBlock.minecraft.coal_ore":203,"stat.pickup.chococraft.chocobo_feather":1,"stat.killEntity.Creeper":2,"stat.talkedToVillager":54,"stat.craftItem.minecraft.stone_hoe":1,"stat.pickup.extrautils2.ingredients":4,"stat.pickup.minecraft.string":3,"stat.craftItem.hempfarmer.leaf_wand":1,"stat.pickup.tombstone.crafting_ingredient":3,"stat.craftItem.minecraft.stone_slab2":0,"stat.pickup.ferdinandsflowers.block_cff_dark":4,"stat.killEntity.rat":4,"stat.drop.hempfarmer.regs_joint":3,"stat.sprintOneCm":1184333,"stat.drop.rustic.tomato_seeds":4,"stat.craftItem.minecraft.stick":72,"stat.mineBlock.rustic.wildberry_bush":1,"stat.craftItem.minecraft.stone":22,"stat.mineBlock.minecraft.diamond_ore":43,"stat.pickup.harvestcraft.barleyitem":1,"stat.mineBlock.minecraft.crafting_table":2,"stat.useItem.minecraft.diamond_pickaxe":283,"stat.pickup.harvestcraft.quinoaitem":6,"stat.useItem.minecraft.wheat":186,"stat.useItem.harvestcraft.turnipitem":1,"stat.pickup.hempfarmer.leaf_wand":2,"stat.useItem.hempfarmer.seeds_indica":3,"stat.pickup.chococraft.gysahl_green_seeds":90,"stat.entityKilledBy.Creeper":1,"stat.pickup.hempfarmer.sativa_bud":25,"stat.mineBlock.minecraft.planks":6,"stat.drop":57,"stat.craftItem.harvestcraft.potitem":1,"stat.killEntity.Sheep":1,"stat.useItem.minecraft.ladder":2,"stat.craftItem.minecraft.diamond_pickaxe":2,"stat.killEntity.Zombie":7,"stat.craftItem.minecraft.dye":9,"stat.drop.minecraft.bread":17,"stat.craftItem.minecraft.diamond_axe":1,"stat.mineBlock.minecraft.gold_ore":10,"stat.useItem.zawa.bamboo":4,"stat.diveOneCm":207245,"stat.pickup.minecraft.wheat":422,"stat.craftItem.minecraft.ladder":3,"stat.pickup.minecraft.sign":1,"stat.mineBlock.ferdinandsflowers.block_cff_flowersc":1,"stat.mineBlock.ferdinandsflowers.block_cff_flowersb":3,"stat.pickup.minecraft.gravel":9,"stat.useItem.minecraft.diamond_axe":66,"stat.mineBlock.ferdinandsflowers.block_cff_flowerse":1,"stat.mineBlock.ferdinandsflowers.block_cff_flowersd":1,"stat.pickup.minecraft.obsidian":11,"stat.pickup.harvestcraft.ryeitem":1,"stat.pickup.minecraft.stone_brick_stairs":84,"stat.pickup.harvestcraft.blackberryitem":1,"stat.craftItem.minecraft.diamond_sword":1,"stat.jump":7444,"stat.pickup.minecraft.coal":200,"stat.pickup.minecraft.iron_helmet":1,"stat.pickup.minecraft.iron_ingot":11,"stat.pickup.hempfarmer.seeds_sativa":144,"stat.mineBlock.zawa.bald_eagle_plush":3,"stat.useItem.minecraft.stone_axe":82,"stat.craftItem.minecraft.bread":45,"stat.pickup.minecraft.gunpowder":3,"stat.mineBlock.harvestcraft.shadedgarden":2,"stat.craftItem.minecraft.torch":72,"stat.pickup.minecraft.dirt":131,"stat.pickup.harvestcraft.bellpepperitem":1,"stat.mineBlock.harvestcraft.frostgarden":4,"stat.pickup.minecraft.iron_ore":119,"stat.pickup.rustic.log":565,"stat.mineBlock.mca.rose_gold_ore":13,"stat.pickup.leatherworks.rawhide_cow":2,"stat.pickup.minecraft.gold_ore":20,"stat.mineBlock.minecraft.iron_bars":9,"stat.pickup.rustic.tomato_seeds":13,"stat.pickup.minecraft.cookie":2,"stat.craftItem.cannibalism.ironknife":1,"stat.mineBlock.minecraft.glass_pane":1,"stat.mineBlock.minecraft.leaves2":1,"stat.mineBlock.minecraft.stone_stairs":1,"stat.damageTaken":5996,"stat.craftItem.minecraft.iron_bars":32,"stat.mineBlock.minecraft.furnace":2,"stat.mineBlock.minecraft.torch":12,"stat.mineBlock.ferdinandsflowers.block_cff_fungus":18,"stat.pickup.minecraft.reeds":28,"stat.craftItem.hempfarmer.sativa_joint":2,"stat.pickup.minecraft.potato":1,"stat.entityKilledBy.Zombie":1,"stat.craftItem.harvestcraft.doughitem":45,"stat.useItem.cannibalism.playerfleshcooked":13,"stat.damageDealt":9611,"stat.craftItem.minecraft.glass":6,"stat.pickup.variedcommodities.coin_gold":8,"stat.sleepInBed":1,"stat.pickup.chococraft.gysahl_green":42,"stat.pickup.harvestcraft.oatsitem":2,"stat.pickup.hempfarmer.indica_joint":1,"stat.mineBlock.harvestcraft.pamspiderweb":3,"stat.pickup.harvestcraft.elderberryitem":1,"stat.mineBlock.magneticraft.ores":32,"stat.useItem.harvestcraft.onionitem":1,"stat.walkOneCm":862019,"stat.animalsBred":1,"stat.mineBlock.securitycraft.dirt_mine":1,"stat.useItem.minecraft.chest":2,"stat.pickup.of.coffee_bean":24,"stat.pickup.minecraft.clay_ball":333,"stat.pickup.harvestcraft.cabbageitem":1,"stat.craftItem.harvestcraft.flouritem":45,"stat.pickup.zawa.elephant_leather":6,"stat.mineBlock.zawa.karvy_bottom":1,"stat.pickup.harvestcraft.celeryitem":1,"stat.mineBlock.chisel.basalt2":8,"stat.craftItem.harvestcraft.mortarandpestleitem":1,"stat.useItem.hempfarmer.indica_joint":8,"stat.craftItem.minecraft.diamond_boots":1,"stat.pickup.minecraft.stone":125,"stat.useItem.harvestcraft.scallionitem":1,"stat.drop.chococraft.gysahl_green_seeds":2,"stat.killEntity.Skeleton":4,"stat.killEntity.wild_dog":2,"stat.mineBlock.minecraft.stonebrick":52,"stat.pickup.ferdinandsflowers.block_cff_doubles":1,"stat.drop.hempfarmer.leaf_wand":1,"stat.drop.minecraft.cookie":1,"stat.drop.minecraft.crafting_table":1,"stat.pickup.harvestcraft.queenbeeitem":1,"stat.killEntity.Spider":3,"stat.useItem.hempfarmer.seeds_sativa":7,"stat.pickup.zawa.karvy":1,"stat.useItem.harvestcraft.celeryitem":1,"stat.pickup.variedcommodities.coin_iron":10,"stat.mobKills":38,"stat.craftItem.minecraft.shears":1,"stat.useItem.hempfarmer.leaf_wand":1,"stat.pickup.zawa.bald_eagle_plush":2,"stat.pickup.minecraft.diamond":47,"stat.mineBlock.minecraft.leaves":10,"stat.pickup.minecraft.beetroot_seeds":23,"stat.pickup.harvestcraft.raspberryitem":1,"stat.pickup.minecraft.torch":14,"stat.mineBlock.minecraft.redstone_ore":42,"stat.mineBlock.zawa.peach_flower":1,"stat.craftItem.minecraft.brick":16,"stat.mineBlock.rustic.wind_thistle":1,"stat.mineBlock.minecraft.stone":1123,"stat.craftItem.harvestcraft.saltitem":56}