{"stat.walkOneCm":39736,"stat.pickup.minecraft.cookie":2,"stat.drop.minecraft.cookie":1,"stat.damageTaken":258,"stat.pickup.cannibalism.playerflesh":2,"stat.pickup.variedcommodities.coin_diamond":2,"stat.pickup.variedcommodities.coin_iron":10,"stat.mobKills":1,"stat.pickup.variedcommodities.coin_emerald":1,"stat.drop.cannibalism.playerflesh":2,"stat.flyOneCm":24863,"stat.pickup.minecraft.wheat_seeds":39,"stat.drop":3,"stat.jump":190,"stat.swimOneCm":5538,"stat.playOneMinute":11429,"stat.fallOneCm":3369,"stat.sneakTime":95,"stat.damageDealt":232,"stat.crouchOneCm":326,"stat.pickup.variedcommodities.coin_gold":8,"stat.pickup.zawa.care_guide":1,"stat.timeSinceDeath":11429,"stat.pickup.minecraft.dirt":1,"stat.mineBlock.minecraft.dirt":1,"stat.sprintOneCm":23957,"stat.useItem.minecraft.stone_slab2":1,"stat.diveOneCm":16373,"stat.pickup.minecraft.wheat":44,"stat.craftingTableInteraction":3}