{"stat.leaveGame":9,"stat.pickup.extrautils2.redorchid":1,"stat.mineBlock.rustic.leaves":2,"stat.useItem.minecraft.mutton":1,"stat.mineBlock.harvestcraft.beehive":1,"stat.drop.chococraft.chocobo_feather":1,"stat.useItem.minecraft.water_bucket":37,"stat.pickup.minecraft.rotten_flesh":2,"stat.mineBlock.rustic.beehive":1,"stat.craftItem.minecraft.stone_axe":1,"stat.pickup.rustic.olive_door":1,"stat.pickup.harvestcraft.wintersquashitem":1,"stat.pickup.variedcommodities.coin_diamond":3,"stat.pickup.magneticraft.ores":63,"stat.pickup.hempfarmer.seeds_hemp":47,"stat.mineBlock.rustic.log":5,"stat.pickup.harvestcraft.scallionitem":1,"stat.useItem.minecraft.iron_pickaxe":251,"stat.drop.minecraft.diamond":4,"stat.useItem.zawa.bird_meat":1,"stat.pickup.harvestcraft.onionitem":1,"stat.mineBlock.chisel.marble2":13,"stat.furnaceInteraction":28,"stat.pickup.variedcommodities.coin_emerald":1,"stat.pickup.harvestcraft.turnipitem":1,"stat.pickup.minecraft.beef":1,"stat.pickup.minecraft.furnace":2,"stat.pickup.zawa.large_meat_raw":1,"stat.mineBlock.harvestcraft.windygarden":2,"stat.craftItem.zawa.thick_fur":8,"stat.drop.rustic.log":64,"stat.useItem.harvestcraft.blackberryitem":1,"stat.pickup.mca.rose_gold_ore":26,"stat.pickup.minecraft.stone_stairs":1,"stat.useItem.minecraft.dye":8,"stat.useItem.minecraft.beef":1,"stat.useItem.harvestcraft.beanitem":1,"stat.deaths":1,"stat.pickup.zawa.fur":4,"stat.playOneMinute":295562,"stat.pickup.zawa.peach_flower":1,"stat.pickup.hempfarmer.violet_raw_hemp":4,"stat.pickup.hempfarmer.seeds_indica":4,"stat.craftItem.minecraft.iron_pickaxe":1,"stat.pickup.ferdinandsflowers.block_cff_flowers":2,"stat.pickup.zawa.care_guide":1,"stat.pickup.chisel.marble2":13,"stat.mineBlock.minecraft.tallgrass":175,"stat.pickup.harvestcraft.cottonitem":1,"stat.chestOpened":62,"stat.pickup.hempfarmer.raw_hemp":16,"stat.pickup.harvestcraft.tomatoitem":1,"stat.craftItem.minecraft.sign":3,"stat.pickup.hempfarmer.bud":27,"stat.useItem.minecraft.stone":9,"stat.mineBlock.rustic.chamomile":2,"stat.pickup.minecraft.arrow":3,"stat.craftItem.harvestcraft.mixingbowlitem":1,"stat.pickup.rustic.chamomile":5,"stat.pickup.minecraft.gold_nugget":1,"stat.mineBlock.rustic.slate":10,"stat.fallOneCm":128177,"stat.pickup.chisel.basalt2":2,"stat.drop.minecraft.stone":10,"stat.crouchOneCm":8664,"stat.mineBlock.minecraft.chest":3,"stat.pickup.harvestcraft.caulifloweritem":1,"stat.craftItem.minecraft.chest":3,"stat.craftingTableInteraction":81,"stat.craftItem.harvestcraft.freshwateritem":104,"stat.pickup.minecraft.feather":2,"stat.useItem.minecraft.furnace":1,"stat.useItem.minecraft.reeds":2,"stat.pickup.minecraft.wheat_seeds":237,"stat.mineBlock.minecraft.gravel":12,"stat.useItem.minecraft.stone_pickaxe":1307,"stat.pickup.zawa.bush_meat_raw":1,"stat.mineBlock.minecraft.dirt":56,"stat.useItem.zawa.carnivore_meat_raw":1,"stat.drop.minecraft.stick":1,"stat.craftItem.minecraft.leather":6,"stat.useItem.minecraft.torch":64,"stat.useItem.minecraft.bread":28,"stat.pickup.rustic.bee":2,"stat.mineBlock.ferdinandsflowers.block_cff_flowers":2,"stat.mineBlock.ferdinandsflowers.block_cff_dark":1,"stat.pickup.minecraft.crafting_table":3,"stat.useItem.minecraft.cobblestone":46,"stat.craftItem.minecraft.crafting_table":2,"stat.mineBlock.minecraft.double_plant":10,"stat.pickup.harvestcraft.peasitem":4,"stat.mineBlock.harvestcraft.pamgooseberry":1,"stat.mineBlock.zawa.bamboo":1,"stat.pickup.minecraft.log":15,"stat.craftItem.hempfarmer.rolling_paper":18,"stat.drop.minecraft.sign":3,"stat.craftItem.harvestcraft.broccoliseeditem":1,"stat.pickup.zawa.bamboo":1,"stat.craftItem.harvestcraft.bakewareitem":1,"stat.useItem.harvestcraft.cabbageitem":1,"stat.drop.minecraft.gold_nugget":1,"stat.useItem.cannibalism.playerflesh":18,"stat.useItem.harvestcraft.caulifloweritem":1,"stat.craftItem.minecraft.bucket":1,"stat.craftItem.minecraft.planks":60,"stat.pickup.cannibalism.playerflesh":19,"stat.useItem.zawa.large_meat_raw":1,"stat.mineBlock.minecraft.log":15,"stat.mineBlock.minecraft.waterlily":1,"stat.pickup.hempfarmer.lime_raw_hemp":24,"stat.craftItem.hempfarmer.regs_joint":9,"stat.useItem.minecraft.stone_hoe":80,"stat.craftItem.minecraft.flower_pot":1,"stat.drop.cannibalism.playerflesh":2,"stat.useItem.harvestcraft.elderberryitem":1,"stat.craftItem.minecraft.paper":6,"stat.sneakTime":3953,"stat.pickup.rustic.chili_pepper_seeds":4,"stat.pickup.minecraft.wool":1,"stat.pickup.ferdinandsflowers.block_cff_flowersc":1,"stat.pickup.harvestcraft.gooseberryitem":2,"stat.pickup.minecraft.chest":3,"stat.craftItem.minecraft.diamond_chestplate":1,"stat.useItem.hempfarmer.seeds_hemp":40,"stat.pickup.minecraft.bone":3,"stat.craftItem.minecraft.diamond_leggings":1,"stat.mineBlock.minecraft.cobblestone":35,"stat.pickup.minecraft.stone_pickaxe":2,"stat.pickup.minecraft.flower_pot":1,"stat.useItem.minecraft.diamond_sword":3,"stat.useItem.hempfarmer.sativa_joint":9,"stat.craftItem.minecraft.diamond_helmet":1,"stat.swimOneCm":50887,"stat.climbOneCm":8997,"stat.drop.minecraft.cobblestone":64,"stat.pickup.hempfarmer.regs_joint":1,"stat.useItem.minecraft.dirt":17,"stat.useItem.chococraft.gysahl_green":21,"stat.useItem.minecraft.stone_slab2":56,"stat.pickup.minecraft.bow":1,"stat.useItem.harvestcraft.barleyitem":1,"stat.pickup.zawa.bird_meat":1,"stat.drop.variedcommodities.coin_diamond":1,"stat.useItem.harvestcraft.wintersquashitem":1,"stat.craftItem.minecraft.furnace":1,"stat.pickup.zawa.carnivore_meat_raw":1,"stat.pickup.harvestcraft.broccoliitem":1,"stat.craftItem.minecraft.stone_pickaxe":8,"stat.mineBlock.minecraft.obsidian":4,"stat.useItem.of.coffee_bean":2,"stat.pickup.minecraft.cobblestone":1385,"stat.useItem.zawa.bush_meat_raw":1,"stat.pickup.ferdinandsflowers.block_cff_fungus":21,"stat.flyOneCm":870189,"stat.pickup.zawa.rhino_hide":2,"stat.drop.minecraft.wheat_seeds":1,"stat.pickup.mowziesmobs.glowing_jelly":2,"stat.pickup.rustic.slate":9,"stat.useItem.harvestcraft.whitemushroomitem":1,"stat.pickup.minecraft.redstone":385,"stat.mineBlock.minecraft.iron_ore":119,"stat.timeSinceDeath":142767,"stat.craftItem.rustic.planks":20,"stat.useItem.minecraft.sign":1,"stat.pickup.chococraft.lovely_gysahl_green":8,"stat.pickup.minecraft.mutton":1,"stat.pickup.harvestcraft.whitemushroomitem":1,"stat.pickup.hempfarmer.leaf":15,"stat.pickup.harvestcraft.beanitem":1,"stat.useItem.minecraft.potato":1,"stat.pickup.minecraft.stonebrick":7,"stat.mineBlock.minecraft.coal_ore":201,"stat.pickup.chococraft.chocobo_feather":1,"stat.killEntity.Creeper":2,"stat.talkedToVillager":38,"stat.craftItem.minecraft.stone_hoe":1,"stat.pickup.extrautils2.ingredients":4,"stat.pickup.minecraft.string":2,"stat.craftItem.hempfarmer.leaf_wand":1,"stat.pickup.tombstone.crafting_ingredient":1,"stat.craftItem.minecraft.stone_slab2":0,"stat.pickup.ferdinandsflowers.block_cff_dark":2,"stat.drop.hempfarmer.regs_joint":3,"stat.sprintOneCm":776815,"stat.drop.rustic.tomato_seeds":1,"stat.craftItem.minecraft.stick":68,"stat.craftItem.minecraft.stone":8,"stat.mineBlock.minecraft.diamond_ore":43,"stat.pickup.harvestcraft.barleyitem":1,"stat.mineBlock.minecraft.crafting_table":2,"stat.useItem.minecraft.diamond_pickaxe":5,"stat.pickup.harvestcraft.quinoaitem":6,"stat.useItem.minecraft.wheat":147,"stat.useItem.harvestcraft.turnipitem":1,"stat.pickup.hempfarmer.leaf_wand":1,"stat.useItem.hempfarmer.seeds_indica":3,"stat.pickup.chococraft.gysahl_green_seeds":69,"stat.pickup.hempfarmer.sativa_bud":25,"stat.drop":38,"stat.craftItem.harvestcraft.potitem":1,"stat.killEntity.Sheep":1,"stat.useItem.minecraft.ladder":2,"stat.craftItem.minecraft.diamond_pickaxe":2,"stat.killEntity.Zombie":6,"stat.craftItem.minecraft.dye":9,"stat.drop.minecraft.bread":17,"stat.craftItem.minecraft.diamond_axe":1,"stat.mineBlock.minecraft.gold_ore":10,"stat.diveOneCm":55290,"stat.pickup.minecraft.wheat":375,"stat.craftItem.minecraft.ladder":3,"stat.pickup.minecraft.sign":1,"stat.mineBlock.ferdinandsflowers.block_cff_flowersc":1,"stat.mineBlock.ferdinandsflowers.block_cff_flowersb":1,"stat.pickup.minecraft.gravel":9,"stat.useItem.minecraft.diamond_axe":16,"stat.pickup.minecraft.obsidian":4,"stat.pickup.harvestcraft.ryeitem":1,"stat.pickup.harvestcraft.blackberryitem":1,"stat.craftItem.minecraft.diamond_sword":1,"stat.jump":4579,"stat.pickup.minecraft.coal":200,"stat.pickup.minecraft.iron_ingot":3,"stat.pickup.hempfarmer.seeds_sativa":122,"stat.mineBlock.zawa.bald_eagle_plush":3,"stat.useItem.minecraft.stone_axe":82,"stat.craftItem.minecraft.bread":45,"stat.pickup.minecraft.gunpowder":3,"stat.mineBlock.harvestcraft.shadedgarden":2,"stat.craftItem.minecraft.torch":72,"stat.pickup.minecraft.dirt":72,"stat.mineBlock.harvestcraft.frostgarden":4,"stat.pickup.minecraft.iron_ore":119,"stat.pickup.rustic.log":565,"stat.mineBlock.mca.rose_gold_ore":13,"stat.pickup.leatherworks.rawhide_cow":1,"stat.pickup.minecraft.gold_ore":20,"stat.pickup.rustic.tomato_seeds":8,"stat.pickup.minecraft.cookie":2,"stat.mineBlock.minecraft.glass_pane":1,"stat.mineBlock.minecraft.stone_stairs":1,"stat.damageTaken":3303,"stat.mineBlock.minecraft.furnace":2,"stat.mineBlock.minecraft.torch":12,"stat.mineBlock.ferdinandsflowers.block_cff_fungus":18,"stat.pickup.minecraft.reeds":9,"stat.craftItem.hempfarmer.sativa_joint":2,"stat.pickup.minecraft.potato":1,"stat.craftItem.harvestcraft.doughitem":45,"stat.damageDealt":5221,"stat.pickup.variedcommodities.coin_gold":8,"stat.sleepInBed":1,"stat.pickup.chococraft.gysahl_green":30,"stat.pickup.harvestcraft.oatsitem":2,"stat.pickup.hempfarmer.indica_joint":1,"stat.pickup.harvestcraft.elderberryitem":1,"stat.mineBlock.magneticraft.ores":32,"stat.useItem.harvestcraft.onionitem":1,"stat.walkOneCm":609162,"stat.animalsBred":1,"stat.mineBlock.securitycraft.dirt_mine":1,"stat.pickup.of.coffee_bean":12,"stat.pickup.minecraft.clay_ball":333,"stat.pickup.harvestcraft.cabbageitem":1,"stat.craftItem.harvestcraft.flouritem":45,"stat.pickup.harvestcraft.celeryitem":1,"stat.mineBlock.chisel.basalt2":6,"stat.craftItem.harvestcraft.mortarandpestleitem":1,"stat.useItem.hempfarmer.indica_joint":8,"stat.craftItem.minecraft.diamond_boots":1,"stat.pickup.minecraft.stone":104,"stat.useItem.harvestcraft.scallionitem":1,"stat.killEntity.Skeleton":4,"stat.killEntity.wild_dog":1,"stat.mineBlock.minecraft.stonebrick":4,"stat.pickup.ferdinandsflowers.block_cff_doubles":1,"stat.drop.minecraft.cookie":1,"stat.drop.minecraft.crafting_table":1,"stat.pickup.harvestcraft.queenbeeitem":1,"stat.killEntity.Spider":2,"stat.useItem.hempfarmer.seeds_sativa":6,"stat.useItem.harvestcraft.celeryitem":1,"stat.pickup.variedcommodities.coin_iron":10,"stat.mobKills":24,"stat.useItem.hempfarmer.leaf_wand":1,"stat.pickup.zawa.bald_eagle_plush":2,"stat.pickup.minecraft.diamond":47,"stat.mineBlock.minecraft.leaves":4,"stat.pickup.minecraft.beetroot_seeds":1,"stat.pickup.harvestcraft.raspberryitem":1,"stat.pickup.minecraft.torch":12,"stat.mineBlock.minecraft.redstone_ore":42,"stat.mineBlock.zawa.peach_flower":1,"stat.craftItem.minecraft.brick":16,"stat.mineBlock.minecraft.stone":1024,"stat.craftItem.harvestcraft.saltitem":56}