{"stat.drop.hempfarmer.raw_hemp":34,"stat.leaveGame":10,"stat.pickup.extrautils2.redorchid":1,"stat.drop.minecraft.redstone":64,"stat.mineBlock.rustic.leaves":2,"stat.useItem.minecraft.mutton":1,"stat.mineBlock.harvestcraft.beehive":1,"stat.drop.chococraft.chocobo_feather":1,"stat.useItem.minecraft.planks":27,"stat.pickup.minecraft.glass":27,"stat.useItem.minecraft.water_bucket":128,"stat.mineBlock.minecraft.stone_brick_stairs":86,"stat.pickup.minecraft.rotten_flesh":9,"stat.pickup.minecraft.sand":6,"stat.mineBlock.rustic.beehive":1,"stat.craftItem.minecraft.stone_axe":1,"stat.pickup.rustic.olive_door":1,"stat.drop.hempfarmer.bud":86,"stat.pickup.harvestcraft.wintersquashitem":1,"stat.pickup.variedcommodities.coin_diamond":7,"stat.pickup.magneticraft.ores":125,"stat.craftItem.minecraft.iron_shovel":1,"stat.mineBlock.minecraft.sand":6,"stat.pickup.hempfarmer.seeds_hemp":235,"stat.mineBlock.rustic.log":5,"stat.pickup.harvestcraft.scallionitem":1,"stat.useItem.minecraft.iron_pickaxe":251,"stat.drop.minecraft.diamond":8,"stat.useItem.minecraft.iron_shovel":200,"stat.useItem.zawa.bird_meat":1,"stat.drop.rustic.chamomile":15,"stat.pickup.harvestcraft.onionitem":1,"stat.mineBlock.chisel.marble2":22,"stat.pickup.rustic.wildberries":1,"stat.furnaceInteraction":70,"stat.pickup.harvestcraft.cornitem":1,"stat.pickup.variedcommodities.coin_emerald":4,"stat.pickup.harvestcraft.turnipitem":1,"stat.pickup.minecraft.beef":1,"stat.pickup.minecraft.furnace":2,"stat.pickup.zawa.large_meat_raw":9,"stat.mineBlock.harvestcraft.windygarden":7,"stat.craftItem.zawa.thick_fur":8,"stat.drop.rustic.log":64,"stat.useItem.rustic.wildberries":6,"stat.useItem.harvestcraft.blackberryitem":1,"stat.pickup.mca.rose_gold_ore":39,"stat.pickup.minecraft.stone_stairs":1,"stat.pickup.minecraft.potion":7,"stat.useItem.minecraft.dye":8,"stat.useItem.minecraft.beef":1,"stat.useItem.harvestcraft.beanitem":1,"stat.deaths":47,"stat.pickup.zawa.fur":4,"stat.playOneMinute":508088,"stat.pickup.zawa.peach_flower":1,"stat.drop.minecraft.string":2,"stat.pickup.hempfarmer.violet_raw_hemp":14,"stat.pickup.hempfarmer.seeds_indica":10,"stat.craftItem.minecraft.iron_pickaxe":1,"stat.pickup.ferdinandsflowers.block_cff_flowers":5,"stat.mineBlock.minecraft.brown_mushroom_block":3,"stat.useItem.rustic.horsetail":1,"stat.drop.harvestcraft.cottonitem":2,"stat.pickup.zawa.care_guide":5,"stat.drop.minecraft.chest":2,"stat.pickup.minecraft.iron_bars":9,"stat.drop.minecraft.torch":1,"stat.pickup.chisel.marble2":13,"stat.mineBlock.minecraft.tallgrass":244,"stat.drop.hempfarmer.seeds_indica":6,"stat.pickup.harvestcraft.cottonitem":5,"stat.chestOpened":109,"stat.pickup.hempfarmer.raw_hemp":84,"stat.pickup.zawa.ivory_tusk":20,"stat.pickup.harvestcraft.tomatoitem":1,"stat.craftItem.minecraft.sign":3,"stat.pickup.hempfarmer.bud":242,"stat.useItem.minecraft.stone":32,"stat.mineBlock.rustic.chamomile":2,"stat.pickup.minecraft.arrow":3,"stat.pickup.minecraft.iron_sword":1,"stat.craftItem.harvestcraft.mixingbowlitem":1,"stat.craftItem.hempfarmer.hemp_oil":1,"stat.pickup.rustic.chamomile":25,"stat.pickup.minecraft.gold_nugget":1,"stat.mineBlock.rustic.slate":10,"stat.craftItem.hempfarmer.superior_leaf_wand":1,"stat.mineBlock.magneticraft.limestone":13,"stat.drop.magneticraft.ores":31,"stat.fallOneCm":234664,"stat.pickup.chisel.basalt2":2,"stat.drop.minecraft.stone":180,"stat.pickup.treasure2.silver_coin":4,"stat.mineBlock.rustic.horsetail":4,"stat.crouchOneCm":26515,"stat.mineBlock.minecraft.chest":3,"stat.drop.minecraft.gold_ore":10,"stat.pickup.harvestcraft.caulifloweritem":1,"stat.craftItem.hempfarmer.resin":1,"stat.craftItem.minecraft.chest":10,"stat.craftItem.minecraft.iron_ingot":117,"stat.useItem.harvestcraft.bellpepperitem":1,"stat.craftingTableInteraction":101,"stat.pickup.rustic.horsetail":10,"stat.craftItem.harvestcraft.freshwateritem":104,"stat.pickup.treasure2.stone_key":4,"stat.craftItem.cannibalism.playerfleshcooked":390,"stat.pickup.minecraft.feather":2,"stat.useItem.minecraft.furnace":1,"stat.useItem.minecraft.reeds":6,"stat.pickup.minecraft.planks":8,"stat.pickup.minecraft.iron_leggings":1,"stat.pickup.minecraft.wheat_seeds":261,"stat.mineBlock.minecraft.gravel":15,"stat.useItem.minecraft.stone_pickaxe":1307,"stat.pickup.zawa.bush_meat_raw":1,"stat.mineBlock.ferdinandsflowers.block_cff_doubles":1,"stat.pickup.zawa.dried_bamboo":1,"stat.drop.hempfarmer.seeds_hemp":51,"stat.mineBlock.minecraft.dirt":300,"stat.drop.minecraft.reeds":42,"stat.useItem.zawa.carnivore_meat_raw":1,"stat.drop.minecraft.stick":1,"stat.craftItem.minecraft.leather":21,"stat.useItem.minecraft.iron_bars":29,"stat.useItem.minecraft.torch":71,"stat.useItem.minecraft.bread":28,"stat.pickup.rustic.bee":4,"stat.mineBlock.ferdinandsflowers.block_cff_flowers":3,"stat.mineBlock.ferdinandsflowers.block_cff_dark":3,"stat.drop.minecraft.stone_brick_stairs":68,"stat.drop.minecraft.rotten_flesh":4,"stat.pickup.minecraft.crafting_table":9,"stat.useItem.minecraft.cobblestone":161,"stat.craftItem.minecraft.crafting_table":2,"stat.mineBlock.minecraft.double_plant":10,"stat.drop.rustic.horsetail":9,"stat.pickup.harvestcraft.peasitem":6,"stat.pickup.minecraft.iron_hoe":1,"stat.mineBlock.harvestcraft.pamgooseberry":1,"stat.mineBlock.zawa.bamboo":5,"stat.pickup.minecraft.log":47,"stat.craftItem.hempfarmer.rolling_paper":18,"stat.drop.minecraft.sign":3,"stat.craftItem.harvestcraft.broccoliseeditem":1,"stat.drop.minecraft.stonebrick":51,"stat.pickup.zawa.bamboo":7,"stat.craftItem.harvestcraft.bakewareitem":1,"stat.pickup.hempfarmer.rolling_paper":7,"stat.useItem.harvestcraft.cabbageitem":1,"stat.drop.minecraft.sapling":14,"stat.drop.minecraft.gold_nugget":1,"stat.pickup.minecraft.sapling":35,"stat.useItem.cannibalism.playerflesh":25,"stat.mineBlock.rustic.mooncap_mushroom":1,"stat.pickup.minecraft.beetroot":5,"stat.useItem.harvestcraft.caulifloweritem":1,"stat.craftItem.minecraft.bucket":1,"stat.craftItem.minecraft.planks":176,"stat.useItem.minecraft.iron_sword":69,"stat.pickup.cannibalism.playerflesh":450,"stat.useItem.zawa.large_meat_raw":3,"stat.useItem.minecraft.stonebrick":4,"stat.mineBlock.minecraft.log":47,"stat.mineBlock.minecraft.waterlily":1,"stat.pickup.hempfarmer.lime_raw_hemp":24,"stat.craftItem.hempfarmer.regs_joint":9,"stat.useItem.minecraft.stone_hoe":80,"stat.craftItem.minecraft.flower_pot":1,"stat.drop.cannibalism.playerflesh":2,"stat.useItem.harvestcraft.elderberryitem":1,"stat.craftItem.minecraft.paper":6,"stat.sneakTime":10713,"stat.pickup.rustic.chili_pepper_seeds":34,"stat.pickup.minecraft.wool":3,"stat.pickup.ferdinandsflowers.block_cff_flowerse":1,"stat.drop.variedcommodities.coin_emerald":2,"stat.pickup.ferdinandsflowers.block_cff_flowersc":1,"stat.useItem.minecraft.beetroot":5,"stat.pickup.harvestcraft.gooseberryitem":6,"stat.pickup.minecraft.chest":6,"stat.craftItem.minecraft.diamond_chestplate":1,"stat.useItem.hempfarmer.seeds_hemp":40,"stat.pickup.minecraft.bone":3,"stat.craftItem.minecraft.diamond_leggings":1,"stat.mineBlock.minecraft.cobblestone":199,"stat.pickup.minecraft.stone_pickaxe":2,"stat.drop.rustic.mooncap_mushroom":4,"stat.pickup.rustic.mooncap_mushroom":10,"stat.pickup.minecraft.flower_pot":1,"stat.useItem.minecraft.diamond_sword":42,"stat.useItem.hempfarmer.sativa_joint":9,"stat.craftItem.minecraft.diamond_helmet":1,"stat.swimOneCm":93133,"stat.climbOneCm":23592,"stat.pickup.magneticraft.limestone":27,"stat.drop.minecraft.cobblestone":437,"stat.pickup.hempfarmer.regs_joint":1,"stat.useItem.minecraft.obsidian":8,"stat.useItem.minecraft.dirt":98,"stat.useItem.chococraft.gysahl_green":32,"stat.useItem.minecraft.stone_slab2":81,"stat.pickup.minecraft.bow":1,"stat.useItem.harvestcraft.barleyitem":1,"stat.pickup.zawa.bird_meat":1,"stat.pickup.minecraft.iron_boots":1,"stat.drop.variedcommodities.coin_diamond":3,"stat.useItem.harvestcraft.wintersquashitem":1,"stat.pickup.minecraft.stone_hoe":1,"stat.craftItem.minecraft.furnace":1,"stat.pickup.zawa.carnivore_meat_raw":1,"stat.pickup.harvestcraft.broccoliitem":1,"stat.mineBlock.zawa.dried_bamboo":2,"stat.craftItem.minecraft.stone_pickaxe":8,"stat.mineBlock.minecraft.obsidian":12,"stat.pickup.minecraft.shears":4,"stat.useItem.of.coffee_bean":5,"stat.pickup.minecraft.cobblestone":3617,"stat.useItem.zawa.bush_meat_raw":1,"stat.drop.ferdinandsflowers.block_cff_flowers":1,"stat.pickup.ferdinandsflowers.block_cff_fungus":29,"stat.flyOneCm":1433032,"stat.pickup.zawa.rhino_hide":2,"stat.drop.zawa.ivory_tusk":8,"stat.drop.minecraft.wheat_seeds":20,"stat.pickup.mowziesmobs.glowing_jelly":4,"stat.pickup.rustic.slate":9,"stat.useItem.harvestcraft.whitemushroomitem":1,"stat.pickup.minecraft.redstone":665,"stat.mineBlock.minecraft.iron_ore":119,"stat.drop.treasure2.stone_key":2,"stat.timeSinceDeath":4929,"stat.craftItem.rustic.planks":20,"stat.useItem.minecraft.sign":1,"stat.pickup.chococraft.lovely_gysahl_green":10,"stat.drop.zawa.elephant_leather":1,"stat.pickup.minecraft.mutton":1,"stat.drop.rustic.chili_pepper_seeds":10,"stat.drop.minecraft.coal":52,"stat.pickup.harvestcraft.whitemushroomitem":1,"stat.pickup.hempfarmer.leaf":29,"stat.pickup.travelersbackpack.travelers_backpack":1,"stat.pickup.harvestcraft.beanitem":1,"stat.useItem.minecraft.potato":1,"stat.useItem.harvestcraft.cornitem":1,"stat.pickup.minecraft.stonebrick":207,"stat.drop.extrautils2.ingredients":2,"stat.drop.minecraft.dirt":132,"stat.drop.minecraft.beetroot_seeds":11,"stat.mineBlock.minecraft.coal_ore":203,"stat.pickup.chococraft.chocobo_feather":1,"stat.killEntity.Creeper":3,"stat.talkedToVillager":56,"stat.craftItem.minecraft.stone_hoe":1,"stat.pickup.extrautils2.ingredients":8,"stat.pickup.harvestcraft.broccoliseeditem":1,"stat.pickup.minecraft.string":7,"stat.craftItem.hempfarmer.leaf_wand":1,"stat.pickup.tombstone.crafting_ingredient":7,"stat.craftItem.minecraft.stone_slab2":0,"stat.pickup.ferdinandsflowers.block_cff_dark":4,"stat.killEntity.rat":4,"stat.drop.hempfarmer.regs_joint":3,"stat.sprintOneCm":1226904,"stat.drop.rustic.tomato_seeds":4,"stat.drop.minecraft.leather":42,"stat.craftItem.minecraft.stick":108,"stat.drop.minecraft.potion":3,"stat.mineBlock.rustic.wildberry_bush":1,"stat.craftItem.minecraft.stone":154,"stat.mineBlock.minecraft.diamond_ore":43,"stat.pickup.harvestcraft.barleyitem":1,"stat.mineBlock.minecraft.crafting_table":2,"stat.useItem.minecraft.diamond_pickaxe":569,"stat.pickup.harvestcraft.quinoaitem":24,"stat.useItem.minecraft.wheat":186,"stat.useItem.harvestcraft.turnipitem":1,"stat.pickup.hempfarmer.leaf_wand":7,"stat.drop.harvestcraft.quinoaitem":9,"stat.useItem.hempfarmer.seeds_indica":3,"stat.pickup.chococraft.gysahl_green_seeds":90,"stat.entityKilledBy.Creeper":1,"stat.pickup.hempfarmer.sativa_bud":25,"stat.mineBlock.minecraft.planks":6,"stat.drop":142,"stat.craftItem.harvestcraft.potitem":1,"stat.killEntity.Sheep":1,"stat.useItem.minecraft.ladder":16,"stat.craftItem.minecraft.diamond_pickaxe":2,"stat.killEntity.Zombie":12,"stat.craftItem.minecraft.dye":9,"stat.drop.minecraft.bread":17,"stat.craftItem.minecraft.diamond_axe":1,"stat.mineBlock.minecraft.gold_ore":10,"stat.useItem.zawa.bamboo":4,"stat.diveOneCm":219071,"stat.drop.minecraft.diamond_pickaxe":2,"stat.pickup.minecraft.wheat":552,"stat.craftItem.minecraft.ladder":18,"stat.pickup.minecraft.sign":1,"stat.mineBlock.ferdinandsflowers.block_cff_flowersc":1,"stat.mineBlock.ferdinandsflowers.block_cff_flowersb":3,"stat.pickup.minecraft.gravel":9,"stat.useItem.minecraft.diamond_axe":100,"stat.mineBlock.ferdinandsflowers.block_cff_flowerse":1,"stat.mineBlock.ferdinandsflowers.block_cff_flowersd":1,"stat.pickup.minecraft.obsidian":11,"stat.pickup.harvestcraft.ryeitem":1,"stat.pickup.minecraft.stone_brick_stairs":290,"stat.pickup.harvestcraft.blackberryitem":1,"stat.pickup.minecraft.diamond_sword":2,"stat.craftItem.minecraft.diamond_sword":1,"stat.jump":7976,"stat.pickup.minecraft.coal":304,"stat.pickup.minecraft.iron_helmet":1,"stat.pickup.minecraft.iron_ingot":112,"stat.pickup.hempfarmer.seeds_sativa":144,"stat.mineBlock.zawa.bald_eagle_plush":3,"stat.useItem.minecraft.stone_axe":82,"stat.drop.minecraft.diamond_sword":1,"stat.craftItem.minecraft.bread":45,"stat.pickup.minecraft.gunpowder":4,"stat.mineBlock.harvestcraft.shadedgarden":2,"stat.pickup.harvestcraft.peanutitem":1,"stat.craftItem.minecraft.torch":72,"stat.pickup.minecraft.dirt":577,"stat.pickup.harvestcraft.bellpepperitem":3,"stat.mineBlock.harvestcraft.frostgarden":4,"stat.drop.minecraft.glass":9,"stat.pickup.minecraft.iron_ore":119,"stat.pickup.rustic.log":565,"stat.mineBlock.mca.rose_gold_ore":13,"stat.pickup.leatherworks.rawhide_cow":2,"stat.pickup.minecraft.gold_ore":40,"stat.mineBlock.minecraft.iron_bars":9,"stat.pickup.rustic.tomato_seeds":20,"stat.pickup.minecraft.cookie":2,"stat.craftItem.cannibalism.ironknife":1,"stat.mineBlock.minecraft.glass_pane":1,"stat.mineBlock.minecraft.leaves2":1,"stat.mineBlock.minecraft.stone_stairs":1,"stat.damageTaken":6612,"stat.craftItem.minecraft.iron_bars":32,"stat.pickup.minecraft.leather":63,"stat.mineBlock.minecraft.furnace":2,"stat.mineBlock.minecraft.torch":12,"stat.mineBlock.ferdinandsflowers.block_cff_fungus":18,"stat.pickup.minecraft.reeds":112,"stat.craftItem.hempfarmer.sativa_joint":2,"stat.pickup.minecraft.potato":1,"stat.entityKilledBy.Zombie":1,"stat.craftItem.harvestcraft.doughitem":45,"stat.useItem.cannibalism.playerfleshcooked":14,"stat.damageDealt":11000,"stat.craftItem.minecraft.glass":6,"stat.pickup.variedcommodities.coin_gold":16,"stat.sleepInBed":1,"stat.pickup.chococraft.gysahl_green":42,"stat.pickup.harvestcraft.lettuceitem":1,"stat.pickup.harvestcraft.oatsitem":4,"stat.pickup.hempfarmer.indica_joint":1,"stat.mineBlock.harvestcraft.pamspiderweb":3,"stat.pickup.harvestcraft.elderberryitem":1,"stat.mineBlock.magneticraft.ores":32,"stat.useItem.harvestcraft.onionitem":1,"stat.walkOneCm":946425,"stat.animalsBred":1,"stat.mineBlock.securitycraft.dirt_mine":1,"stat.useItem.minecraft.chest":5,"stat.pickup.of.coffee_bean":24,"stat.drop.minecraft.wheat":26,"stat.pickup.minecraft.diamond_pickaxe":3,"stat.pickup.minecraft.clay_ball":461,"stat.pickup.harvestcraft.cabbageitem":1,"stat.craftItem.harvestcraft.flouritem":45,"stat.pickup.zawa.elephant_leather":6,"stat.drop.treasure2.silver_coin":2,"stat.mineBlock.zawa.karvy_bottom":1,"stat.pickup.harvestcraft.celeryitem":1,"stat.mineBlock.chisel.basalt2":8,"stat.craftItem.harvestcraft.mortarandpestleitem":1,"stat.useItem.hempfarmer.indica_joint":8,"stat.craftItem.minecraft.diamond_boots":1,"stat.pickup.minecraft.stone":465,"stat.useItem.harvestcraft.scallionitem":1,"stat.drop.chococraft.gysahl_green_seeds":2,"stat.killEntity.Skeleton":5,"stat.killEntity.wild_dog":2,"stat.pickup.harvestcraft.amaranthitem":2,"stat.mineBlock.minecraft.stonebrick":52,"stat.pickup.ferdinandsflowers.block_cff_doubles":2,"stat.drop.hempfarmer.leaf_wand":3,"stat.drop.minecraft.cookie":1,"stat.drop.minecraft.crafting_table":4,"stat.pickup.harvestcraft.queenbeeitem":2,"stat.killEntity.Spider":3,"stat.useItem.hempfarmer.seeds_sativa":7,"stat.pickup.zawa.karvy":1,"stat.useItem.harvestcraft.celeryitem":1,"stat.pickup.variedcommodities.coin_iron":10,"stat.mobKills":45,"stat.craftItem.minecraft.shears":1,"stat.useItem.hempfarmer.leaf_wand":1,"stat.pickup.zawa.bald_eagle_plush":2,"stat.pickup.minecraft.diamond":55,"stat.mineBlock.minecraft.leaves":15,"stat.pickup.minecraft.beetroot_seeds":23,"stat.pickup.harvestcraft.raspberryitem":2,"stat.pickup.minecraft.torch":14,"stat.mineBlock.minecraft.redstone_ore":42,"stat.drop.minecraft.shears":2,"stat.mineBlock.zawa.peach_flower":1,"stat.craftItem.minecraft.brick":16,"stat.drop.zawa.care_guide":3,"stat.mineBlock.rustic.wind_thistle":1,"stat.mineBlock.minecraft.stone":1243,"stat.craftItem.harvestcraft.saltitem":56}