{"stat.drop.ferdinandsflowers.block_cff_doubles":2,"stat.pickup.minecraft.wooden_slab":10,"stat.leaveGame":8,"stat.craftItem.minecraft.iron_axe":3,"stat.pickup.harvestcraft.huckleberryitem":48,"stat.mineBlock.rustic.leaves":6,"stat.useItem.harvestcraft.rootbeerfloatitem":1,"stat.pickup.zawa.crocodile_leather":2,"stat.pickup.minecraftfuture.flowerblue":1,"stat.craftItem.minecraft.string":42,"stat.useItem.minecraft.planks":35,"stat.craftItem.minecraft.shield":1,"stat.pickup.minecraft.porkchop":48,"stat.pickup.rustic.cloudsbluff":3,"stat.pickup.harvestcraft.seaweeditem":36,"stat.pickup.minecraft.rotten_flesh":19,"stat.drop.animalium.wild_dog_pelt":1,"stat.craftItem.minecraft.stone_axe":1,"stat.pickup.animalium.wild_dog_pelt":5,"stat.pickup.minecraft.bucket":1,"stat.pickup.harvestcraft.wintersquashitem":6,"stat.pickup.variedcommodities.coin_diamond":4,"stat.pickup.magneticraft.ores":6,"stat.mineBlock.extrautils2.redorchid":1,"stat.mineBlock.minecraft.sand":1,"stat.pickup.hempfarmer.seeds_hemp":17,"stat.mineBlock.rustic.log":4,"stat.useItem.minecraft.iron_pickaxe":2592,"stat.craftItem.minecraft.wooden_pickaxe":1,"stat.craftItem.minecraft.bed":1,"stat.useItem.harvestcraft.peasitem":5,"stat.pickup.harvestcraft.onionitem":6,"stat.useItem.harvestcraft.quinoaitem":4,"stat.mineBlock.chisel.marble2":88,"stat.mineBlock.chisel.marble1":1,"stat.furnaceInteraction":54,"stat.pickup.harvestcraft.cornitem":15,"stat.pickup.harvestcraft.spinachitem":38,"stat.pickup.variedcommodities.coin_emerald":3,"stat.drop.minecraft.red_flower":1,"stat.pickup.minecraft.fence_gate":1,"stat.pickup.harvestcraft.brusselsproutitem":34,"stat.mineBlock.harvestcraft.windygarden":100,"stat.drop.rustic.log":1,"stat.useItem.rustic.wildberries":2,"stat.useItem.minecraft.fence":13,"stat.useItem.minecraft.stone_stairs":68,"stat.pickup.mca.rose_gold_ore":20,"stat.pickup.minecraft.stone_stairs":3,"stat.mineBlock.minecraft.fence":3,"stat.craftItem.minecraft.fence_gate":1,"stat.deaths":21,"stat.entityKilledBy.wild_dog":2,"stat.playOneMinute":527748,"stat.useItem.harvestcraft.okraitem":8,"stat.craftItem.minecraft.iron_pickaxe":11,"stat.pickup.ferdinandsflowers.block_cff_flowers":2,"stat.useItem.chisel.planks-oak":26,"stat.pickup.zawa.care_guide":2,"stat.drop.minecraft.iron_ingot":3,"stat.drop.minecraft.torch":3,"stat.pickup.chisel.marble1":1,"stat.pickup.chisel.marble2":166,"stat.mineBlock.minecraft.tallgrass":178,"stat.pickup.harvestcraft.cottonitem":75,"stat.chestOpened":95,"stat.pickup.harvestcraft.kaleitem":28,"stat.craftItem.minecraft.sign":3,"stat.pickup.hempfarmer.bud":6,"stat.useItem.minecraft.stone":18,"stat.pickup.minecraft.arrow":12,"stat.pickup.harvestcraft.tomatilloitem":44,"stat.pickup.harvestcraft.waterchestnutitem":29,"stat.mineBlock.rustic.slate":53,"stat.pickup.harvestcraft.chilipepperitem":3,"stat.mineBlock.magneticraft.limestone":10,"stat.drop.ferdinandsflowers.block_cff_flowersc":2,"stat.fallOneCm":228381,"stat.pickup.chisel.basalt2":13,"stat.pickup.minecraft.carrot":106,"stat.mineBlock.rustic.horsetail":1,"stat.crouchOneCm":16856,"stat.mineBlock.minecraft.chest":1,"stat.pickup.harvestcraft.caulifloweritem":24,"stat.craftItem.minecraft.chest":5,"stat.craftItem.minecraft.iron_ingot":190,"stat.pickup.minecraft.melon":14,"stat.craftingTableInteraction":69,"stat.pickup.rustic.horsetail":1,"stat.useItem.chisel.marble1":61,"stat.craftItem.cannibalism.playerfleshcooked":39,"stat.useItem.minecraft.furnace":6,"stat.craftItem.mca.rose_gold_ingot":15,"stat.pickup.minecraft.planks":34,"stat.pickup.chisel.limestone2":8,"stat.pickup.minecraft.wheat_seeds":287,"stat.mineBlock.minecraft.gravel":92,"stat.useItem.minecraft.stone_pickaxe":2109,"stat.craftItem.minecraft.iron_leggings":1,"stat.mineBlock.ferdinandsflowers.block_cff_doubles":1,"stat.drop.hempfarmer.seeds_hemp":9,"stat.useItem.harvestcraft.spinachitem":1,"stat.mineBlock.minecraft.dirt":227,"stat.useItem.minecraft.torch":190,"stat.useItem.minecraft.bread":7,"stat.mineBlock.ferdinandsflowers.block_cff_flowers":12,"stat.mineBlock.ferdinandsflowers.block_cff_dark":18,"stat.craftItem.minecraft.redstone_block":1,"stat.useItem.harvestcraft.spiceleafitem":2,"stat.drop.minecraft.rotten_flesh":2,"stat.craftItem.minecraft.stone_stairs":72,"stat.pickup.minecraft.crafting_table":1,"stat.useItem.minecraft.cobblestone":75,"stat.craftItem.minecraft.crafting_table":4,"stat.mineBlock.minecraft.double_plant":14,"stat.drop.rustic.horsetail":1,"stat.drop.leatherworks.rawhide_pig":1,"stat.pickup.harvestcraft.peasitem":24,"stat.pickup.minecraft.log":93,"stat.drop.minecraft.carrot":3,"stat.mineBlock.zawa.bellflowers":2,"stat.pickup.minecraft.chainmail_leggings":2,"stat.craftItem.chisel.chisel_iron":1,"stat.pickup.minecraft.sapling":4,"stat.pickup.minecraft.wooden_door":7,"stat.useItem.cannibalism.playerflesh":20,"stat.useItem.harvestcraft.caulifloweritem":8,"stat.pickup.harvestcraft.parsnipitem":4,"stat.craftItem.minecraft.bucket":1,"stat.craftItem.minecraft.planks":276,"stat.pickup.cannibalism.playerflesh":93,"stat.pickup.harvestcraft.rutabagaitem":58,"stat.pickup.minecraft.book":3,"stat.mineBlock.minecraft.log":76,"stat.craftItem.minecraft.wooden_door":3,"stat.craftItem.minecraft.flower_pot":1,"stat.useItem.minecraft.wooden_door":4,"stat.useItem.hempfarmer.regs_joint":3,"stat.pickup.minecraft.red_flower":2,"stat.sneakTime":10002,"stat.pickup.rustic.chili_pepper_seeds":3,"stat.pickup.of.empty_bookshelf":2,"stat.pickup.ferdinandsflowers.block_cff_flowersd":1,"stat.pickup.ferdinandsflowers.block_cff_flowersc":4,"stat.pickup.minecraft.chest":1,"stat.pickup.minecraft.bone":17,"stat.craftItem.leatherworks.drying_rack_oak":4,"stat.useItem.minecraft.iron_axe":229,"stat.mineBlock.minecraft.cobblestone":7,"stat.pickup.minecraft.stone_pickaxe":2,"stat.pickup.minecraft.flint":14,"stat.mineBlock.minecraft.yellow_flower":1,"stat.craftItem.minecraft.wool":6,"stat.pickup.minecraft.flower_pot":1,"stat.swimOneCm":44096,"stat.climbOneCm":2148,"stat.pickup.magneticraft.limestone":7,"stat.pickup.harvestcraft.artichokeitem":4,"stat.pickup.hempfarmer.regs_joint":5,"stat.pickup.harvestcraft.okraitem":43,"stat.useItem.minecraft.dirt":181,"stat.useItem.chococraft.gysahl_green":1,"stat.useItem.minecraft.stone_slab2":86,"stat.useItem.rustic.slate":3,"stat.craftItem.minecraft.furnace":9,"stat.pickup.harvestcraft.broccoliitem":41,"stat.craftItem.minecraft.iron_boots":1,"stat.pickup.animalium.rat_meat":1,"stat.craftItem.minecraft.stone_pickaxe":17,"stat.pickup.minecraft.cobblestone":2456,"stat.pickup.harvestcraft.jicamaitem":32,"stat.mineBlock.minecraft.clay":16,"stat.useItem.minecraft.stone_shovel":118,"stat.mineBlock.chisel.limestone2":8,"stat.flyOneCm":1683157,"stat.pickup.harvestcraft.cranberryitem":35,"stat.drop.minecraft.wheat_seeds":1,"stat.mineBlock.zawa.mixed_stone_mossy":1,"stat.pickup.rustic.slate":71,"stat.craftItem.minecraft.wooden_slab":18,"stat.pickup.minecraft.redstone":155,"stat.mineBlock.minecraft.iron_ore":206,"stat.drop.cannibalism.playerfleshcooked":1,"stat.timeSinceDeath":19473,"stat.craftItem.rustic.planks":16,"stat.useItem.harvestcraft.peanutitem":2,"stat.craftItem.ferdinandsflowers.block_cff_dark":1,"stat.pickup.chococraft.lovely_gysahl_green":12,"stat.useItem.minecraft.sign":1,"stat.useItem.minecraft.wooden_slab":5,"stat.craftItem.minecraft.stonebrick":128,"stat.pickup.travelersbackpack.travelers_backpack":10,"stat.pickup.harvestcraft.riceitem":33,"stat.pickup.minecraft.stonebrick":64,"stat.pickup.rustic.sapling":1,"stat.mineBlock.minecraft.coal_ore":114,"stat.pickup.chococraft.chocobo_feather":4,"stat.killEntity.Creeper":1,"stat.talkedToVillager":115,"stat.pickup.extrautils2.ingredients":6,"stat.pickup.minecraft.string":2,"stat.pickup.comforts.sleeping_bag":1,"stat.pickup.harvestcraft.asparagusitem":40,"stat.pickup.tombstone.crafting_ingredient":4,"stat.entityKilledBy.Skeleton":2,"stat.craftItem.minecraft.stone_slab2":0,"stat.pickup.harvestcraft.mulberryitem":33,"stat.killEntity.rat":3,"stat.pickup.ferdinandsflowers.block_cff_dark":17,"stat.sprintOneCm":1027519,"stat.craftItem.minecraft.stick":248,"stat.drop.harvestcraft.barleyitem":1,"stat.mineBlock.rustic.wildberry_bush":2,"stat.craftItem.minecraft.stone":140,"stat.mineBlock.minecraft.diamond_ore":18,"stat.pickup.harvestcraft.barleyitem":8,"stat.mineBlock.minecraft.crafting_table":1,"stat.pickup.harvestcraft.quinoaitem":48,"stat.useItem.minecraft.carrot":1,"stat.useItem.minecraft.wheat":152,"stat.useItem.leatherworks.drying_rack_oak":3,"stat.pickup.chococraft.gysahl_green_seeds":64,"stat.entityKilledBy.Creeper":1,"stat.pickup.harvestcraft.mustardseedsitem":6,"stat.mineBlock.minecraft.planks":31,"stat.drop":40,"stat.pickup.harvestcraft.flaxitem":3,"stat.killEntity.Zombie":8,"stat.mineBlock.minecraft.gold_ore":13,"stat.diveOneCm":60958,"stat.pickup.minecraft.wheat":227,"stat.pickup.minecraft.sign":1,"stat.drop.harvestcraft.cornitem":1,"stat.mineBlock.ferdinandsflowers.block_cff_flowersc":4,"stat.pickup.minecraft.gravel":50,"stat.mineBlock.ferdinandsflowers.block_cff_flowerse":2,"stat.mineBlock.ferdinandsflowers.block_cff_flowersd":4,"stat.pickup.harvestcraft.ryeitem":50,"stat.useItem.minecraft.porkchop":2,"stat.pickup.harvestcraft.kohlrabiitem":28,"stat.craftItem.zawa.animal_net":1,"stat.drop.harvestcraft.wintersquashitem":2,"stat.jump":8978,"stat.pickup.minecraft.fence":10,"stat.pickup.minecraft.coal":118,"stat.pickup.minecraft.iron_ingot":74,"stat.useItem.minecraft.stone_axe":102,"stat.pickup.minecraft.gunpowder":2,"stat.pickup.harvestcraft.milletitem":29,"stat.pickup.harvestcraft.peanutitem":2,"stat.craftItem.minecraft.torch":152,"stat.pickup.minecraft.dirt":327,"stat.pickup.harvestcraft.bellpepperitem":4,"stat.craftItem.comforts.sleeping_bag":1,"stat.mineBlock.harvestcraft.frostgarden":150,"stat.pickup.minecraft.iron_ore":190,"stat.pickup.leatherworks.rawhide_pig":13,"stat.pickup.rustic.log":52,"stat.mineBlock.mca.rose_gold_ore":15,"stat.pickup.minecraft.stone_shovel":2,"stat.pickup.minecraft.gold_ore":11,"stat.mineBlock.minecraft.lapis_ore":1,"stat.pickup.rustic.tomato_seeds":10,"stat.craftItem.cannibalism.ironknife":1,"stat.pickup.minecraft.iron_axe":1,"stat.mineBlock.minecraft.stone_stairs":4,"stat.damageTaken":4496,"stat.mineBlock.minecraft.torch":42,"stat.mineBlock.minecraft.red_flower":1,"stat.mineBlock.minecraft.melon_block":3,"stat.useItem.minecraft.wooden_pickaxe":3,"stat.mineBlock.ferdinandsflowers.block_cff_fungus":1,"stat.pickup.harvestcraft.blueberryitem":26,"stat.useItem.variedcommodities.coin_diamond":1,"stat.pickup.minecraft.bed":2,"stat.useItem.tombstone.grave_key":2,"stat.mineBlock.minecraft.fence_gate":1,"stat.pickup.minecraft.potato":2,"stat.drop.minecraftfuture.flowerblue":1,"stat.useItem.cannibalism.playerfleshcooked":8,"stat.damageDealt":6434,"stat.pickup.variedcommodities.coin_gold":16,"stat.sleepInBed":6,"stat.pickup.chococraft.gysahl_green":16,"stat.pickup.harvestcraft.lettuceitem":7,"stat.pickup.harvestcraft.oatsitem":40,"stat.killEntity.Pig":23,"stat.pickup.harvestcraft.elderberryitem":4,"stat.mineBlock.magneticraft.ores":18,"stat.craftItem.minecraft.stone_shovel":1,"stat.walkOneCm":1343391,"stat.animalsBred":4,"stat.useItem.minecraft.chest":1,"stat.pickup.cannibalism.playerfleshcooked":1,"stat.pickup.of.coffee_bean":2,"stat.pickup.minecraft.stick":7,"stat.pickup.harvestcraft.greengrapeitem":32,"stat.pickup.harvestcraft.cabbageitem":46,"stat.pickup.minecraft.clay_ball":192,"stat.killEntity.piranha":1,"stat.pickup.harvestcraft.celeryitem":68,"stat.mineBlock.chisel.basalt2":15,"stat.useItem.minecraft.melon":10,"stat.mineBlock.zawa.golden_sparks":1,"stat.pickup.harvestcraft.spiceleafitem":42,"stat.pickup.minecraft.stone":391,"stat.craftItem.minecraft.iron_chestplate":1,"stat.drop.mca.baby_girl":6,"stat.killEntity.Skeleton":5,"stat.killEntity.wild_dog":3,"stat.pickup.harvestcraft.amaranthitem":3,"stat.pickup.ferdinandsflowers.block_cff_doubles":2,"stat.pickup.harvestcraft.cucumberitem":4,"stat.killEntity.Spider":2,"stat.pickup.harvestcraft.strawberryitem":5,"stat.pickup.minecraft.bread":7,"stat.pickup.variedcommodities.coin_iron":15,"stat.mobKills":47,"stat.mineBlock.minecraft.bookshelf":1,"stat.craftItem.minecraft.fence":15,"stat.pickup.minecraft.diamond":29,"stat.mineBlock.minecraft.leaves":36,"stat.craftItem.mca.whistle":1,"stat.pickup.harvestcraft.raspberryitem":36,"stat.pickup.minecraft.torch":60,"stat.useItem.harvestcraft.kohlrabiitem":2,"stat.mineBlock.minecraft.redstone_ore":47,"stat.mineBlock.harvestcraft.soggygarden":204,"stat.pickup.harvestcraft.beetitem":57,"stat.craftItem.minecraft.brick":32,"stat.mineBlock.minecraft.stone":3918,"stat.craftItem.mca.wedding_ring_rg":1}