{"stat.drop.ferdinandsflowers.block_cff_doubles":2,"stat.leaveGame":6,"stat.craftItem.minecraft.iron_axe":1,"stat.pickup.harvestcraft.huckleberryitem":48,"stat.mineBlock.rustic.leaves":6,"stat.useItem.harvestcraft.rootbeerfloatitem":1,"stat.pickup.zawa.crocodile_leather":2,"stat.pickup.minecraftfuture.flowerblue":1,"stat.craftItem.minecraft.string":42,"stat.useItem.minecraft.planks":20,"stat.craftItem.minecraft.shield":1,"stat.pickup.minecraft.porkchop":22,"stat.pickup.rustic.cloudsbluff":3,"stat.pickup.harvestcraft.seaweeditem":36,"stat.pickup.minecraft.rotten_flesh":11,"stat.craftItem.minecraft.stone_axe":1,"stat.pickup.harvestcraft.wintersquashitem":6,"stat.pickup.variedcommodities.coin_diamond":4,"stat.pickup.magneticraft.ores":5,"stat.mineBlock.extrautils2.redorchid":1,"stat.mineBlock.minecraft.sand":1,"stat.pickup.hempfarmer.seeds_hemp":17,"stat.mineBlock.rustic.log":4,"stat.useItem.minecraft.iron_pickaxe":503,"stat.craftItem.minecraft.wooden_pickaxe":1,"stat.useItem.harvestcraft.peasitem":5,"stat.pickup.harvestcraft.onionitem":3,"stat.useItem.harvestcraft.quinoaitem":4,"stat.mineBlock.chisel.marble2":88,"stat.furnaceInteraction":25,"stat.pickup.harvestcraft.cornitem":15,"stat.pickup.harvestcraft.spinachitem":38,"stat.pickup.variedcommodities.coin_emerald":2,"stat.drop.minecraft.red_flower":1,"stat.pickup.minecraft.fence_gate":1,"stat.pickup.harvestcraft.brusselsproutitem":34,"stat.mineBlock.harvestcraft.windygarden":100,"stat.drop.rustic.log":1,"stat.useItem.rustic.wildberries":2,"stat.useItem.minecraft.fence":13,"stat.useItem.minecraft.stone_stairs":68,"stat.pickup.mca.rose_gold_ore":5,"stat.pickup.minecraft.stone_stairs":3,"stat.mineBlock.minecraft.fence":3,"stat.craftItem.minecraft.fence_gate":1,"stat.deaths":7,"stat.entityKilledBy.wild_dog":2,"stat.playOneMinute":351465,"stat.useItem.harvestcraft.okraitem":8,"stat.craftItem.minecraft.iron_pickaxe":2,"stat.pickup.ferdinandsflowers.block_cff_flowers":2,"stat.pickup.zawa.care_guide":2,"stat.drop.minecraft.iron_ingot":3,"stat.pickup.chisel.marble2":166,"stat.mineBlock.minecraft.tallgrass":168,"stat.pickup.harvestcraft.cottonitem":73,"stat.chestOpened":42,"stat.pickup.harvestcraft.kaleitem":28,"stat.craftItem.minecraft.sign":3,"stat.pickup.hempfarmer.bud":6,"stat.pickup.minecraft.arrow":5,"stat.pickup.harvestcraft.tomatilloitem":44,"stat.pickup.harvestcraft.waterchestnutitem":29,"stat.mineBlock.rustic.slate":36,"stat.pickup.harvestcraft.chilipepperitem":3,"stat.mineBlock.magneticraft.limestone":10,"stat.drop.ferdinandsflowers.block_cff_flowersc":2,"stat.fallOneCm":196752,"stat.pickup.chisel.basalt2":3,"stat.pickup.minecraft.carrot":65,"stat.mineBlock.rustic.horsetail":1,"stat.crouchOneCm":12893,"stat.mineBlock.minecraft.chest":1,"stat.pickup.harvestcraft.caulifloweritem":24,"stat.craftItem.minecraft.chest":3,"stat.craftItem.minecraft.iron_ingot":106,"stat.pickup.minecraft.melon":14,"stat.craftingTableInteraction":38,"stat.pickup.rustic.horsetail":1,"stat.useItem.minecraft.furnace":6,"stat.pickup.minecraft.planks":1,"stat.pickup.chisel.limestone2":8,"stat.pickup.minecraft.wheat_seeds":285,"stat.mineBlock.minecraft.gravel":43,"stat.useItem.minecraft.stone_pickaxe":1868,"stat.craftItem.minecraft.iron_leggings":1,"stat.mineBlock.ferdinandsflowers.block_cff_doubles":1,"stat.drop.hempfarmer.seeds_hemp":9,"stat.useItem.harvestcraft.spinachitem":1,"stat.mineBlock.minecraft.dirt":127,"stat.useItem.minecraft.torch":136,"stat.useItem.minecraft.bread":7,"stat.mineBlock.ferdinandsflowers.block_cff_flowers":12,"stat.mineBlock.ferdinandsflowers.block_cff_dark":17,"stat.craftItem.minecraft.redstone_block":1,"stat.useItem.harvestcraft.spiceleafitem":2,"stat.drop.minecraft.rotten_flesh":2,"stat.craftItem.minecraft.stone_stairs":72,"stat.useItem.minecraft.cobblestone":56,"stat.craftItem.minecraft.crafting_table":3,"stat.mineBlock.minecraft.double_plant":14,"stat.drop.rustic.horsetail":1,"stat.pickup.harvestcraft.peasitem":24,"stat.pickup.minecraft.log":51,"stat.drop.minecraft.carrot":3,"stat.mineBlock.zawa.bellflowers":2,"stat.pickup.minecraft.chainmail_leggings":1,"stat.useItem.cannibalism.playerflesh":13,"stat.useItem.harvestcraft.caulifloweritem":8,"stat.pickup.harvestcraft.parsnipitem":2,"stat.craftItem.minecraft.planks":132,"stat.pickup.cannibalism.playerflesh":18,"stat.pickup.harvestcraft.rutabagaitem":58,"stat.pickup.minecraft.book":3,"stat.mineBlock.minecraft.log":52,"stat.useItem.hempfarmer.regs_joint":3,"stat.pickup.minecraft.red_flower":2,"stat.sneakTime":7868,"stat.pickup.rustic.chili_pepper_seeds":3,"stat.pickup.of.empty_bookshelf":1,"stat.pickup.ferdinandsflowers.block_cff_flowersd":1,"stat.pickup.ferdinandsflowers.block_cff_flowersc":4,"stat.pickup.minecraft.chest":1,"stat.pickup.minecraft.bone":9,"stat.useItem.minecraft.iron_axe":74,"stat.mineBlock.minecraft.cobblestone":4,"stat.pickup.minecraft.stone_pickaxe":1,"stat.pickup.minecraft.flint":7,"stat.mineBlock.minecraft.yellow_flower":1,"stat.craftItem.minecraft.wool":3,"stat.swimOneCm":36945,"stat.climbOneCm":2148,"stat.pickup.magneticraft.limestone":7,"stat.pickup.harvestcraft.artichokeitem":4,"stat.pickup.hempfarmer.regs_joint":3,"stat.pickup.harvestcraft.okraitem":43,"stat.useItem.minecraft.dirt":125,"stat.useItem.chococraft.gysahl_green":1,"stat.useItem.minecraft.stone_slab2":47,"stat.craftItem.minecraft.furnace":7,"stat.pickup.harvestcraft.broccoliitem":41,"stat.craftItem.minecraft.iron_boots":1,"stat.pickup.animalium.rat_meat":1,"stat.craftItem.minecraft.stone_pickaxe":16,"stat.pickup.minecraft.cobblestone":1248,"stat.pickup.harvestcraft.jicamaitem":32,"stat.mineBlock.minecraft.clay":16,"stat.useItem.minecraft.stone_shovel":97,"stat.mineBlock.chisel.limestone2":8,"stat.flyOneCm":1424375,"stat.pickup.harvestcraft.cranberryitem":35,"stat.drop.minecraft.wheat_seeds":1,"stat.mineBlock.zawa.mixed_stone_mossy":1,"stat.pickup.rustic.slate":62,"stat.pickup.minecraft.redstone":48,"stat.mineBlock.minecraft.iron_ore":121,"stat.timeSinceDeath":28331,"stat.craftItem.rustic.planks":16,"stat.useItem.harvestcraft.peanutitem":2,"stat.craftItem.ferdinandsflowers.block_cff_dark":1,"stat.pickup.chococraft.lovely_gysahl_green":6,"stat.useItem.minecraft.sign":1,"stat.pickup.harvestcraft.riceitem":33,"stat.pickup.rustic.sapling":1,"stat.mineBlock.minecraft.coal_ore":67,"stat.pickup.chococraft.chocobo_feather":4,"stat.talkedToVillager":60,"stat.pickup.extrautils2.ingredients":3,"stat.pickup.minecraft.string":2,"stat.pickup.harvestcraft.asparagusitem":40,"stat.entityKilledBy.Skeleton":2,"stat.craftItem.minecraft.stone_slab2":0,"stat.pickup.harvestcraft.mulberryitem":33,"stat.killEntity.rat":2,"stat.pickup.ferdinandsflowers.block_cff_dark":16,"stat.sprintOneCm":793950,"stat.craftItem.minecraft.stick":100,"stat.drop.harvestcraft.barleyitem":1,"stat.mineBlock.rustic.wildberry_bush":2,"stat.craftItem.minecraft.stone":12,"stat.mineBlock.minecraft.diamond_ore":5,"stat.pickup.harvestcraft.barleyitem":5,"stat.pickup.harvestcraft.quinoaitem":48,"stat.useItem.minecraft.carrot":1,"stat.useItem.minecraft.wheat":139,"stat.pickup.chococraft.gysahl_green_seeds":64,"stat.pickup.harvestcraft.mustardseedsitem":4,"stat.drop":28,"stat.pickup.harvestcraft.flaxitem":3,"stat.killEntity.Zombie":5,"stat.mineBlock.minecraft.gold_ore":4,"stat.diveOneCm":34935,"stat.pickup.minecraft.wheat":185,"stat.pickup.minecraft.sign":1,"stat.drop.harvestcraft.cornitem":1,"stat.mineBlock.ferdinandsflowers.block_cff_flowersc":4,"stat.pickup.minecraft.gravel":35,"stat.mineBlock.ferdinandsflowers.block_cff_flowerse":2,"stat.mineBlock.ferdinandsflowers.block_cff_flowersd":4,"stat.pickup.harvestcraft.ryeitem":50,"stat.useItem.minecraft.porkchop":2,"stat.pickup.harvestcraft.kohlrabiitem":28,"stat.craftItem.zawa.animal_net":1,"stat.drop.harvestcraft.wintersquashitem":2,"stat.jump":7085,"stat.pickup.minecraft.fence":6,"stat.pickup.minecraft.coal":84,"stat.useItem.minecraft.stone_axe":102,"stat.pickup.harvestcraft.milletitem":29,"stat.pickup.harvestcraft.peanutitem":2,"stat.craftItem.minecraft.torch":120,"stat.pickup.minecraft.dirt":189,"stat.pickup.harvestcraft.bellpepperitem":4,"stat.craftItem.comforts.sleeping_bag":1,"stat.mineBlock.harvestcraft.frostgarden":150,"stat.pickup.minecraft.iron_ore":119,"stat.pickup.leatherworks.rawhide_pig":2,"stat.pickup.rustic.log":52,"stat.mineBlock.mca.rose_gold_ore":5,"stat.pickup.minecraft.gold_ore":2,"stat.pickup.rustic.tomato_seeds":10,"stat.mineBlock.minecraft.stone_stairs":3,"stat.damageTaken":3045,"stat.mineBlock.minecraft.torch":21,"stat.mineBlock.minecraft.red_flower":1,"stat.mineBlock.minecraft.melon_block":3,"stat.useItem.minecraft.wooden_pickaxe":3,"stat.mineBlock.ferdinandsflowers.block_cff_fungus":1,"stat.pickup.harvestcraft.blueberryitem":26,"stat.useItem.variedcommodities.coin_diamond":1,"stat.pickup.minecraft.bed":1,"stat.mineBlock.minecraft.fence_gate":1,"stat.pickup.minecraft.potato":2,"stat.drop.minecraftfuture.flowerblue":1,"stat.damageDealt":3617,"stat.pickup.variedcommodities.coin_gold":16,"stat.sleepInBed":1,"stat.pickup.chococraft.gysahl_green":16,"stat.pickup.harvestcraft.lettuceitem":7,"stat.pickup.harvestcraft.oatsitem":40,"stat.killEntity.Pig":9,"stat.pickup.harvestcraft.elderberryitem":3,"stat.mineBlock.magneticraft.ores":11,"stat.craftItem.minecraft.stone_shovel":1,"stat.walkOneCm":936141,"stat.animalsBred":2,"stat.useItem.minecraft.chest":1,"stat.pickup.of.coffee_bean":2,"stat.pickup.minecraft.stick":3,"stat.pickup.harvestcraft.greengrapeitem":32,"stat.pickup.harvestcraft.cabbageitem":46,"stat.pickup.minecraft.clay_ball":64,"stat.killEntity.piranha":1,"stat.pickup.harvestcraft.celeryitem":68,"stat.mineBlock.chisel.basalt2":3,"stat.useItem.minecraft.melon":10,"stat.mineBlock.zawa.golden_sparks":1,"stat.pickup.harvestcraft.spiceleafitem":42,"stat.pickup.minecraft.stone":246,"stat.craftItem.minecraft.iron_chestplate":1,"stat.killEntity.Skeleton":3,"stat.killEntity.wild_dog":1,"stat.pickup.harvestcraft.amaranthitem":3,"stat.pickup.ferdinandsflowers.block_cff_doubles":2,"stat.pickup.harvestcraft.cucumberitem":4,"stat.killEntity.Spider":1,"stat.pickup.harvestcraft.strawberryitem":5,"stat.pickup.minecraft.bread":7,"stat.pickup.variedcommodities.coin_iron":15,"stat.mobKills":23,"stat.mineBlock.minecraft.bookshelf":1,"stat.craftItem.minecraft.fence":15,"stat.pickup.minecraft.diamond":9,"stat.mineBlock.minecraft.leaves":23,"stat.pickup.harvestcraft.raspberryitem":36,"stat.pickup.minecraft.torch":28,"stat.useItem.harvestcraft.kohlrabiitem":2,"stat.mineBlock.minecraft.redstone_ore":23,"stat.mineBlock.harvestcraft.soggygarden":204,"stat.pickup.harvestcraft.beetitem":57,"stat.mineBlock.minecraft.stone":1919}