{"stat.walkOneCm":43281,"stat.damageTaken":256,"stat.pickup.cannibalism.playerflesh":4,"stat.killEntity.piranha":1,"stat.pickup.variedcommodities.coin_diamond":2,"stat.pickup.variedcommodities.coin_iron":10,"stat.mobKills":1,"stat.pickup.variedcommodities.coin_emerald":1,"stat.flyOneCm":31502,"stat.pickup.minecraft.wheat_seeds":30,"stat.jump":157,"stat.swimOneCm":1146,"stat.playOneMinute":9647,"stat.fallOneCm":4144,"stat.sneakTime":22,"stat.damageDealt":35,"stat.pickup.variedcommodities.coin_gold":8,"stat.crouchOneCm":100,"stat.timeSinceDeath":9647,"stat.pickup.zawa.care_guide":1,"stat.sprintOneCm":15534,"stat.useItem.cannibalism.playerflesh":2,"stat.diveOneCm":1592,"stat.pickup.minecraft.wheat":25}