{"stat.craftItem.cfm.table_oak":1,"stat.drop.ferdinandsflowers.block_cff_doubles":3,"stat.pickup.minecraft.wooden_slab":10,"stat.leaveGame":11,"stat.pickup.harvestcraft.huckleberryitem":48,"stat.mineBlock.rustic.leaves":6,"stat.useItem.harvestcraft.rootbeerfloatitem":1,"stat.pickup.zawa.crocodile_leather":2,"stat.craftItem.minecraft.string":42,"stat.craftItem.minecraft.shield":1,"stat.pickup.rustic.cloudsbluff":3,"stat.pickup.harvestcraft.seaweeditem":37,"stat.pickup.minecraft.rotten_flesh":30,"stat.drop.animalium.wild_dog_pelt":1,"stat.craftItem.minecraft.stone_axe":1,"stat.pickup.animalium.wild_dog_pelt":5,"stat.pickup.minecraft.bucket":1,"stat.pickup.variedcommodities.coin_diamond":4,"stat.mineBlock.extrautils2.redorchid":1,"stat.mineBlock.rustic.log":6,"stat.useItem.minecraft.iron_pickaxe":3104,"stat.craftItem.minecraft.wooden_pickaxe":1,"stat.pickup.extrautils2.endershard":2,"stat.craftItem.minecraft.bed":1,"stat.craftItem.cfm.coffee_table_oak":1,"stat.useItem.harvestcraft.peasitem":5,"stat.pickup.harvestcraft.onionitem":6,"stat.useItem.harvestcraft.quinoaitem":4,"stat.mineBlock.chisel.marble2":88,"stat.mineBlock.chisel.marble1":1,"stat.pickup.minecraft.light_weighted_pressure_plate":1,"stat.furnaceInteraction":91,"stat.pickup.harvestcraft.cornitem":15,"stat.pickup.variedcommodities.coin_emerald":3,"stat.drop.minecraft.red_flower":1,"stat.pickup.harvestcraft.brusselsproutitem":34,"stat.craftItem.minecraft.gunpowder":3,"stat.useItem.rustic.wildberries":2,"stat.useItem.minecraft.fence":13,"stat.pickup.mca.rose_gold_ore":20,"stat.mineBlock.extrautils2.decorativesolid":1,"stat.pickup.minecraft.potion":1,"stat.mineBlock.minecraft.fence":3,"stat.deaths":29,"stat.useItem.harvestcraft.okraitem":8,"stat.pickup.cfm.coffee_table_oak":1,"stat.pickup.mca.baby_girl":3,"stat.craftItem.minecraft.iron_pickaxe":13,"stat.pickup.ferdinandsflowers.block_cff_flowers":2,"stat.useItem.chisel.planks-oak":26,"stat.pickup.zawa.care_guide":2,"stat.drop.minecraft.iron_ingot":3,"stat.drop.minecraft.torch":3,"stat.pickup.chisel.marble1":1,"stat.pickup.chisel.marble2":166,"stat.mineBlock.minecraft.tallgrass":196,"stat.fishCaught":26,"stat.chestOpened":148,"stat.craftItem.minecraft.light_weighted_pressure_plate":3,"stat.craftItem.minecraft.sign":3,"stat.useItem.minecraft.stone":18,"stat.pickup.minecraft.arrow":12,"stat.pickup.harvestcraft.waterchestnutitem":29,"stat.pickup.harvestcraft.chilipepperitem":3,"stat.mineBlock.magneticraft.limestone":10,"stat.pickup.chisel.basalt2":23,"stat.pickup.minecraft.carrot":106,"stat.crouchOneCm":22823,"stat.mineBlock.minecraft.chest":5,"stat.craftItem.minecraft.iron_ingot":229,"stat.craftingTableInteraction":103,"stat.craftItem.extrautils2.decorativesolid":68,"stat.useItem.chisel.marble1":61,"stat.craftItem.cannibalism.playerfleshcooked":117,"stat.pickup.minecraft.dye":56,"stat.pickup.minecraft.planks":46,"stat.pickup.chisel.limestone2":8,"stat.pickup.minecraft.wheat_seeds":288,"stat.craftItem.extrautils2.pipe":128,"stat.useItem.harvestcraft.spinachitem":1,"stat.mineBlock.minecraft.dirt":264,"stat.useItem.minecraft.bread":7,"stat.mineBlock.ferdinandsflowers.block_cff_flowers":12,"stat.drop.minecraft.rotten_flesh":2,"stat.useItem.minecraft.cobblestone":126,"stat.mineBlock.minecraft.double_plant":14,"stat.drop.rustic.horsetail":1,"stat.drop.leatherworks.rawhide_pig":1,"stat.pickup.harvestcraft.peasitem":24,"stat.drop.minecraft.carrot":3,"stat.craftItem.minecraft.gold_ingot":11,"stat.craftItem.chisel.chisel_iron":1,"stat.useItem.harvestcraft.caulifloweritem":8,"stat.craftItem.minecraft.bucket":1,"stat.craftItem.minecraft.planks":564,"stat.pickup.cannibalism.playerflesh":137,"stat.craftItem.minecraft.fishing_rod":1,"stat.pickup.minecraft.book":4,"stat.mineBlock.minecraft.log":151,"stat.craftItem.minecraft.wooden_door":3,"stat.useItem.minecraft.wooden_door":4,"stat.pickup.minecraft.red_flower":7,"stat.pickup.extrautils2.pipe":6,"stat.pickup.minecraft.tripwire_hook":1,"stat.craftItem.leatherworks.drying_rack_oak":4,"stat.useItem.minecraft.iron_axe":463,"stat.mineBlock.minecraft.cobblestone":18,"stat.pickup.minecraft.stone_pickaxe":2,"stat.pickup.minecraft.flint":14,"stat.mineBlock.minecraft.yellow_flower":1,"stat.craftItem.minecraft.wool":6,"stat.pickup.minecraft.flower_pot":1,"stat.pickup.magneticraft.limestone":7,"stat.drop.minecraft.cobblestone":2,"stat.useItem.chococraft.gysahl_green":1,"stat.useItem.minecraft.stone_slab2":138,"stat.craftItem.minecraft.furnace":9,"stat.pickup.harvestcraft.broccoliitem":41,"stat.craftItem.minecraft.iron_boots":1,"stat.pickup.animalium.rat_meat":1,"stat.pickup.harvestcraft.jicamaitem":32,"stat.mineBlock.minecraft.clay":16,"stat.pickup.animalium.bear_meat":1,"stat.flyOneCm":2636923,"stat.pickup.harvestcraft.cranberryitem":35,"stat.useItem.extrautils2.decorativesolid":1,"stat.craftItem.extrautils2.passivegenerator":27,"stat.pickup.minecraft.fish":14,"stat.pickup.rustic.slate":77,"stat.craftItem.extrautils2.grocket":4,"stat.timeSinceDeath":6602,"stat.craftItem.rustic.planks":16,"stat.useItem.rustic.cabinet":65,"stat.craftItem.ferdinandsflowers.block_cff_dark":1,"stat.pickup.chococraft.lovely_gysahl_green":12,"stat.useItem.minecraft.wooden_slab":5,"stat.craftItem.minecraft.iron_block":3,"stat.craftItem.minecraft.stonebrick":128,"stat.pickup.travelersbackpack.travelers_backpack":10,"stat.pickup.harvestcraft.riceitem":33,"stat.mineBlock.minecraft.coal_ore":129,"stat.killEntity.Creeper":2,"stat.talkedToVillager":160,"stat.pickup.extrautils2.ingredients":16,"stat.pickup.minecraft.string":2,"stat.pickup.comforts.sleeping_bag":1,"stat.pickup.harvestcraft.asparagusitem":40,"stat.pickup.tombstone.crafting_ingredient":5,"stat.entityKilledBy.Skeleton":2,"stat.sprintOneCm":1485740,"stat.drop.harvestcraft.barleyitem":1,"stat.pickup.extrautils2.passivegenerator":7,"stat.mineBlock.rustic.wildberry_bush":2,"stat.craftItem.minecraftfuture.smoothstone":19,"stat.craftItem.extrautils2.indexer":1,"stat.mineBlock.minecraft.diamond_ore":18,"stat.craftItem.chococraft.chocobo_saddle":1,"stat.pickup.extrautils2.decorativesolid":1,"stat.pickup.harvestcraft.quinoaitem":49,"stat.pickup.advanced-fishing.fish":12,"stat.pickup.harvestcraft.mustardseedsitem":6,"stat.pickup.leatherworks.drying_rack_oak":4,"stat.pickup.harvestcraft.flaxitem":3,"stat.killEntity.Zombie":13,"stat.craftItem.minecraft.dye":30,"stat.mineBlock.minecraft.gold_ore":20,"stat.diveOneCm":68478,"stat.pickup.minecraft.wheat":227,"stat.pickup.minecraft.sign":1,"stat.mineBlock.ferdinandsflowers.block_cff_flowersc":4,"stat.mineBlock.ferdinandsflowers.block_cff_flowerse":2,"stat.mineBlock.ferdinandsflowers.block_cff_flowersd":4,"stat.mineBlock.extrautils2.resonator":2,"stat.pickup.minecraft.obsidian":1,"stat.pickup.harvestcraft.ryeitem":50,"stat.craftItem.rustic.cabinet":26,"stat.craftItem.zawa.animal_net":4,"stat.jump":13710,"stat.pickup.minecraft.coal":129,"stat.pickup.minecraft.iron_ingot":74,"stat.pickup.animalium.bear_claw":2,"stat.pickup.minecraft.gunpowder":3,"stat.pickup.harvestcraft.milletitem":29,"stat.craftItem.minecraft.torch":156,"stat.pickup.minecraft.dirt":463,"stat.craftItem.comforts.sleeping_bag":1,"stat.pickup.leatherworks.rawhide_pig":17,"stat.pickup.rustic.log":56,"stat.pickup.minecraft.stone_shovel":2,"stat.pickup.minecraft.gold_ore":38,"stat.mineBlock.minecraft.lapis_ore":10,"stat.pickup.minecraft.iron_axe":2,"stat.damageTaken":7779,"stat.mineBlock.minecraft.torch":51,"stat.mineBlock.minecraft.red_flower":6,"stat.mineBlock.minecraft.melon_block":3,"stat.mineBlock.minecraftfuture.flowerblue":1,"stat.pickup.minecraft.bed":2,"stat.mineBlock.minecraft.fence_gate":1,"stat.pickup.minecraft.potato":2,"stat.drop.minecraftfuture.flowerblue":1,"stat.useItem.cannibalism.playerfleshcooked":48,"stat.pickup.variedcommodities.coin_gold":16,"stat.pickup.chococraft.gysahl_green":19,"stat.pickup.harvestcraft.lettuceitem":7,"stat.craftItem.mca.matchmakers_ring":2,"stat.pickup.harvestcraft.oatsitem":40,"stat.mineBlock.magneticraft.ores":25,"stat.craftItem.minecraft.stone_slab":12,"stat.animalsBred":8,"stat.useItem.minecraft.chest":1,"stat.killEntity.magma_monster":1,"stat.pickup.harvestcraft.greengrapeitem":32,"stat.pickup.harvestcraft.celeryitem":68,"stat.useItem.minecraft.melon":10,"stat.pickup.harvestcraft.spiceleafitem":42,"stat.craftItem.minecraft.iron_chestplate":1,"stat.drop.mca.baby_girl":6,"stat.mineBlock.cfm.coffee_table_oak":1,"stat.pickup.ferdinandsflowers.block_cff_doubles":3,"stat.pickup.harvestcraft.cucumberitem":4,"stat.pickup.harvestcraft.strawberryitem":5,"stat.mineBlock.extrautils2.minichest":1,"stat.mobKills":59,"stat.mineBlock.minecraft.bookshelf":1,"stat.pickup.minecraft.diamond":29,"stat.craftItem.mca.whistle":1,"stat.pickup.harvestcraft.raspberryitem":36,"stat.pickup.minecraft.torch":70,"stat.useItem.harvestcraft.kohlrabiitem":2,"stat.useItem.extrautils2.minichest":2,"stat.pickup.harvestcraft.beetitem":57,"stat.craftItem.mca.wedding_ring_rg":1,"stat.drop.hempfarmer.raw_hemp":5,"stat.craftItem.minecraft.iron_axe":4,"stat.pickup.minecraftfuture.flowerblue":4,"stat.pickup.minecraft.fishing_rod":2,"stat.useItem.minecraft.planks":37,"stat.pickup.minecraft.porkchop":48,"stat.useItem.minecraft.water_bucket":1,"stat.pickup.minecraft.sand":8,"stat.pickup.minecraft.name_tag":1,"stat.killEntity.bear":1,"stat.pickup.harvestcraft.wintersquashitem":6,"stat.mineBlock.leatherworks.drying_rack_oak":4,"stat.pickup.magneticraft.ores":10,"stat.mineBlock.minecraft.sand":9,"stat.craftItem.extrautils2.resonator":1,"stat.pickup.hempfarmer.seeds_hemp":18,"stat.craftItem.animalium.bear_meat_cooked":1,"stat.pickup.harvestcraft.spinachitem":38,"stat.pickup.minecraft.fence_gate":1,"stat.useItem.extrautils2.pipe":28,"stat.mineBlock.harvestcraft.windygarden":100,"stat.drop.rustic.log":1,"stat.useItem.minecraft.stone_stairs":68,"stat.mineBlock.extrautils2.passivegenerator":7,"stat.pickup.minecraft.stone_stairs":3,"stat.craftItem.minecraft.fence_gate":1,"stat.entityKilledBy.wild_dog":2,"stat.playOneMinute":784617,"stat.pickup.harvestcraft.cottonitem":75,"stat.pickup.hempfarmer.raw_hemp":5,"stat.pickup.harvestcraft.kaleitem":28,"stat.pickup.hempfarmer.bud":6,"stat.pickup.minecraft.waterlily":1,"stat.craftItem.cfm.mail_box":1,"stat.pickup.harvestcraft.tomatilloitem":44,"stat.mineBlock.rustic.slate":55,"stat.drop.ferdinandsflowers.block_cff_flowersc":2,"stat.fallOneCm":357033,"stat.drop.minecraft.dye":5,"stat.mineBlock.rustic.horsetail":1,"stat.pickup.harvestcraft.caulifloweritem":24,"stat.craftItem.minecraft.chest":6,"stat.pickup.minecraft.melon":14,"stat.pickup.rustic.horsetail":1,"stat.useItem.minecraft.furnace":6,"stat.craftItem.mca.rose_gold_ingot":15,"stat.craftItem.extrautils2.ingredients":3,"stat.mineBlock.minecraft.gravel":102,"stat.useItem.minecraft.stone_pickaxe":2109,"stat.craftItem.minecraft.iron_leggings":1,"stat.mineBlock.ferdinandsflowers.block_cff_doubles":2,"stat.drop.hempfarmer.seeds_hemp":9,"stat.useItem.minecraft.torch":194,"stat.useItem.animalium.bear_meat_cooked":1,"stat.mineBlock.ferdinandsflowers.block_cff_dark":18,"stat.useItem.extrautils2.grocket":1,"stat.craftItem.minecraft.redstone_block":4,"stat.useItem.harvestcraft.spiceleafitem":2,"stat.craftItem.minecraft.stone_stairs":72,"stat.pickup.minecraft.crafting_table":1,"stat.craftItem.minecraft.crafting_table":4,"stat.pickup.minecraft.log":167,"stat.pickup.mca.rose_gold_ingot":7,"stat.mineBlock.zawa.bellflowers":2,"stat.pickup.minecraft.chainmail_leggings":2,"stat.pickup.minecraft.sapling":5,"stat.pickup.minecraft.wooden_door":7,"stat.useItem.cannibalism.playerflesh":20,"stat.pickup.harvestcraft.parsnipitem":4,"stat.pickup.harvestcraft.rutabagaitem":58,"stat.craftItem.minecraft.flower_pot":1,"stat.useItem.hempfarmer.regs_joint":3,"stat.sneakTime":12820,"stat.pickup.harvestcraft.tealeafitem":1,"stat.pickup.rustic.chili_pepper_seeds":3,"stat.pickup.of.empty_bookshelf":2,"stat.pickup.ferdinandsflowers.block_cff_flowersd":1,"stat.pickup.ferdinandsflowers.block_cff_flowersc":4,"stat.useItem.minecraft.fishing_rod":43,"stat.pickup.minecraft.chest":5,"stat.pickup.minecraft.bone":19,"stat.swimOneCm":68294,"stat.climbOneCm":5400,"stat.pickup.harvestcraft.artichokeitem":4,"stat.pickup.hempfarmer.regs_joint":5,"stat.pickup.harvestcraft.okraitem":43,"stat.useItem.minecraft.dirt":315,"stat.useItem.rustic.slate":3,"stat.craftItem.minecraft.trapdoor":28,"stat.craftItem.minecraft.stone_pickaxe":17,"stat.pickup.minecraft.cobblestone":2779,"stat.useItem.minecraft.stone_shovel":134,"stat.mineBlock.chisel.limestone2":8,"stat.drop.minecraft.wheat_seeds":1,"stat.mineBlock.zawa.mixed_stone_mossy":1,"stat.craftItem.minecraft.wooden_slab":18,"stat.pickup.harvestcraft.leekitem":3,"stat.pickup.minecraft.redstone":524,"stat.mineBlock.minecraft.iron_ore":245,"stat.drop.cannibalism.playerfleshcooked":1,"stat.useItem.harvestcraft.peanutitem":2,"stat.useItem.minecraft.sign":1,"stat.craftItem.extrautils2.screen":1,"stat.pickup.minecraft.stonebrick":64,"stat.pickup.rustic.sapling":1,"stat.pickup.chococraft.chocobo_feather":5,"stat.craftItem.minecraft.stone_slab2":0,"stat.pickup.harvestcraft.mulberryitem":33,"stat.killEntity.rat":3,"stat.pickup.ferdinandsflowers.block_cff_dark":17,"stat.mineBlock.rustic.cabinet":53,"stat.craftItem.minecraft.stick":252,"stat.useItem.extrautils2.passivegenerator":28,"stat.drop.minecraft.potion":1,"stat.craftItem.minecraft.stone":161,"stat.pickup.harvestcraft.barleyitem":8,"stat.mineBlock.minecraft.crafting_table":1,"stat.pickup.extrautils2.resonator":2,"stat.useItem.minecraft.carrot":4,"stat.useItem.minecraft.wheat":152,"stat.useItem.leatherworks.drying_rack_oak":6,"stat.pickup.chococraft.gysahl_green_seeds":66,"stat.entityKilledBy.Creeper":1,"stat.mineBlock.minecraft.planks":33,"stat.drop":50,"stat.pickup.rustic.cabinet":53,"stat.drop.harvestcraft.cornitem":1,"stat.pickup.minecraft.gravel":50,"stat.useItem.minecraft.porkchop":2,"stat.pickup.harvestcraft.kohlrabiitem":28,"stat.drop.harvestcraft.wintersquashitem":2,"stat.pickup.minecraft.fence":10,"stat.useItem.minecraft.stone_axe":102,"stat.pickup.dragonmounts.dragon_egg":2,"stat.pickup.harvestcraft.peanutitem":2,"stat.mineBlock.harvestcraft.shadedgarden":1,"stat.pickup.harvestcraft.bellpepperitem":4,"stat.mineBlock.harvestcraft.frostgarden":153,"stat.pickup.minecraft.iron_ore":229,"stat.mineBlock.mca.rose_gold_ore":15,"stat.pickup.rustic.tomato_seeds":10,"stat.craftItem.cannibalism.ironknife":1,"stat.mineBlock.minecraft.stone_stairs":4,"stat.useItem.minecraft.wooden_pickaxe":3,"stat.mineBlock.ferdinandsflowers.block_cff_fungus":1,"stat.pickup.harvestcraft.blueberryitem":26,"stat.useItem.variedcommodities.coin_diamond":1,"stat.useItem.tombstone.grave_key":4,"stat.damageDealt":9586,"stat.craftItem.minecraft.glass":8,"stat.sleepInBed":17,"stat.craftItem.minecraft.anvil":1,"stat.killEntity.Pig":23,"stat.pickup.harvestcraft.elderberryitem":4,"stat.craftItem.minecraft.stone_shovel":1,"stat.walkOneCm":1795656,"stat.pickup.cannibalism.playerfleshcooked":1,"stat.pickup.of.coffee_bean":2,"stat.pickup.minecraft.stick":7,"stat.pickup.harvestcraft.cabbageitem":46,"stat.pickup.minecraft.clay_ball":192,"stat.killEntity.piranha":1,"stat.pickup.extrautils2.minichest":1,"stat.mineBlock.chisel.basalt2":16,"stat.mineBlock.zawa.golden_sparks":1,"stat.pickup.minecraft.stone":403,"stat.killEntity.Skeleton":6,"stat.killEntity.wild_dog":3,"stat.pickup.harvestcraft.amaranthitem":3,"stat.craftItem.extrautils2.minichest":36,"stat.killEntity.Spider":2,"stat.pickup.minecraft.bread":7,"stat.pickup.variedcommodities.coin_iron":15,"stat.craftItem.minecraft.fence":15,"stat.mineBlock.minecraft.leaves":49,"stat.mineBlock.minecraft.redstone_ore":153,"stat.craftItem.minecraft.coal_block":1,"stat.mineBlock.harvestcraft.soggygarden":204,"stat.craftItem.minecraft.brick":32,"stat.mineBlock.minecraft.stone":4204}