{"stat.drop.ferdinandsflowers.block_cff_doubles":1,"stat.leaveGame":4,"stat.pickup.harvestcraft.huckleberryitem":4,"stat.mineBlock.rustic.leaves":6,"stat.useItem.harvestcraft.rootbeerfloatitem":1,"stat.pickup.minecraftfuture.flowerblue":1,"stat.useItem.minecraft.planks":20,"stat.craftItem.minecraft.shield":1,"stat.pickup.minecraft.porkchop":5,"stat.pickup.minecraft.rotten_flesh":5,"stat.craftItem.minecraft.stone_axe":1,"stat.pickup.variedcommodities.coin_diamond":2,"stat.pickup.magneticraft.ores":5,"stat.mineBlock.extrautils2.redorchid":1,"stat.pickup.hempfarmer.seeds_hemp":4,"stat.mineBlock.rustic.log":4,"stat.useItem.minecraft.iron_pickaxe":503,"stat.craftItem.minecraft.wooden_pickaxe":1,"stat.useItem.harvestcraft.peasitem":5,"stat.mineBlock.chisel.marble2":88,"stat.furnaceInteraction":24,"stat.pickup.harvestcraft.spinachitem":3,"stat.pickup.variedcommodities.coin_emerald":1,"stat.drop.minecraft.red_flower":1,"stat.drop.rustic.log":1,"stat.useItem.minecraft.stone_stairs":68,"stat.pickup.mca.rose_gold_ore":5,"stat.pickup.minecraft.stone_stairs":3,"stat.mineBlock.minecraft.fence":1,"stat.craftItem.minecraft.fence_gate":1,"stat.deaths":3,"stat.entityKilledBy.wild_dog":2,"stat.playOneMinute":248642,"stat.craftItem.minecraft.iron_pickaxe":2,"stat.pickup.ferdinandsflowers.block_cff_flowers":1,"stat.pickup.zawa.care_guide":2,"stat.drop.minecraft.iron_ingot":3,"stat.pickup.chisel.marble2":83,"stat.mineBlock.minecraft.tallgrass":30,"stat.pickup.harvestcraft.cottonitem":1,"stat.chestOpened":26,"stat.craftItem.minecraft.sign":3,"stat.pickup.hempfarmer.bud":3,"stat.pickup.minecraft.arrow":5,"stat.mineBlock.rustic.slate":36,"stat.mineBlock.magneticraft.limestone":10,"stat.drop.ferdinandsflowers.block_cff_flowersc":1,"stat.fallOneCm":85280,"stat.pickup.chisel.basalt2":3,"stat.pickup.minecraft.carrot":14,"stat.crouchOneCm":11794,"stat.pickup.harvestcraft.caulifloweritem":4,"stat.craftItem.minecraft.chest":2,"stat.craftItem.minecraft.iron_ingot":106,"stat.craftingTableInteraction":29,"stat.useItem.minecraft.furnace":6,"stat.pickup.minecraft.planks":1,"stat.pickup.chisel.limestone2":8,"stat.pickup.minecraft.wheat_seeds":136,"stat.mineBlock.minecraft.gravel":43,"stat.useItem.minecraft.stone_pickaxe":1863,"stat.craftItem.minecraft.iron_leggings":1,"stat.mineBlock.minecraft.dirt":122,"stat.useItem.minecraft.torch":136,"stat.useItem.minecraft.bread":7,"stat.mineBlock.ferdinandsflowers.block_cff_flowers":1,"stat.craftItem.minecraft.redstone_block":1,"stat.craftItem.minecraft.stone_stairs":72,"stat.useItem.minecraft.cobblestone":56,"stat.craftItem.minecraft.crafting_table":2,"stat.mineBlock.minecraft.double_plant":2,"stat.pickup.harvestcraft.peasitem":5,"stat.pickup.minecraft.log":29,"stat.pickup.minecraft.chainmail_leggings":1,"stat.useItem.cannibalism.playerflesh":13,"stat.useItem.harvestcraft.caulifloweritem":4,"stat.craftItem.minecraft.planks":116,"stat.pickup.cannibalism.playerflesh":8,"stat.pickup.harvestcraft.rutabagaitem":5,"stat.mineBlock.minecraft.log":29,"stat.useItem.hempfarmer.regs_joint":3,"stat.pickup.minecraft.red_flower":2,"stat.sneakTime":7246,"stat.pickup.ferdinandsflowers.block_cff_flowersc":1,"stat.pickup.minecraft.bone":9,"stat.mineBlock.minecraft.cobblestone":4,"stat.pickup.minecraft.stone_pickaxe":1,"stat.pickup.minecraft.flint":7,"stat.swimOneCm":15230,"stat.climbOneCm":1692,"stat.pickup.magneticraft.limestone":7,"stat.pickup.hempfarmer.regs_joint":3,"stat.useItem.minecraft.dirt":115,"stat.useItem.chococraft.gysahl_green":1,"stat.useItem.minecraft.stone_slab2":39,"stat.craftItem.minecraft.furnace":7,"stat.pickup.harvestcraft.broccoliitem":2,"stat.craftItem.minecraft.iron_boots":1,"stat.pickup.animalium.rat_meat":1,"stat.craftItem.minecraft.stone_pickaxe":16,"stat.pickup.minecraft.cobblestone":1227,"stat.useItem.minecraft.stone_shovel":79,"stat.mineBlock.chisel.limestone2":8,"stat.flyOneCm":639531,"stat.pickup.rustic.slate":31,"stat.pickup.minecraft.redstone":48,"stat.mineBlock.minecraft.iron_ore":121,"stat.timeSinceDeath":171207,"stat.craftItem.rustic.planks":16,"stat.pickup.chococraft.lovely_gysahl_green":3,"stat.useItem.minecraft.sign":1,"stat.pickup.rustic.sapling":1,"stat.mineBlock.minecraft.coal_ore":67,"stat.pickup.chococraft.chocobo_feather":1,"stat.talkedToVillager":52,"stat.pickup.extrautils2.ingredients":3,"stat.pickup.minecraft.string":2,"stat.craftItem.minecraft.stone_slab2":0,"stat.killEntity.rat":2,"stat.sprintOneCm":466397,"stat.craftItem.minecraft.stick":96,"stat.craftItem.minecraft.stone":12,"stat.mineBlock.minecraft.diamond_ore":5,"stat.pickup.harvestcraft.quinoaitem":3,"stat.useItem.minecraft.wheat":78,"stat.pickup.chococraft.gysahl_green_seeds":38,"stat.drop":8,"stat.killEntity.Zombie":3,"stat.mineBlock.minecraft.gold_ore":4,"stat.diveOneCm":10093,"stat.pickup.minecraft.wheat":166,"stat.mineBlock.ferdinandsflowers.block_cff_flowersc":1,"stat.pickup.minecraft.gravel":35,"stat.pickup.harvestcraft.ryeitem":3,"stat.useItem.minecraft.porkchop":2,"stat.pickup.harvestcraft.kohlrabiitem":3,"stat.jump":3561,"stat.pickup.minecraft.coal":66,"stat.useItem.minecraft.stone_axe":102,"stat.craftItem.minecraft.torch":120,"stat.pickup.minecraft.dirt":149,"stat.mineBlock.harvestcraft.frostgarden":16,"stat.pickup.minecraft.iron_ore":119,"stat.pickup.leatherworks.rawhide_pig":1,"stat.pickup.rustic.log":52,"stat.mineBlock.mca.rose_gold_ore":5,"stat.pickup.minecraft.gold_ore":2,"stat.pickup.rustic.tomato_seeds":1,"stat.mineBlock.minecraft.stone_stairs":3,"stat.damageTaken":1724,"stat.mineBlock.minecraft.torch":21,"stat.mineBlock.minecraft.red_flower":1,"stat.useItem.minecraft.wooden_pickaxe":3,"stat.useItem.variedcommodities.coin_diamond":1,"stat.drop.minecraftfuture.flowerblue":1,"stat.damageDealt":1767,"stat.pickup.variedcommodities.coin_gold":8,"stat.pickup.chococraft.gysahl_green":14,"stat.pickup.harvestcraft.oatsitem":1,"stat.killEntity.Pig":2,"stat.mineBlock.magneticraft.ores":11,"stat.craftItem.minecraft.stone_shovel":1,"stat.walkOneCm":710364,"stat.pickup.minecraft.stick":3,"stat.pickup.harvestcraft.cabbageitem":6,"stat.killEntity.piranha":1,"stat.pickup.harvestcraft.celeryitem":4,"stat.mineBlock.chisel.basalt2":3,"stat.pickup.minecraft.stone":143,"stat.craftItem.minecraft.iron_chestplate":1,"stat.killEntity.Skeleton":3,"stat.killEntity.wild_dog":1,"stat.pickup.ferdinandsflowers.block_cff_doubles":1,"stat.killEntity.Spider":1,"stat.pickup.minecraft.bread":7,"stat.pickup.variedcommodities.coin_iron":10,"stat.mobKills":13,"stat.craftItem.minecraft.fence":12,"stat.pickup.minecraft.diamond":9,"stat.mineBlock.minecraft.leaves":14,"stat.pickup.harvestcraft.raspberryitem":1,"stat.pickup.minecraft.torch":28,"stat.mineBlock.minecraft.redstone_ore":23,"stat.pickup.harvestcraft.beetitem":6,"stat.mineBlock.minecraft.stone":1919}