{"stat.drop.ferdinandsflowers.block_cff_doubles":2,"stat.leaveGame":6,"stat.craftItem.minecraft.iron_axe":1,"stat.pickup.harvestcraft.huckleberryitem":27,"stat.mineBlock.rustic.leaves":6,"stat.useItem.harvestcraft.rootbeerfloatitem":1,"stat.pickup.zawa.crocodile_leather":2,"stat.pickup.minecraftfuture.flowerblue":1,"stat.craftItem.minecraft.string":42,"stat.useItem.minecraft.planks":20,"stat.craftItem.minecraft.shield":1,"stat.pickup.minecraft.porkchop":22,"stat.pickup.rustic.cloudsbluff":3,"stat.pickup.harvestcraft.seaweeditem":36,"stat.pickup.minecraft.rotten_flesh":9,"stat.craftItem.minecraft.stone_axe":1,"stat.pickup.harvestcraft.wintersquashitem":2,"stat.pickup.variedcommodities.coin_diamond":4,"stat.pickup.magneticraft.ores":5,"stat.mineBlock.extrautils2.redorchid":1,"stat.mineBlock.minecraft.sand":1,"stat.pickup.hempfarmer.seeds_hemp":13,"stat.mineBlock.rustic.log":4,"stat.useItem.minecraft.iron_pickaxe":503,"stat.craftItem.minecraft.wooden_pickaxe":1,"stat.useItem.harvestcraft.peasitem":5,"stat.useItem.harvestcraft.quinoaitem":4,"stat.mineBlock.chisel.marble2":88,"stat.furnaceInteraction":25,"stat.pickup.harvestcraft.cornitem":6,"stat.pickup.harvestcraft.spinachitem":20,"stat.pickup.variedcommodities.coin_emerald":2,"stat.drop.minecraft.red_flower":1,"stat.pickup.minecraft.fence_gate":1,"stat.pickup.harvestcraft.brusselsproutitem":34,"stat.mineBlock.harvestcraft.windygarden":75,"stat.drop.rustic.log":1,"stat.useItem.rustic.wildberries":2,"stat.useItem.minecraft.fence":13,"stat.useItem.minecraft.stone_stairs":68,"stat.pickup.mca.rose_gold_ore":5,"stat.pickup.minecraft.stone_stairs":3,"stat.mineBlock.minecraft.fence":3,"stat.craftItem.minecraft.fence_gate":1,"stat.deaths":7,"stat.entityKilledBy.wild_dog":2,"stat.playOneMinute":338865,"stat.craftItem.minecraft.iron_pickaxe":2,"stat.pickup.ferdinandsflowers.block_cff_flowers":1,"stat.pickup.zawa.care_guide":2,"stat.drop.minecraft.iron_ingot":3,"stat.pickup.chisel.marble2":83,"stat.mineBlock.minecraft.tallgrass":162,"stat.pickup.harvestcraft.cottonitem":71,"stat.chestOpened":31,"stat.pickup.harvestcraft.kaleitem":28,"stat.craftItem.minecraft.sign":3,"stat.pickup.hempfarmer.bud":3,"stat.pickup.minecraft.arrow":5,"stat.pickup.harvestcraft.tomatilloitem":44,"stat.pickup.harvestcraft.waterchestnutitem":29,"stat.mineBlock.rustic.slate":36,"stat.mineBlock.magneticraft.limestone":10,"stat.drop.ferdinandsflowers.block_cff_flowersc":2,"stat.fallOneCm":185031,"stat.pickup.chisel.basalt2":3,"stat.pickup.minecraft.carrot":58,"stat.mineBlock.rustic.horsetail":1,"stat.crouchOneCm":12893,"stat.pickup.harvestcraft.caulifloweritem":24,"stat.craftItem.minecraft.chest":2,"stat.craftItem.minecraft.iron_ingot":106,"stat.pickup.minecraft.melon":14,"stat.craftingTableInteraction":33,"stat.pickup.rustic.horsetail":1,"stat.useItem.minecraft.furnace":6,"stat.pickup.minecraft.planks":1,"stat.pickup.chisel.limestone2":8,"stat.pickup.minecraft.wheat_seeds":141,"stat.mineBlock.minecraft.gravel":43,"stat.useItem.minecraft.stone_pickaxe":1868,"stat.craftItem.minecraft.iron_leggings":1,"stat.mineBlock.ferdinandsflowers.block_cff_doubles":1,"stat.drop.hempfarmer.seeds_hemp":9,"stat.useItem.harvestcraft.spinachitem":1,"stat.mineBlock.minecraft.dirt":127,"stat.useItem.minecraft.torch":136,"stat.useItem.minecraft.bread":7,"stat.mineBlock.ferdinandsflowers.block_cff_flowers":12,"stat.mineBlock.ferdinandsflowers.block_cff_dark":17,"stat.craftItem.minecraft.redstone_block":1,"stat.craftItem.minecraft.stone_stairs":72,"stat.useItem.minecraft.cobblestone":56,"stat.craftItem.minecraft.crafting_table":3,"stat.mineBlock.minecraft.double_plant":11,"stat.drop.rustic.horsetail":1,"stat.pickup.harvestcraft.peasitem":24,"stat.pickup.minecraft.log":48,"stat.mineBlock.zawa.bellflowers":2,"stat.pickup.minecraft.chainmail_leggings":1,"stat.useItem.cannibalism.playerflesh":13,"stat.useItem.harvestcraft.caulifloweritem":8,"stat.craftItem.minecraft.planks":120,"stat.pickup.cannibalism.playerflesh":18,"stat.pickup.harvestcraft.rutabagaitem":29,"stat.pickup.minecraft.book":3,"stat.mineBlock.minecraft.log":49,"stat.useItem.hempfarmer.regs_joint":3,"stat.pickup.minecraft.red_flower":2,"stat.sneakTime":7865,"stat.pickup.rustic.chili_pepper_seeds":3,"stat.pickup.of.empty_bookshelf":1,"stat.pickup.ferdinandsflowers.block_cff_flowersc":2,"stat.pickup.minecraft.bone":9,"stat.useItem.minecraft.iron_axe":74,"stat.mineBlock.minecraft.cobblestone":4,"stat.pickup.minecraft.stone_pickaxe":1,"stat.pickup.minecraft.flint":7,"stat.mineBlock.minecraft.yellow_flower":1,"stat.craftItem.minecraft.wool":3,"stat.swimOneCm":34170,"stat.climbOneCm":2148,"stat.pickup.magneticraft.limestone":7,"stat.pickup.hempfarmer.regs_joint":3,"stat.pickup.harvestcraft.okraitem":43,"stat.useItem.minecraft.dirt":125,"stat.useItem.chococraft.gysahl_green":1,"stat.useItem.minecraft.stone_slab2":44,"stat.craftItem.minecraft.furnace":7,"stat.pickup.harvestcraft.broccoliitem":21,"stat.craftItem.minecraft.iron_boots":1,"stat.pickup.animalium.rat_meat":1,"stat.craftItem.minecraft.stone_pickaxe":16,"stat.pickup.minecraft.cobblestone":1227,"stat.pickup.harvestcraft.jicamaitem":32,"stat.mineBlock.minecraft.clay":16,"stat.useItem.minecraft.stone_shovel":97,"stat.mineBlock.chisel.limestone2":8,"stat.flyOneCm":1351404,"stat.pickup.harvestcraft.cranberryitem":35,"stat.drop.minecraft.wheat_seeds":1,"stat.mineBlock.zawa.mixed_stone_mossy":1,"stat.pickup.rustic.slate":31,"stat.pickup.minecraft.redstone":48,"stat.mineBlock.minecraft.iron_ore":121,"stat.timeSinceDeath":15731,"stat.craftItem.rustic.planks":16,"stat.craftItem.ferdinandsflowers.block_cff_dark":1,"stat.pickup.chococraft.lovely_gysahl_green":6,"stat.useItem.minecraft.sign":1,"stat.pickup.harvestcraft.riceitem":33,"stat.pickup.rustic.sapling":1,"stat.mineBlock.minecraft.coal_ore":67,"stat.pickup.chococraft.chocobo_feather":2,"stat.talkedToVillager":60,"stat.pickup.extrautils2.ingredients":3,"stat.pickup.minecraft.string":2,"stat.pickup.harvestcraft.asparagusitem":40,"stat.entityKilledBy.Skeleton":2,"stat.craftItem.minecraft.stone_slab2":0,"stat.pickup.harvestcraft.mulberryitem":33,"stat.killEntity.rat":2,"stat.pickup.ferdinandsflowers.block_cff_dark":16,"stat.sprintOneCm":764351,"stat.craftItem.minecraft.stick":100,"stat.drop.harvestcraft.barleyitem":1,"stat.mineBlock.rustic.wildberry_bush":2,"stat.craftItem.minecraft.stone":12,"stat.mineBlock.minecraft.diamond_ore":5,"stat.pickup.harvestcraft.barleyitem":1,"stat.pickup.harvestcraft.quinoaitem":26,"stat.useItem.minecraft.wheat":139,"stat.pickup.chococraft.gysahl_green_seeds":38,"stat.drop":25,"stat.killEntity.Zombie":4,"stat.mineBlock.minecraft.gold_ore":4,"stat.diveOneCm":34122,"stat.pickup.minecraft.wheat":180,"stat.pickup.minecraft.sign":1,"stat.drop.harvestcraft.cornitem":1,"stat.mineBlock.ferdinandsflowers.block_cff_flowersc":2,"stat.pickup.minecraft.gravel":35,"stat.mineBlock.ferdinandsflowers.block_cff_flowerse":2,"stat.mineBlock.ferdinandsflowers.block_cff_flowersd":3,"stat.pickup.harvestcraft.ryeitem":25,"stat.useItem.minecraft.porkchop":2,"stat.pickup.harvestcraft.kohlrabiitem":15,"stat.craftItem.zawa.animal_net":1,"stat.drop.harvestcraft.wintersquashitem":2,"stat.jump":6772,"stat.pickup.minecraft.fence":6,"stat.pickup.minecraft.coal":84,"stat.useItem.minecraft.stone_axe":102,"stat.pickup.harvestcraft.milletitem":29,"stat.craftItem.minecraft.torch":120,"stat.pickup.minecraft.dirt":189,"stat.mineBlock.harvestcraft.frostgarden":150,"stat.pickup.minecraft.iron_ore":119,"stat.pickup.leatherworks.rawhide_pig":2,"stat.pickup.rustic.log":52,"stat.mineBlock.mca.rose_gold_ore":5,"stat.pickup.minecraft.gold_ore":2,"stat.pickup.rustic.tomato_seeds":10,"stat.mineBlock.minecraft.stone_stairs":3,"stat.damageTaken":2935,"stat.mineBlock.minecraft.torch":21,"stat.mineBlock.minecraft.red_flower":1,"stat.mineBlock.minecraft.melon_block":3,"stat.useItem.minecraft.wooden_pickaxe":3,"stat.mineBlock.ferdinandsflowers.block_cff_fungus":1,"stat.pickup.harvestcraft.blueberryitem":26,"stat.useItem.variedcommodities.coin_diamond":1,"stat.pickup.minecraft.bed":1,"stat.mineBlock.minecraft.fence_gate":1,"stat.drop.minecraftfuture.flowerblue":1,"stat.damageDealt":3423,"stat.pickup.variedcommodities.coin_gold":16,"stat.pickup.chococraft.gysahl_green":16,"stat.pickup.harvestcraft.oatsitem":40,"stat.killEntity.Pig":9,"stat.mineBlock.magneticraft.ores":11,"stat.craftItem.minecraft.stone_shovel":1,"stat.walkOneCm":916886,"stat.animalsBred":1,"stat.pickup.of.coffee_bean":2,"stat.pickup.minecraft.stick":3,"stat.pickup.harvestcraft.greengrapeitem":32,"stat.pickup.harvestcraft.cabbageitem":25,"stat.pickup.minecraft.clay_ball":64,"stat.killEntity.piranha":1,"stat.pickup.harvestcraft.celeryitem":34,"stat.mineBlock.chisel.basalt2":3,"stat.useItem.minecraft.melon":10,"stat.mineBlock.zawa.golden_sparks":1,"stat.pickup.harvestcraft.spiceleafitem":42,"stat.pickup.minecraft.stone":143,"stat.craftItem.minecraft.iron_chestplate":1,"stat.killEntity.Skeleton":3,"stat.killEntity.wild_dog":1,"stat.pickup.ferdinandsflowers.block_cff_doubles":2,"stat.killEntity.Spider":1,"stat.pickup.minecraft.bread":7,"stat.pickup.variedcommodities.coin_iron":15,"stat.mobKills":22,"stat.mineBlock.minecraft.bookshelf":1,"stat.craftItem.minecraft.fence":15,"stat.pickup.minecraft.diamond":9,"stat.mineBlock.minecraft.leaves":23,"stat.pickup.harvestcraft.raspberryitem":21,"stat.pickup.minecraft.torch":28,"stat.useItem.harvestcraft.kohlrabiitem":2,"stat.mineBlock.minecraft.redstone_ore":23,"stat.mineBlock.harvestcraft.soggygarden":204,"stat.pickup.harvestcraft.beetitem":30,"stat.mineBlock.minecraft.stone":1919}