{"stat.chestOpened":2,"stat.drop.ferdinandsflowers.block_cff_doubles":1,"stat.craftItem.minecraft.sign":3,"stat.pickup.hempfarmer.bud":3,"stat.mineBlock.ferdinandsflowers.block_cff_flowersc":1,"stat.leaveGame":1,"stat.mineBlock.minecraft.cobblestone":1,"stat.pickup.harvestcraft.huckleberryitem":4,"stat.pickup.harvestcraft.ryeitem":3,"stat.useItem.minecraft.porkchop":2,"stat.useItem.harvestcraft.rootbeerfloatitem":1,"stat.pickup.harvestcraft.kohlrabiitem":3,"stat.jump":2309,"stat.swimOneCm":15230,"stat.drop.ferdinandsflowers.block_cff_flowersc":1,"stat.pickup.minecraft.coal":17,"stat.fallOneCm":65458,"stat.climbOneCm":1692,"stat.useItem.minecraft.planks":20,"stat.pickup.minecraft.carrot":14,"stat.useItem.minecraft.stone_axe":41,"stat.pickup.minecraft.porkchop":2,"stat.crouchOneCm":1550,"stat.pickup.harvestcraft.caulifloweritem":4,"stat.craftItem.minecraft.torch":12,"stat.craftItem.minecraft.chest":1,"stat.pickup.minecraft.dirt":35,"stat.useItem.minecraft.dirt":25,"stat.useItem.chococraft.gysahl_green":1,"stat.useItem.minecraft.stone_slab2":6,"stat.mineBlock.harvestcraft.frostgarden":16,"stat.craftingTableInteraction":8,"stat.pickup.rustic.log":48,"stat.pickup.rustic.tomato_seeds":1,"stat.craftItem.minecraft.stone_axe":1,"stat.pickup.harvestcraft.broccoliitem":2,"stat.damageTaken":1186,"stat.pickup.animalium.rat_meat":1,"stat.craftItem.minecraft.stone_pickaxe":5,"stat.mineBlock.minecraft.torch":1,"stat.mineBlock.minecraft.red_flower":1,"stat.useItem.minecraft.wooden_pickaxe":3,"stat.pickup.variedcommodities.coin_diamond":2,"stat.pickup.minecraft.cobblestone":158,"stat.useItem.variedcommodities.coin_diamond":1,"stat.pickup.minecraft.planks":1,"stat.useItem.minecraft.stone_shovel":25,"stat.flyOneCm":505099,"stat.pickup.minecraft.wheat_seeds":136,"stat.pickup.hempfarmer.seeds_hemp":4,"stat.useItem.minecraft.stone_pickaxe":177,"stat.damageDealt":532,"stat.pickup.variedcommodities.coin_gold":8,"stat.timeSinceDeath":17862,"stat.pickup.chococraft.gysahl_green":14,"stat.pickup.harvestcraft.oatsitem":1,"stat.mineBlock.minecraft.dirt":40,"stat.pickup.chococraft.lovely_gysahl_green":3,"stat.useItem.minecraft.sign":1,"stat.killEntity.Pig":1,"stat.craftItem.minecraft.wooden_pickaxe":1,"stat.craftItem.minecraft.stone_shovel":1,"stat.walkOneCm":310532,"stat.useItem.minecraft.torch":13,"stat.mineBlock.ferdinandsflowers.block_cff_flowers":1,"stat.useItem.harvestcraft.peasitem":5,"stat.pickup.minecraft.stick":3,"stat.pickup.harvestcraft.cabbageitem":6,"stat.useItem.minecraft.cobblestone":6,"stat.craftItem.minecraft.crafting_table":1,"stat.killEntity.piranha":1,"stat.mineBlock.minecraft.double_plant":1,"stat.mineBlock.minecraft.coal_ore":18,"stat.pickup.harvestcraft.spinachitem":3,"stat.pickup.variedcommodities.coin_emerald":1,"stat.pickup.harvestcraft.peasitem":5,"stat.pickup.harvestcraft.celeryitem":4,"stat.talkedToVillager":41,"stat.pickup.minecraft.log":15,"stat.pickup.minecraft.stone":11,"stat.killEntity.rat":2,"stat.drop.rustic.log":1,"stat.sprintOneCm":256136,"stat.useItem.cannibalism.playerflesh":13,"stat.craftItem.minecraft.stick":36,"stat.useItem.harvestcraft.caulifloweritem":4,"stat.killEntity.wild_dog":1,"stat.craftItem.minecraft.planks":60,"stat.pickup.ferdinandsflowers.block_cff_doubles":1,"stat.pickup.cannibalism.playerflesh":8,"stat.pickup.harvestcraft.rutabagaitem":5,"stat.pickup.harvestcraft.quinoaitem":3,"stat.useItem.minecraft.wheat":23,"stat.pickup.variedcommodities.coin_iron":10,"stat.mobKills":5,"stat.mineBlock.minecraft.log":15,"stat.pickup.chococraft.gysahl_green_seeds":32,"stat.deaths":3,"stat.entityKilledBy.wild_dog":2,"stat.drop":3,"stat.mineBlock.minecraft.leaves":9,"stat.playOneMinute":95297,"stat.pickup.harvestcraft.raspberryitem":1,"stat.pickup.minecraft.torch":2,"stat.pickup.minecraft.red_flower":1,"stat.sneakTime":776,"vending:stat.vendingMachinesUsed":1,"stat.pickup.ferdinandsflowers.block_cff_flowers":1,"stat.pickup.zawa.care_guide":1,"stat.pickup.harvestcraft.beetitem":6,"stat.mineBlock.minecraft.stone":153,"stat.pickup.ferdinandsflowers.block_cff_flowersc":1,"stat.mineBlock.minecraft.tallgrass":20,"stat.diveOneCm":10093,"stat.pickup.minecraft.wheat":166,"stat.pickup.harvestcraft.cottonitem":1}