{"stat.chestOpened":9,"stat.drop.ferdinandsflowers.block_cff_doubles":1,"stat.craftItem.minecraft.sign":3,"stat.pickup.hempfarmer.bud":3,"stat.mineBlock.ferdinandsflowers.block_cff_flowersc":1,"stat.leaveGame":1,"stat.pickup.minecraft.gravel":22,"stat.mineBlock.minecraft.cobblestone":4,"stat.pickup.minecraft.flint":2,"stat.pickup.harvestcraft.huckleberryitem":4,"stat.pickup.harvestcraft.ryeitem":3,"stat.useItem.minecraft.porkchop":2,"stat.mineBlock.rustic.slate":36,"stat.useItem.harvestcraft.rootbeerfloatitem":1,"stat.pickup.harvestcraft.kohlrabiitem":3,"stat.pickup.minecraftfuture.flowerblue":1,"stat.jump":2794,"stat.swimOneCm":15230,"stat.mineBlock.magneticraft.limestone":10,"stat.drop.ferdinandsflowers.block_cff_flowersc":1,"stat.pickup.minecraft.coal":25,"stat.fallOneCm":77447,"stat.climbOneCm":1692,"stat.useItem.minecraft.planks":20,"stat.pickup.magneticraft.limestone":7,"stat.craftItem.minecraft.shield":1,"stat.pickup.chisel.basalt2":1,"stat.pickup.minecraft.carrot":14,"stat.useItem.minecraft.stone_axe":55,"stat.pickup.minecraft.porkchop":2,"stat.crouchOneCm":6994,"stat.pickup.harvestcraft.caulifloweritem":4,"stat.craftItem.minecraft.torch":68,"stat.craftItem.minecraft.chest":2,"stat.craftItem.minecraft.iron_ingot":31,"stat.pickup.hempfarmer.regs_joint":3,"stat.pickup.minecraft.dirt":82,"stat.useItem.minecraft.dirt":47,"stat.useItem.chococraft.gysahl_green":1,"stat.useItem.minecraft.stone_slab2":17,"stat.mineBlock.harvestcraft.frostgarden":16,"stat.craftingTableInteraction":16,"stat.pickup.minecraft.iron_ore":66,"stat.pickup.rustic.log":48,"stat.craftItem.minecraft.furnace":7,"stat.pickup.rustic.tomato_seeds":1,"stat.craftItem.minecraft.stone_axe":1,"stat.pickup.harvestcraft.broccoliitem":2,"stat.mineBlock.minecraft.stone_stairs":3,"stat.damageTaken":1394,"stat.pickup.animalium.rat_meat":1,"stat.craftItem.minecraft.stone_pickaxe":10,"stat.mineBlock.minecraft.torch":11,"stat.mineBlock.minecraft.red_flower":1,"stat.useItem.minecraft.wooden_pickaxe":3,"stat.useItem.minecraft.furnace":6,"stat.pickup.variedcommodities.coin_diamond":2,"stat.pickup.minecraft.cobblestone":539,"stat.useItem.variedcommodities.coin_diamond":1,"stat.pickup.minecraft.planks":1,"stat.useItem.minecraft.stone_shovel":47,"stat.mineBlock.chisel.limestone2":8,"stat.pickup.chisel.limestone2":8,"stat.flyOneCm":559118,"stat.pickup.magneticraft.ores":3,"stat.pickup.minecraft.wheat_seeds":136,"stat.pickup.hempfarmer.seeds_hemp":4,"stat.mineBlock.minecraft.gravel":21,"stat.pickup.rustic.slate":31,"stat.useItem.minecraft.stone_pickaxe":831,"stat.damageDealt":783,"stat.pickup.variedcommodities.coin_gold":8,"stat.mineBlock.minecraft.iron_ore":68,"stat.timeSinceDeath":68262,"stat.pickup.chococraft.gysahl_green":14,"stat.pickup.harvestcraft.oatsitem":1,"stat.mineBlock.minecraft.dirt":63,"stat.pickup.chococraft.lovely_gysahl_green":3,"stat.useItem.minecraft.sign":1,"stat.killEntity.Pig":1,"stat.craftItem.minecraft.wooden_pickaxe":1,"stat.mineBlock.magneticraft.ores":3,"stat.craftItem.minecraft.stone_shovel":1,"stat.walkOneCm":387721,"stat.useItem.minecraft.torch":56,"stat.useItem.minecraft.bread":5,"stat.mineBlock.ferdinandsflowers.block_cff_flowers":1,"stat.useItem.harvestcraft.peasitem":5,"stat.pickup.minecraft.stick":3,"stat.craftItem.minecraft.stone_stairs":72,"stat.mineBlock.chisel.marble2":88,"stat.pickup.harvestcraft.cabbageitem":6,"stat.useItem.minecraft.cobblestone":41,"stat.craftItem.minecraft.crafting_table":2,"stat.furnaceInteraction":7,"stat.killEntity.piranha":1,"stat.mineBlock.minecraft.double_plant":1,"stat.mineBlock.minecraft.coal_ore":26,"stat.pickup.harvestcraft.spinachitem":3,"stat.pickup.variedcommodities.coin_emerald":1,"stat.pickup.harvestcraft.peasitem":5,"stat.pickup.harvestcraft.celeryitem":4,"stat.talkedToVillager":48,"stat.mineBlock.chisel.basalt2":1,"stat.drop.minecraft.red_flower":1,"stat.pickup.minecraft.log":21,"stat.craftItem.minecraft.stone_slab2":0,"stat.pickup.minecraft.stone":39,"stat.killEntity.rat":2,"stat.craftItem.minecraft.iron_chestplate":1,"stat.drop.rustic.log":1,"stat.sprintOneCm":316670,"stat.useItem.cannibalism.playerflesh":13,"stat.useItem.minecraft.stone_stairs":68,"stat.craftItem.minecraft.stick":44,"stat.useItem.harvestcraft.caulifloweritem":4,"stat.killEntity.wild_dog":1,"stat.craftItem.minecraft.planks":84,"stat.pickup.minecraft.stone_stairs":3,"stat.pickup.ferdinandsflowers.block_cff_doubles":1,"stat.pickup.cannibalism.playerflesh":8,"stat.pickup.minecraft.bread":7,"stat.pickup.harvestcraft.rutabagaitem":5,"stat.pickup.harvestcraft.quinoaitem":3,"stat.useItem.minecraft.wheat":38,"stat.pickup.variedcommodities.coin_iron":10,"stat.mobKills":6,"stat.mineBlock.minecraft.log":21,"stat.pickup.chococraft.gysahl_green_seeds":38,"stat.deaths":3,"stat.entityKilledBy.wild_dog":2,"stat.drop":7,"stat.mineBlock.minecraft.leaves":10,"stat.playOneMinute":145697,"stat.pickup.harvestcraft.raspberryitem":1,"stat.pickup.minecraft.torch":14,"stat.useItem.hempfarmer.regs_joint":3,"stat.pickup.minecraft.red_flower":2,"stat.sneakTime":4227,"vending:stat.vendingMachinesUsed":1,"stat.pickup.ferdinandsflowers.block_cff_flowers":1,"stat.killEntity.Zombie":1,"stat.pickup.zawa.care_guide":2,"stat.pickup.harvestcraft.beetitem":6,"stat.drop.minecraft.iron_ingot":3,"stat.mineBlock.minecraft.stone":550,"stat.pickup.ferdinandsflowers.block_cff_flowersc":1,"stat.pickup.chisel.marble2":83,"stat.mineBlock.minecraft.tallgrass":23,"stat.diveOneCm":10093,"stat.pickup.minecraft.wheat":166,"stat.pickup.harvestcraft.cottonitem":1}