{"stat.drop.ferdinandsflowers.block_cff_doubles":1,"stat.pickup.minecraft.bone":1,"stat.leaveGame":3,"stat.mineBlock.minecraft.cobblestone":4,"stat.pickup.minecraft.flint":7,"stat.pickup.harvestcraft.huckleberryitem":4,"stat.useItem.harvestcraft.rootbeerfloatitem":1,"stat.pickup.minecraftfuture.flowerblue":1,"stat.swimOneCm":15230,"stat.climbOneCm":1692,"stat.useItem.minecraft.planks":20,"stat.pickup.magneticraft.limestone":7,"stat.craftItem.minecraft.shield":1,"stat.pickup.minecraft.porkchop":2,"stat.pickup.hempfarmer.regs_joint":3,"stat.useItem.minecraft.dirt":48,"stat.useItem.chococraft.gysahl_green":1,"stat.useItem.minecraft.stone_slab2":19,"stat.pickup.minecraft.rotten_flesh":1,"stat.craftItem.minecraft.furnace":7,"stat.craftItem.minecraft.stone_axe":1,"stat.pickup.harvestcraft.broccoliitem":2,"stat.pickup.animalium.rat_meat":1,"stat.craftItem.minecraft.stone_pickaxe":10,"stat.pickup.variedcommodities.coin_diamond":2,"stat.pickup.minecraft.cobblestone":663,"stat.useItem.minecraft.stone_shovel":67,"stat.mineBlock.chisel.limestone2":8,"stat.flyOneCm":562162,"stat.pickup.magneticraft.ores":4,"stat.pickup.hempfarmer.seeds_hemp":4,"stat.pickup.rustic.slate":31,"stat.pickup.minecraft.redstone":19,"stat.mineBlock.minecraft.iron_ore":73,"stat.timeSinceDeath":78411,"stat.pickup.chococraft.lovely_gysahl_green":3,"stat.useItem.minecraft.sign":1,"stat.useItem.minecraft.iron_pickaxe":57,"stat.craftItem.minecraft.wooden_pickaxe":1,"stat.useItem.harvestcraft.peasitem":5,"stat.mineBlock.chisel.marble2":88,"stat.furnaceInteraction":8,"stat.mineBlock.minecraft.coal_ore":27,"stat.pickup.harvestcraft.spinachitem":3,"stat.pickup.variedcommodities.coin_emerald":1,"stat.talkedToVillager":48,"stat.pickup.extrautils2.ingredients":1,"stat.drop.minecraft.red_flower":1,"stat.craftItem.minecraft.stone_slab2":0,"stat.killEntity.rat":2,"stat.drop.rustic.log":1,"stat.sprintOneCm":326898,"stat.useItem.minecraft.stone_stairs":68,"stat.craftItem.minecraft.stick":48,"stat.pickup.minecraft.stone_stairs":3,"stat.pickup.harvestcraft.quinoaitem":3,"stat.useItem.minecraft.wheat":38,"stat.pickup.chococraft.gysahl_green_seeds":38,"stat.deaths":3,"stat.entityKilledBy.wild_dog":2,"stat.drop":7,"stat.playOneMinute":155846,"stat.craftItem.minecraft.iron_pickaxe":1,"stat.pickup.ferdinandsflowers.block_cff_flowers":1,"stat.killEntity.Zombie":2,"stat.pickup.zawa.care_guide":2,"stat.drop.minecraft.iron_ingot":3,"stat.pickup.chisel.marble2":83,"stat.mineBlock.minecraft.tallgrass":23,"stat.diveOneCm":10093,"stat.pickup.minecraft.wheat":166,"stat.pickup.harvestcraft.cottonitem":1,"stat.chestOpened":12,"stat.craftItem.minecraft.sign":3,"stat.pickup.hempfarmer.bud":3,"stat.mineBlock.ferdinandsflowers.block_cff_flowersc":1,"stat.pickup.minecraft.gravel":35,"stat.pickup.minecraft.arrow":1,"stat.pickup.harvestcraft.ryeitem":3,"stat.useItem.minecraft.porkchop":2,"stat.mineBlock.rustic.slate":36,"stat.pickup.harvestcraft.kohlrabiitem":3,"stat.jump":2838,"stat.mineBlock.magneticraft.limestone":10,"stat.drop.ferdinandsflowers.block_cff_flowersc":1,"stat.pickup.minecraft.coal":25,"stat.fallOneCm":77447,"stat.pickup.chisel.basalt2":1,"stat.pickup.minecraft.carrot":14,"stat.useItem.minecraft.stone_axe":60,"stat.crouchOneCm":6994,"stat.pickup.harvestcraft.caulifloweritem":4,"stat.craftItem.minecraft.torch":68,"stat.craftItem.minecraft.chest":2,"stat.craftItem.minecraft.iron_ingot":52,"stat.pickup.minecraft.dirt":107,"stat.mineBlock.harvestcraft.frostgarden":16,"stat.craftingTableInteraction":19,"stat.pickup.minecraft.iron_ore":71,"stat.pickup.rustic.log":48,"stat.pickup.rustic.tomato_seeds":1,"stat.mineBlock.minecraft.stone_stairs":3,"stat.damageTaken":1448,"stat.mineBlock.minecraft.torch":12,"stat.mineBlock.minecraft.red_flower":1,"stat.useItem.minecraft.wooden_pickaxe":3,"stat.useItem.minecraft.furnace":6,"stat.useItem.variedcommodities.coin_diamond":1,"stat.pickup.minecraft.planks":1,"stat.pickup.chisel.limestone2":8,"stat.pickup.minecraft.wheat_seeds":136,"stat.mineBlock.minecraft.gravel":39,"stat.useItem.minecraft.stone_pickaxe":1064,"stat.damageDealt":997,"stat.pickup.variedcommodities.coin_gold":8,"stat.pickup.chococraft.gysahl_green":14,"stat.pickup.harvestcraft.oatsitem":1,"stat.mineBlock.minecraft.dirt":67,"stat.killEntity.Pig":1,"stat.mineBlock.magneticraft.ores":5,"stat.craftItem.minecraft.stone_shovel":1,"stat.walkOneCm":416133,"stat.useItem.minecraft.torch":74,"stat.useItem.minecraft.bread":7,"stat.mineBlock.ferdinandsflowers.block_cff_flowers":1,"stat.pickup.minecraft.stick":3,"stat.craftItem.minecraft.stone_stairs":72,"stat.pickup.harvestcraft.cabbageitem":6,"stat.useItem.minecraft.cobblestone":41,"stat.craftItem.minecraft.crafting_table":2,"stat.killEntity.piranha":1,"stat.mineBlock.minecraft.double_plant":1,"stat.pickup.harvestcraft.peasitem":5,"stat.pickup.harvestcraft.celeryitem":4,"stat.mineBlock.chisel.basalt2":1,"stat.pickup.minecraft.log":21,"stat.pickup.minecraft.stone":55,"stat.craftItem.minecraft.iron_chestplate":1,"stat.useItem.cannibalism.playerflesh":13,"stat.killEntity.Skeleton":1,"stat.useItem.harvestcraft.caulifloweritem":4,"stat.killEntity.wild_dog":1,"stat.craftItem.minecraft.planks":84,"stat.pickup.ferdinandsflowers.block_cff_doubles":1,"stat.pickup.cannibalism.playerflesh":8,"stat.pickup.minecraft.bread":7,"stat.pickup.harvestcraft.rutabagaitem":5,"stat.pickup.variedcommodities.coin_iron":10,"stat.mobKills":8,"stat.mineBlock.minecraft.log":21,"stat.mineBlock.minecraft.leaves":10,"stat.pickup.harvestcraft.raspberryitem":1,"stat.pickup.minecraft.torch":15,"stat.useItem.hempfarmer.regs_joint":3,"stat.pickup.minecraft.red_flower":2,"stat.mineBlock.minecraft.redstone_ore":4,"stat.sneakTime":4231,"stat.pickup.harvestcraft.beetitem":6,"stat.mineBlock.minecraft.stone":827,"stat.pickup.ferdinandsflowers.block_cff_flowersc":1}