{"stat.chestOpened":3,"stat.craftItem.minecraft.stone_slab":12,"stat.walkOneCm":133615,"stat.useItem.minecraft.torch":3,"stat.mineBlock.ferdinandsflowers.block_cff_flowers":1,"stat.leaveGame":4,"stat.pickup.minecraft.crafting_table":3,"stat.useItem.minecraft.cobblestone":2,"stat.craftItem.minecraft.crafting_table":1,"stat.drop.camera.image":1,"stat.mineBlock.minecraft.coal_ore":11,"stat.pickup.variedcommodities.coin_emerald":1,"stat.pickup.minecraft.log":9,"stat.swimOneCm":4441,"stat.jump":650,"stat.mineBlock.harvestcraft.beehive":1,"stat.pickup.minecraft.coal":12,"stat.pickup.minecraft.iron_helmet":1,"stat.fallOneCm":13759,"stat.climbOneCm":3034,"stat.pickup.minecraft.beef":1,"stat.pickup.tombstone.crafting_ingredient":2,"stat.mineBlock.zawa.bald_eagle_plush":2,"stat.useItem.minecraft.stone_axe":13,"stat.pickup.minecraft.stone":3,"stat.killEntity.rat":1,"stat.crouchOneCm":868,"stat.craftItem.minecraft.torch":4,"stat.pickup.minecraft.dirt":28,"stat.useItem.minecraft.dirt":1,"stat.sprintOneCm":72350,"stat.useItem.minecraft.stone_slab2":8,"stat.mineBlock.minecraft.stone_slab":3,"stat.pickup.zawa.bird_meat":1,"stat.craftItem.minecraft.wooden_axe":1,"stat.craftItem.minecraft.stick":16,"stat.craftingTableInteraction":9,"stat.useItem.minecraft.stone_slab":12,"stat.craftItem.minecraft.planks":20,"stat.craftItem.minecraft.stone_axe":1,"stat.pickup.harvestcraft.queenbeeitem":1,"stat.damageTaken":320,"stat.mineBlock.minecraft.crafting_table":3,"stat.killEntity.Spider":1,"stat.pickup.minecraft.feather":3,"stat.pickup.camera.image":1,"stat.pickup.minecraft.bread":10,"stat.craftItem.minecraft.stone_pickaxe":1,"stat.mineBlock.ferdinandsflowers.block_cff_fungus":3,"stat.useItem.minecraft.wooden_pickaxe":18,"stat.pickup.variedcommodities.coin_diamond":2,"stat.useItem.minecraft.wheat":33,"stat.pickup.variedcommodities.coin_iron":10,"stat.pickup.minecraft.cobblestone":32,"stat.mobKills":6,"stat.mineBlock.minecraft.log":9,"stat.pickup.ferdinandsflowers.block_cff_fungus":3,"stat.craftItem.minecraft.stone_sword":1,"stat.flyOneCm":128121,"stat.pickup.magneticraft.ores":4,"stat.pickup.zawa.bald_eagle_plush":3,"stat.drop":1,"stat.mineBlock.minecraft.leaves":10,"stat.playOneMinute":31594,"stat.pickup.mowziesmobs.glowing_jelly":2,"stat.useItem.minecraft.stone_pickaxe":25,"stat.sneakTime":428,"stat.useItem.minecraft.stone_sword":15,"vending:stat.vendingMachinesUsed":1,"stat.pickup.ferdinandsflowers.block_cff_flowers":1,"stat.damageDealt":959,"stat.pickup.variedcommodities.coin_gold":8,"stat.killEntity.Zombie":1,"stat.pickup.zawa.care_guide":1,"stat.timeSinceDeath":31594,"stat.useItem.minecraft.wooden_axe":3,"stat.pickup.minecraft.stone_slab":2,"stat.mineBlock.minecraft.dirt":7,"stat.craftItem.minecraft.wooden_pickaxe":1,"stat.mineBlock.minecraft.stone":20,"stat.mineBlock.minecraft.tallgrass":2,"stat.diveOneCm":14104,"stat.pickup.minecraft.wheat":64,"stat.mineBlock.magneticraft.ores":4}