{"stat.chestOpened":14,"stat.craftItem.minecraft.ladder":3,"stat.useItem.minecraft.stone":1,"stat.leaveGame":4,"stat.mineBlock.minecraft.cobblestone":2,"stat.pickup.minecraft.stone_axe":1,"stat.craftItem.minecraft.iron_axe":1,"stat.drop.camera.image":1,"stat.useItem.zawa.bird_meat_cooked":1,"stat.mineBlock.rustic.slate":5,"stat.swimOneCm":4441,"stat.jump":857,"stat.mineBlock.harvestcraft.beehive":1,"stat.pickup.minecraft.coal":35,"stat.pickup.minecraft.iron_helmet":1,"stat.craftItem.zawa.bush_meat_cooked":1,"stat.fallOneCm":17223,"stat.climbOneCm":7830,"stat.useItem.minecraft.planks":1,"stat.mineBlock.zawa.bald_eagle_plush":2,"stat.useItem.minecraft.stone_axe":35,"stat.crouchOneCm":1144,"stat.craftItem.minecraft.torch":28,"stat.craftItem.minecraft.chest":2,"stat.craftItem.minecraft.iron_ingot":61,"stat.pickup.minecraft.dirt":28,"stat.useItem.minecraft.dirt":1,"stat.useItem.minecraft.stone_slab2":16,"stat.pickup.zawa.bird_meat":1,"stat.craftingTableInteraction":21,"stat.pickup.minecraft.iron_ore":61,"stat.pickup.zawa.pangolin_scale":2,"stat.craftItem.minecraft.furnace":3,"stat.pickup.rustic.tomato_seeds":1,"stat.craftItem.minecraft.stone_axe":1,"stat.craftItem.minecraft.iron_boots":1,"stat.damageTaken":385,"stat.pickup.minecraft.feather":3,"stat.pickup.camera.image":1,"stat.pickup.animalium.rat_meat":1,"stat.craftItem.minecraft.stone_pickaxe":1,"stat.mineBlock.minecraft.torch":4,"stat.mineBlock.ferdinandsflowers.block_cff_fungus":3,"stat.useItem.minecraft.wooden_pickaxe":18,"stat.craftItem.minecraft.cooked_beef":1,"stat.useItem.minecraft.furnace":1,"stat.pickup.variedcommodities.coin_diamond":2,"stat.pickup.minecraft.cobblestone":171,"stat.pickup.ferdinandsflowers.block_cff_fungus":3,"stat.pickup.minecraft.planks":8,"stat.craftItem.minecraft.stone_sword":1,"stat.flyOneCm":147355,"stat.pickup.magneticraft.ores":19,"stat.craftItem.minecraft.iron_shovel":1,"stat.pickup.mowziesmobs.glowing_jelly":7,"stat.pickup.rustic.slate":5,"stat.useItem.minecraft.stone_pickaxe":133,"stat.useItem.minecraft.cooked_beef":1,"stat.useItem.minecraft.stone_sword":27,"stat.craftItem.minecraft.iron_leggings":1,"stat.damageDealt":1620,"stat.pickup.zawa.bush_meat_raw":1,"stat.pickup.variedcommodities.coin_gold":8,"stat.mineBlock.minecraft.iron_ore":61,"stat.timeSinceDeath":56794,"stat.useItem.animalium.rat_meat_cooked":1,"stat.mineBlock.minecraft.dirt":7,"stat.useItem.minecraft.iron_pickaxe":175,"stat.craftItem.minecraft.wooden_pickaxe":1,"stat.craftItem.minecraft.iron_sword":1,"stat.mineBlock.magneticraft.ores":20,"stat.craftItem.minecraft.stone_slab":12,"stat.walkOneCm":184006,"stat.useItem.minecraft.torch":19,"stat.mineBlock.ferdinandsflowers.block_cff_flowers":1,"stat.animalsBred":2,"stat.pickup.minecraft.crafting_table":3,"stat.useItem.minecraft.cobblestone":50,"stat.pickup.minecraft.stonebrick":3,"stat.craftItem.minecraft.crafting_table":1,"stat.furnaceInteraction":39,"stat.mineBlock.minecraft.coal_ore":34,"stat.pickup.variedcommodities.coin_emerald":1,"stat.pickup.minecraft.log":23,"stat.useItem.zawa.bush_meat_cooked":1,"stat.pickup.minecraft.beef":1,"stat.pickup.tombstone.crafting_ingredient":2,"stat.craftItem.zawa.bird_meat_cooked":1,"stat.craftItem.minecraft.stone_slab2":0,"stat.pickup.minecraft.stone":39,"stat.killEntity.rat":4,"stat.craftItem.minecraft.iron_chestplate":1,"stat.pickup.minecraft.sapling":1,"stat.sprintOneCm":87971,"stat.craftItem.animalium.rat_meat_cooked":1,"stat.mineBlock.minecraft.stone_slab":3,"stat.craftItem.minecraft.wooden_axe":1,"stat.craftItem.minecraft.stick":40,"stat.useItem.minecraft.stone_slab":12,"stat.killEntity.wild_dog":1,"stat.mineBlock.minecraft.stonebrick":1,"stat.craftItem.minecraft.planks":64,"stat.pickup.harvestcraft.queenbeeitem":1,"stat.killEntity.Spider":1,"stat.mineBlock.minecraft.crafting_table":3,"stat.pickup.minecraft.bread":10,"stat.useItem.minecraft.wheat":33,"stat.pickup.variedcommodities.coin_iron":10,"stat.mobKills":14,"stat.mineBlock.minecraft.log":23,"stat.craftItem.minecraft.wooden_door":3,"stat.craftItem.magneticraft.ingots":11,"stat.useItem.minecraft.wooden_door":1,"stat.mineBlock.minecraft.planks":2,"stat.pickup.zawa.bald_eagle_plush":3,"stat.drop":1,"stat.mineBlock.minecraft.leaves":14,"stat.playOneMinute":56794,"stat.pickup.minecraft.torch":4,"stat.killEntity.Sheep":1,"stat.useItem.minecraft.ladder":2,"stat.sneakTime":546,"stat.craftItem.minecraft.iron_pickaxe":1,"vending:stat.vendingMachinesUsed":1,"stat.pickup.ferdinandsflowers.block_cff_flowers":1,"stat.killEntity.Zombie":1,"stat.pickup.zawa.care_guide":1,"stat.useItem.minecraft.wooden_axe":3,"stat.pickup.minecraft.stone_slab":3,"stat.mineBlock.minecraft.stone":195,"stat.mineBlock.minecraft.tallgrass":7,"stat.diveOneCm":14104,"stat.pickup.minecraft.wheat":64}