{"stat.useItem.minecraft.bow":1,"stat.useItem.chiselsandbits.chiseled_wood":31,"stat.pickup.harvestcraft.venisonrawitem":127,"stat.drop.opframe.opframe":2,"stat.leaveGame":13,"stat.killEntity.bee":1,"stat.useItem.chiselsandbits.block_bit":47,"stat.pickup.zawa.moose_plush":1,"stat.useItem.minecraft.diamond_sword":10,"stat.swimOneCm":1407,"stat.climbOneCm":989,"stat.useItem.minecraft.planks":84,"stat.pickup.minecraft.glowstone_dust":2,"stat.pickup.casinocraft.arcade_base_lightblue":1,"stat.pickup.zawa.elephant_plush":1,"stat.pickup.harvestcraft.creepercookieitem":64,"stat.pickup.minecraft.porkchop":63,"stat.pickup.cfm.lamp_off":1,"stat.pickup.modernlamps.ceiling_lamp_01":3,"stat.pickup.minecraft.glass":1,"stat.useItem.minecraft.dirt":6,"stat.pickup.zawa.giraffe_plush":1,"stat.useItem.minecraft.stone_slab2":2698,"stat.pickup.customnpcs.npcwand":1,"stat.pickup.zawa.bird_meat":127,"stat.useItem.modernlamps.ceiling_lamp_01":3,"stat.useItem.minecraft.water_bucket":1,"stat.pickup.minecraft.rotten_flesh":3,"stat.useItem.thebetweenlands.log_weedwood":4,"stat.pickup.extrautils2.snowglobe":1,"stat.useItem.cfm.lamp_off":4,"stat.pickup.zawa.carnivore_meat_raw":127,"stat.useItem.opframe.opframe":9,"stat.useItem.customnpcs.npcsoulstonefilled":13,"stat.pickup.variedcommodities.coin_diamond":1,"stat.pickup.minecraft.record_chirp":3,"stat.pickup.minecraft.cobblestone":1,"stat.drop.casinocraft.module_baccarat":5,"stat.pickup.animalium.bear_meat":127,"stat.flyOneCm":2384585,"stat.pickup.zawa.monkey_plush":1,"stat.pickup.of.mug":1,"stat.pickup.zawa.gorilla_plush":65,"stat.killEntity.Witch":1,"stat.useItem.securitycraft.bucket_f_water":1,"stat.useItem.rustic.fluid_bottle":2,"stat.pickup.cfm.cabinet_dark_oak":1,"stat.timeSinceDeath":685339,"stat.pickup.harvestcraft.rootbeerfloatitem":2,"stat.useItem.minecraft.spawn_egg":1,"stat.drop.rustic.chili_pepper_seeds":1,"stat.pickup.minecraft.mutton":63,"stat.pickup.zawa.lion_plush":2,"stat.pickup.chiselsandbits.block_bit":108,"stat.useItem.chiselsandbits.chiseled_glass":10,"stat.pickup.minecraft.dark_oak_door":24,"stat.pickup.minecraft.stonebrick":2,"stat.drop.minecraft.dirt":1,"stat.pickup.variedcommodities.coin_emerald":17,"stat.killEntity.Creeper":1,"stat.pickup.zawa.octopus_plush":65,"stat.drop.customnpcs.npcwand":1,"stat.pickup.minecraft.beef":63,"stat.pickup.zawa.large_meat_raw":64,"stat.useItem.minecraft.milk_bucket":1,"stat.sprintOneCm":222181,"stat.useItem.cfm.light_switch_off":3,"stat.useItem.minecraft.diamond_shovel":315,"stat.useItem.customnpcs.npcmovingpath":17,"stat.pickup.harvestcraft.turkeyrawitem":127,"stat.useItem.minecraft.dark_oak_door":2,"stat.useItem.minecraft.stone_slab":5,"stat.pickup.zawa.tiger_plush":1,"stat.pickup.zawa.red_panda_plush":1,"stat.deaths":1,"stat.drop":11,"stat.playOneMinute":704558,"stat.pickup.minecraft.stone_button":1,"stat.pickup.cfm.plate":2,"stat.useItem.chisel.planks-oak":302,"stat.killEntity.Zombie":3,"stat.pickup.zawa.care_guide":1,"stat.pickup.zawa.platypus_plush":1,"stat.pickup.chiselsandbits.chisel_diamond":1,"stat.diveOneCm":835,"stat.useItem.minecraft.splash_potion":2,"stat.pickup.zawa.orca_plush":1,"stat.recordPlayed":3,"stat.useItem.malisisdoors.rustyhatch":33,"stat.useItem.minecraft.stone":1,"stat.pickup.of.table":1,"stat.drop.chiselsandbits.chisel_diamond":1,"stat.pickup.modernlamps.suspended_neon":1,"stat.pickup.of.lightswitch":1,"stat.useItem.chisel.stonebrick":15,"stat.jump":1357,"stat.fallOneCm":404,"stat.pickup.modernlamps.ceiling_neon_lamp":1,"stat.pickup.minecraft.gunpowder":2,"stat.crouchOneCm":96598,"stat.pickup.zawa.grizzly_plush":1,"stat.useItem.microblockcbe.microblock":2,"stat.pickup.minecraft.dirt":11,"stat.craftingTableInteraction":48,"stat.pickup.chisel.planks-birch":1,"stat.dropperInspected":1,"stat.mineBlock.cfm.light_switch_off":1,"stat.pickup.rustic.tomato_seeds":1,"stat.pickup.minecraft.cookie":1,"stat.damageTaken":20,"stat.useItem.chisel.carpet_purple":13,"stat.pickup.minecraft.dye":163,"stat.useItem.customnpcs.npcwand":16,"stat.pickup.opframe.opframe":1,"stat.pickup.harvestcraft.duckrawitem":127,"stat.damageDealt":1152,"stat.useItem.mowziesmobs.spawn_egg":1,"stat.pickup.zawa.bush_meat_raw":64,"stat.pickup.variedcommodities.coin_gold":1,"stat.walkOneCm":902171,"stat.pickup.harvestcraft.baconandeggsitem":64,"stat.drop.minecraft.rotten_flesh":2,"stat.pickup.harvestcraft.bakedhamitem":1,"stat.pickup.chisel.carpet_purple":2,"stat.pickup.casinocraft.module_baccarat":12,"stat.pickup.minecraft.chicken":63,"stat.useItem.ferdinandsflowers.block_cff_flowersd":4,"stat.pickup.cannibalism.playerflesh":3,"stat.drop.chiselsandbits.chiseled_glass":1,"stat.pickup.minecraft.dark_oak_stairs":1,"stat.pickup.variedcommodities.coin_iron":1,"stat.mobKills":7,"stat.useItem.minecraft.stonebrick":273,"stat.pickup.harvestcraft.roastchickenitem":64,"stat.pickup.zawa.turtle_plush":1,"stat.pickup.zawa.bald_eagle_plush":1,"stat.pickup.minecraft.diamond":32,"stat.pickup.extrautils2.itemcreativedestructionwand":1,"stat.pickup.of.gramophone":1,"stat.sneakTime":34498,"stat.pickup.rustic.chili_pepper_seeds":1,"stat.pickup.cfm.light_switch_off":1,"stat.pickup.minecraft.rabbit":63,"stat.pickup.cfm.tv_remote":1,"stat.pickup.ferdinandsflowers.block_cff_flowersd":1,"stat.drop.minecraft.grass":1}