{"stat.useItem.minecraft.bow":1,"stat.useItem.chiselsandbits.chiseled_wood":31,"stat.drop.ferdinandsflowers.block_cff_doubles":1,"stat.pickup.minecraft.wooden_slab":1,"stat.drop.opframe.opframe":2,"stat.leaveGame":37,"stat.pickup.harvestcraft.huckleberryitem":5,"stat.mineBlock.rustic.leaves":5,"stat.craftItem.minecraft.string":2,"stat.craftItem.minecraft.shield":1,"stat.mineBlock.minecraft.web":1,"stat.pickup.zawa.elephant_plush":1,"stat.pickup.modernlamps.ceiling_lamp_01":3,"stat.killEntity.nightmares.spider":2,"stat.pickup.customnpcs.npcwand":1,"stat.pickup.rustic.cloudsbluff":2,"stat.craftItem.extrautils2.endershard":8,"stat.pickup.minecraft.leaves2":18,"stat.useItem.modernlamps.ceiling_lamp_01":3,"stat.drop.minecraft.iron_sword":1,"stat.useItem.chisel.concrete_white":2,"stat.craftItem.mca.wedding_ring":1,"stat.pickup.minecraft.rotten_flesh":29,"stat.drop.minecraft.redstone_torch":1,"stat.craftItem.minecraft.stone_axe":1,"stat.pickup.animalium.wild_dog_pelt":1,"stat.pickup.minecraft.bucket":1,"stat.killEntity.Enderman":1,"stat.pickup.variedcommodities.coin_diamond":13,"stat.mineBlock.minecraft.wooden_slab":1,"stat.craftItem.minecraft.iron_shovel":1,"stat.pickup.zawa.monkey_plush":1,"stat.killEntity.Witch":1,"stat.mineBlock.rustic.log":15,"stat.pickup.chisel.chisel_iron":1,"stat.useItem.zawa.carnivore_meat_cooked":1,"stat.craftItem.extrautils2.machine":5,"stat.useItem.minecraft.iron_pickaxe":2507,"stat.pickup.securitycraft.universal_block_remover":2,"stat.craftItem.minecraft.wooden_pickaxe":1,"stat.craftItem.minecraft.iron_door":3,"stat.useItem.minecraft.iron_shovel":148,"stat.craftItem.minecraft.bed":1,"stat.craftItem.minecraft.glass_pane":128,"stat.pickup.harvestcraft.onionitem":1,"stat.mineBlock.chisel.marble2":20,"stat.mineBlock.minecraft.hopper":3,"stat.furnaceInteraction":170,"stat.killEntity.ZombieVillager":1,"stat.pickup.harvestcraft.cornitem":1,"stat.pickup.variedcommodities.coin_emerald":18,"stat.useItem.zawa.ball":2,"stat.pickup.minecraft.beef":63,"stat.pickup.chisel.concrete_white1":1,"stat.pickup.zawa.large_meat_raw":65,"stat.useItem.minecraft.trapdoor":3,"stat.useItem.customnpcs.npcmovingpath":24,"stat.pickup.mowziesmobs.wrought_helmet":1,"stat.pickup.harvestcraft.turkeyrawitem":127,"stat.pickup.mca.rose_gold_ore":24,"stat.useItem.minecraft.dark_oak_door":2,"stat.useItem.minecraft.flint_and_steel":88,"stat.mineBlock.minecraft.sea_lantern":27,"stat.drop.harvestcraft.freshwateritem":64,"stat.pickup.rustic.olives":2,"stat.craftItem.securitycraft.laser_block":1,"stat.drop.harvestcraft.beetitem":1,"stat.pickup.securitycraft.universal_block_reinforcer_lvl1":1,"stat.craftItem.minecraft.dark_oak_boat":1,"stat.deaths":44,"stat.craftItem.ferdinandsflowers.flower_dye":3,"stat.pickup.cfm.plate":2,"stat.craftItem.minecraft.iron_pickaxe":10,"stat.useItem.chisel.planks-oak":681,"stat.pickup.minecraft.glass_pane":51,"stat.pickup.zawa.care_guide":1,"stat.pickup.chisel.marble2":21,"stat.mineBlock.minecraft.tallgrass":72,"stat.fishCaught":5,"stat.chestOpened":113,"stat.useItem.minecraft.splash_potion":47,"stat.craftItem.minecraft.sign":3,"stat.useItem.malisisdoors.rustyhatch":33,"stat.useItem.minecraft.stone":27,"stat.pickup.minecraft.iron_sword":2,"stat.pickup.minecraft.arrow":25,"stat.pickup.harvestcraft.waterchestnutitem":1,"stat.drop.chiselsandbits.chisel_diamond":1,"stat.useItem.chisel.stonebrick":15,"stat.drop.minecraft.iron_pickaxe":1,"stat.killEntity.nightmares.hag":1,"stat.mineBlock.magneticraft.limestone":7,"stat.pickup.zawa.tiger_fur":1,"stat.pickup.minecraft.carrot":1,"stat.pickup.modernlamps.ceiling_neon_lamp":1,"stat.pickup.treasure2.silver_coin":1,"stat.crouchOneCm":233098,"stat.useItem.microblockcbe.microblock":2,"stat.craftItem.minecraft.iron_ingot":327,"stat.mineBlock.minecraft.concrete_powder":2,"stat.craftItem.minecraft.hopper":4,"stat.craftingTableInteraction":180,"stat.craftItem.cannibalism.diamondknife":1,"stat.craftItem.extrautils2.decorativesolid":4,"stat.mineBlock.cfm.light_switch_off":1,"stat.pickup.securitycraft.keypad_chest":1,"stat.craftItem.cannibalism.playerfleshcooked":201,"stat.mineBlock.minecraft.log2":16,"stat.pickup.minecraft.dye":398,"stat.pickup.minecraft.planks":4,"stat.pickup.chisel.limestone2":12,"stat.craftItem.minecraft.diamond_shovel":1,"stat.pickup.minecraft.wheat_seeds":3,"stat.pickup.zawa.bush_meat_raw":68,"stat.craftItem.extrautils2.pipe":64,"stat.useItem.mowziesmobs.wrought_axe":220,"stat.useItem.harvestcraft.spinachitem":1,"stat.mineBlock.minecraft.dirt":601,"stat.drop.minecraft.rotten_flesh":4,"stat.craftItem.securitycraft.portable_radar":1,"stat.useItem.minecraft.cobblestone":108,"stat.useItem.minecraft.gravel":6,"stat.pickup.harvestcraft.peasitem":6,"stat.pickup.securitycraft.reinforced_stone":8,"stat.pickup.minecraft.iron_pickaxe":2,"stat.pickup.casinocraft.module_baccarat":12,"stat.craftItem.minecraft.gold_ingot":13,"stat.pickup.minecraft.hopper":3,"stat.pickup.minecraft.chicken":63,"stat.craftItem.chisel.chisel_iron":2,"stat.mineBlock.chisel.stonebrick2":8,"stat.craftItem.securitycraft.door_indestructible_iron_item":1,"stat.craftItem.minecraft.bucket":2,"stat.craftItem.minecraft.planks":592,"stat.useItem.minecraft.iron_sword":153,"stat.pickup.cannibalism.playerflesh":353,"stat.mineBlock.minecraft.prismarine":1,"stat.useItem.securitycraft.universal_block_remover":14,"stat.pickup.chiselsandbits.chisel_iron":1,"stat.useItem.minecraft.stonebrick":275,"stat.pickup.minecraft.book":63,"stat.mineBlock.minecraft.log":135,"stat.craftItem.minecraft.wooden_door":3,"stat.useItem.minecraft.wooden_door":1,"stat.drop.cannibalism.playerflesh":8,"stat.pickup.minecraft.wool":28,"stat.pickup.extrautils2.pipe":13,"stat.drop.minecraft.grass":1,"stat.pickup.minecraft.tripwire_hook":1,"stat.pickup.harvestcraft.venisonrawitem":127,"stat.useItem.minecraft.iron_axe":210,"stat.killEntity.bee":1,"stat.mineBlock.minecraft.cobblestone":40,"stat.pickup.minecraft.stone_pickaxe":2,"stat.pickup.minecraft.flint":28,"stat.useItem.chiselsandbits.block_bit":48,"stat.mineBlock.minecraft.concrete":505,"stat.craftItem.minecraft.wool":2,"stat.useItem.minecraft.concrete_powder":490,"stat.pickup.magneticraft.limestone":4,"stat.pickup.harvestcraft.creepercookieitem":64,"stat.pickup.cfm.lamp_off":1,"stat.pickup.zawa.giraffe_plush":1,"stat.useItem.minecraft.stone_slab2":3349,"stat.pickup.minecraft.iron_boots":1,"stat.useItem.harvestcraft.wintersquashitem":1,"stat.craftItem.minecraft.furnace":9,"stat.useItem.opframe.opframe":9,"stat.craftItem.minecraft.iron_boots":2,"stat.pickup.harvestcraft.broccoliitem":13,"stat.pickup.animalium.rat_meat":2,"stat.pickup.minecraft.record_chirp":3,"stat.useItem.zawa.bush_meat_raw":1,"stat.craftItem.minecraft.bow":1,"stat.pickup.ferdinandsflowers.block_cff_fungus":5,"stat.pickup.animalium.bear_meat":127,"stat.flyOneCm":5787848,"stat.pickup.harvestcraft.cranberryitem":1,"stat.pickup.of.mug":1,"stat.craftItem.extrautils2.passivegenerator":4,"stat.pickup.minecraft.fish":4,"stat.pickup.mowziesmobs.glowing_jelly":9,"stat.craftItem.extrautils2.grocket":1,"stat.craftItem.minecraft.stained_glass":8,"stat.pickup.cfm.cabinet_dark_oak":1,"stat.timeSinceDeath":28282,"stat.craftItem.rustic.planks":56,"stat.useItem.magneticraft.ores":1,"stat.pickup.chiselsandbits.block_bit":556,"stat.craftItem.minecraft.iron_block":3,"stat.drop.harvestcraft.waterchestnutitem":1,"stat.craftItem.minecraft.stonebrick":4,"stat.pickup.travelersbackpack.travelers_backpack":8,"stat.useItem.minecraft.potato":64,"stat.useItem.chiselsandbits.chiseled_glass":10,"stat.craftItem.minecraft.concrete_powder":496,"stat.mineBlock.minecraft.coal_ore":153,"stat.pickup.zawa.bush_meat_cooked":1,"stat.killEntity.Creeper":5,"stat.talkedToVillager":75,"stat.pickup.extrautils2.ingredients":2,"stat.pickup.minecraft.string":15,"stat.pickup.comforts.sleeping_bag":8,"stat.mineBlock.zawa.kelp":1,"stat.pickup.extrautils2.glasscutter":1,"stat.useItem.minecraft.milk_bucket":1,"stat.entityKilledBy.Skeleton":2,"stat.sprintOneCm":1481603,"stat.useItem.cfm.light_switch_off":3,"stat.useItem.minecraft.diamond_shovel":1676,"stat.mineBlock.minecraft.stone_slab":5,"stat.mineBlock.extrautils2.machine":4,"stat.pickup.extrautils2.passivegenerator":21,"stat.mineBlock.minecraft.diamond_ore":37,"stat.pickup.zawa.red_panda_plush":1,"stat.pickup.harvestcraft.quinoaitem":7,"stat.pickup.advanced-fishing.fish":2,"stat.pickup.harvestcraft.mustardseedsitem":1,"stat.pickup.harvestcraft.flaxitem":1,"stat.drop.tombstone.grave_key":2,"stat.killEntity.Zombie":32,"stat.craftItem.minecraft.dye":86,"stat.pickup.chiselsandbits.chisel_diamond":1,"stat.mineBlock.minecraft.gold_ore":29,"stat.pickup.chisel.stonebrick2":8,"stat.diveOneCm":160009,"stat.pickup.minecraft.wheat":6,"stat.pickup.extrautils2.machine":4,"stat.pickup.zawa.orca_plush":1,"stat.pickup.minecraft.sign":1,"stat.mineBlock.ferdinandsflowers.block_cff_flowersc":4,"stat.pickup.of.table":1,"stat.pickup.minecraft.stone_axe":1,"stat.pickup.harvestcraft.ryeitem":7,"stat.craftItem.minecraft.diamond_sword":1,"stat.jump":13228,"stat.useItem.minecraft.sand":8,"stat.pickup.minecraft.coal":369,"stat.pickup.minecraft.iron_ingot":133,"stat.useItem.minecraft.dark_oak_boat":1,"stat.pickup.minecraft.gunpowder":31,"stat.pickup.zawa.ball":5,"stat.drop.ferdinandsflowers.block_cff_fungus":1,"stat.pickup.zawa.grizzly_plush":1,"stat.craftItem.minecraft.torch":4,"stat.pickup.minecraft.dirt":606,"stat.pickup.rustic.log":14,"stat.pickup.minecraft.gold_ore":29,"stat.useItem.minecraft.sapling":1,"stat.mineBlock.minecraft.lapis_ore":27,"stat.pickup.rustic.wind_thistle":6,"stat.pickup.minecraft.cookie":3,"stat.pickup.minecraft.iron_axe":2,"stat.damageTaken":13292,"stat.useItem.chisel.carpet_purple":17,"stat.mineBlock.minecraft.torch":18,"stat.pickup.minecraft.magma_cream":7,"stat.pickup.minecraft.log2":16,"stat.entityKilledBy.piranha":3,"stat.craftItem.minecraft.glowstone":26,"stat.entityKilledBy.ZombieVillager":1,"stat.pickup.opframe.opframe":1,"stat.pickup.minecraft.concrete":365,"stat.pickup.minecraft.quartz_block":26,"stat.pickup.minecraft.potato":68,"stat.pickup.cannibalism.stoneknife":1,"stat.useItem.cannibalism.playerfleshcooked":103,"stat.pickup.variedcommodities.coin_gold":9,"stat.pickup.chococraft.gysahl_green":6,"stat.pickup.harvestcraft.oatsitem":7,"stat.useItem.harvestcraft.onionitem":1,"stat.mineBlock.magneticraft.ores":36,"stat.craftItem.minecraft.stone_slab":6,"stat.craftItem.securitycraft.universal_block_reinforcer_lvl1":1,"stat.pickup.harvestcraft.baconandeggsitem":64,"stat.useItem.minecraft.chest":2,"stat.killEntity.magma_monster":9,"stat.craftItem.chiselsandbits.chisel_iron":1,"stat.pickup.harvestcraft.bakedhamitem":1,"stat.pickup.harvestcraft.celeryitem":4,"stat.pickup.harvestcraft.spiceleafitem":1,"stat.craftItem.minecraft.iron_chestplate":1,"stat.pickup.minecraft.ender_pearl":1,"stat.drop.mca.baby_girl":5,"stat.pickup.minecraft.ladder":6,"stat.pickup.minecraft.cooked_beef":2,"stat.useItem.minecraft.concrete":403,"stat.craftItem.travelersbackpack.sleeping_bag_bottom":1,"stat.craftItem.minecraft.stained_glass_pane":16,"stat.mineBlock.minecraft.stonebrick":8,"stat.useItem.harvestcraft.parsnipitem":1,"stat.drop.hempfarmer.leaf_wand":1,"stat.pickup.ferdinandsflowers.block_cff_doubles":1,"stat.pickup.minecraft.dark_oak_stairs":1,"stat.mineBlock.minecraft.glowstone":55,"stat.mobKills":135,"stat.pickup.harvestcraft.roastchickenitem":64,"stat.mineBlock.minecraft.bookshelf":21,"stat.craftItem.minecraft.shears":3,"stat.mineBlock.chisel.concrete_white":5,"stat.useItem.minecraft.boat":2,"stat.pickup.zawa.turtle_plush":1,"stat.pickup.minecraft.diamond":70,"stat.craftItem.mca.whistle":1,"stat.pickup.harvestcraft.raspberryitem":5,"stat.pickup.minecraft.torch":26,"stat.useItem.harvestcraft.kohlrabiitem":2,"stat.craftItem.extrautils2.wrench":1,"stat.drop.minecraft.arrow":2,"stat.pickup.cfm.tv_remote":1,"stat.pickup.harvestcraft.beetitem":11,"stat.mineBlock.rustic.wind_thistle":2,"stat.useItem.chisel.glasspane":93,"stat.craftItem.minecraft.iron_axe":2,"stat.pickup.minecraft.fishing_rod":3,"stat.useItem.minecraft.planks":86,"stat.pickup.minecraft.glowstone_dust":145,"stat.pickup.casinocraft.arcade_base_lightblue":1,"stat.pickup.minecraft.porkchop":63,"stat.pickup.minecraft.glass":20,"stat.pickup.minecraft.blaze_powder":5,"stat.mineBlock.of.sink":2,"stat.useItem.minecraft.water_bucket":7,"stat.mineBlock.minecraft.stone_brick_stairs":1,"stat.useItem.thebetweenlands.log_weedwood":4,"stat.pickup.minecraft.sand":614,"stat.pickup.extrautils2.snowglobe":1,"stat.entityKilledBy.Spider":2,"stat.drop.mowziesmobs.wrought_axe":1,"stat.useItem.customnpcs.npcsoulstonefilled":19,"stat.pickup.harvestcraft.wintersquashitem":1,"stat.drop.casinocraft.module_baccarat":5,"stat.pickup.magneticraft.ores":96,"stat.mineBlock.minecraft.sand":635,"stat.pickup.hempfarmer.seeds_hemp":76,"stat.pickup.zawa.gorilla_plush":65,"stat.useItem.securitycraft.bucket_f_water":1,"stat.useItem.rustic.fluid_bottle":2,"stat.pickup.cfm.fire_alarm_off":1,"stat.hopperInspected":2,"stat.pickup.harvestcraft.rootbeerfloatitem":2,"stat.useItem.minecraft.spawn_egg":3,"stat.pickup.thebetweenlands.wisp":1,"stat.pickup.harvestcraft.spinachitem":10,"stat.mineBlock.treasure2.gravestone2_obsidian":1,"stat.useItem.extrautils2.pipe":13,"stat.pickup.zawa.thick_fur":4,"stat.pickup.minecraft.furnace":6,"stat.mineBlock.harvestcraft.windygarden":1,"stat.drop.mca.baby_boy":4,"stat.craftItem.travelersbackpack.travelers_backpack":1,"stat.pickup.mowziesmobs.wrought_axe":8,"stat.pickup.minecraft.iron_chestplate":2,"stat.pickup.minecraft.skull":1,"stat.mineBlock.extrautils2.passivegenerator":18,"stat.pickup.zawa.tiger_plush":1,"stat.useItem.minecraft.hopper":5,"stat.craftItem.minecraft.heavy_weighted_pressure_plate":1,"stat.playOneMinute":1539579,"stat.craftItem.securitycraft.keypad_item":1,"stat.pickup.harvestcraft.cottonitem":7,"stat.pickup.hempfarmer.raw_hemp":10,"stat.pickup.zawa.ivory_tusk":2,"stat.recordPlayed":3,"stat.pickup.hempfarmer.bud":10,"stat.drop.minecraft.hopper":1,"stat.pickup.securitycraft.door_indestructible_iron_item":2,"stat.pickup.modernlamps.suspended_neon":1,"stat.useItem.chisel.stonebrick2":65,"stat.mineBlock.rustic.slate":7,"stat.drop.ferdinandsflowers.block_cff_flowersc":1,"stat.fallOneCm":300870,"stat.drop.minecraft.stone":1,"stat.useItem.zawa.african_elephant":2,"stat.pickup.harvestcraft.caulifloweritem":5,"stat.craftItem.minecraft.chest":11,"stat.dropperInspected":1,"stat.craftItem.securitycraft.remote_access_sentry":1,"stat.useItem.minecraft.furnace":3,"stat.craftItem.extrautils2.ingredients":3,"stat.pickup.minecraft.iron_leggings":2,"stat.pickup.harvestcraft.duckrawitem":127,"stat.killEntity.strawgolem":1,"stat.mineBlock.minecraft.gravel":305,"stat.useItem.minecraft.stone_pickaxe":105,"stat.craftItem.minecraft.iron_leggings":1,"stat.useItem.mowziesmobs.spawn_egg":1,"stat.pickup.minecraft.chainmail_boots":1,"stat.craftItem.minecraft.leather":21,"stat.pickup.minecraft.flint_and_steel":3,"stat.craftItem.harvestcraft.cottonseeditem":1,"stat.useItem.minecraft.torch":23,"stat.craftItem.minecraft.redstone_block":3,"stat.pickup.minecraft.crafting_table":6,"stat.useItem.minecraft.log":3,"stat.craftItem.minecraft.crafting_table":8,"stat.craftItem.minecraft.boat":1,"stat.pickup.extrautils2.grocket":5,"stat.pickup.minecraft.log":135,"stat.useItem.zawa.bush_meat_cooked":1,"stat.craftItem.minecraft.stone_button":17,"stat.drop.customnpcs.npcsoulstoneempty":1,"stat.craftItem.of.sink":1,"stat.pickup.minecraft.chainmail_leggings":2,"stat.pickup.minecraft.sapling":14,"stat.useItem.cannibalism.playerflesh":19,"stat.pickup.harvestcraft.freshwateritem":264,"stat.drop.harvestcraft.broccoliitem":3,"stat.pickup.minecraft.beetroot":13,"stat.pickup.harvestcraft.parsnipitem":1,"stat.drop.minecraft.grass_path":1,"stat.useItem.ferdinandsflowers.block_cff_flowersd":4,"stat.pickup.camera.image_frame":1,"stat.useItem.zawa.large_meat_raw":1,"stat.pickup.harvestcraft.rutabagaitem":4,"stat.useItem.securitycraft.remote_access_sentry":3,"stat.useItem.hempfarmer.regs_joint":2,"stat.sneakTime":71137,"stat.pickup.rustic.chili_pepper_seeds":3,"stat.pickup.minecraft.rabbit":63,"stat.pickup.treasure2.gravestone2_obsidian":1,"stat.pickup.of.empty_bookshelf":21,"stat.pickup.minecraft.stone_slab":5,"stat.pickup.ferdinandsflowers.block_cff_flowersd":1,"stat.pickup.ferdinandsflowers.block_cff_flowersc":5,"stat.useItem.minecraft.beetroot":13,"stat.useItem.minecraft.fishing_rod":9,"stat.drop.minecraft.stone_pickaxe":1,"stat.pickup.minecraft.bone":32,"stat.craftItem.minecraft.sticky_piston":2,"stat.pickup.minecraft.redstone_torch":2,"stat.pickup.chisel.concrete_white":5,"stat.pickup.chisel.planks-oak":14,"stat.pickup.zawa.moose_plush":1,"stat.drop.harvestcraft.ryeitem":3,"stat.pickup.securitycraft.sentry":2,"stat.useItem.minecraft.diamond_sword":59,"stat.craftItem.securitycraft.sentry":1,"stat.craftItem.extrautils2.glasscutter":1,"stat.swimOneCm":112881,"stat.climbOneCm":10106,"stat.pickup.harvestcraft.artichokeitem":1,"stat.drop.minecraft.sticky_piston":2,"stat.pickup.hempfarmer.regs_joint":1,"stat.useItem.minecraft.dirt":354,"stat.pickup.zawa.bird_meat":127,"stat.useItem.cfm.lamp_off":4,"stat.pickup.zawa.carnivore_meat_raw":132,"stat.pickup.securitycraft.reinforced_metals":3,"stat.useItem.minecraft.leaves2":1,"stat.craftItem.minecraft.trapdoor":4,"stat.craftItem.minecraft.stone_pickaxe":1,"stat.pickup.minecraft.cobblestone":799,"stat.mineBlock.chisel.limestone2":24,"stat.pickup.minecraft.soul_sand":1,"stat.drop.minecraft.wheat_seeds":1,"stat.useItem.minecraft.cooked_beef":2,"stat.pickup.minecraft.redstone":127,"stat.craftItem.minecraft.dispenser":1,"stat.mineBlock.minecraft.iron_ore":326,"stat.drop.cannibalism.playerfleshcooked":1,"stat.useItem.minecraft.sign":1,"stat.drop.rustic.chili_pepper_seeds":1,"stat.pickup.minecraft.mutton":63,"stat.pickup.zawa.lion_plush":2,"stat.useItem.harvestcraft.cornitem":1,"stat.pickup.minecraft.dark_oak_door":24,"stat.pickup.minecraft.stonebrick":9,"stat.drop.minecraft.dirt":11,"stat.pickup.rustic.sapling":4,"stat.pickup.minecraft.trapdoor":1,"stat.pickup.minecraft.diamond_shovel":2,"stat.pickup.chococraft.chocobo_feather":3,"stat.pickup.zawa.octopus_plush":65,"stat.drop.customnpcs.npcwand":1,"stat.pickup.cannibalism.ironknife":1,"stat.craftItem.minecraft.stone_slab2":0,"stat.killEntity.rat":7,"stat.craftItem.minecraft.stick":56,"stat.useItem.extrautils2.passivegenerator":3,"stat.useItem.minecraft.stone_slab":8,"stat.craftItem.minecraft.stone":177,"stat.mineBlock.minecraft.crafting_table":7,"stat.mineBlock.minecraft.quartz_block":26,"stat.pickup.hempfarmer.leaf_wand":2,"stat.entityKilledBy.Creeper":1,"stat.drop.harvestcraft.spiceleafitem":1,"stat.drop":55,"stat.pickup.securitycraft.mine":1,"stat.pickup.minecraft.stone_button":10,"stat.pickup.zawa.platypus_plush":1,"stat.craftItem.securitycraft.universal_block_remover":1,"stat.pickup.zawa.giraffe_hide":3,"stat.craftItem.minecraft.piston":4,"stat.pickup.minecraft.gravel":305,"stat.pickup.of.lightswitch":1,"stat.useItem.minecraft.stained_glass_pane":15,"stat.pickup.harvestcraft.kohlrabiitem":5,"stat.pickup.minecraft.stone_brick_stairs":1,"stat.pickup.minecraft.diamond_sword":1,"stat.craftItem.travelersbackpack.backpack_tank":2,"stat.pickup.minecraft.iron_helmet":1,"stat.useItem.minecraft.stone_axe":30,"stat.pickup.dragonmounts.dragon_egg":2,"stat.pickup.minecraft.spider_eye":4,"stat.drop.harvestcraft.cranberryitem":1,"stat.craftItem.minecraft.iron_helmet":1,"stat.mineBlock.harvestcraft.frostgarden":18,"stat.pickup.zawa.carnivore_meat_cooked":2,"stat.pickup.minecraft.iron_ore":352,"stat.pickup.chisel.planks-birch":19,"stat.mineBlock.mca.rose_gold_ore":14,"stat.mineBlock.treasure2.skull_and_crossbones":3,"stat.boatOneCm":58980,"stat.craftItem.minecraft.flint_and_steel":2,"stat.pickup.rustic.tomato_seeds":5,"stat.craftItem.cannibalism.ironknife":1,"stat.pickup.minecraft.leaves":98,"stat.pickup.treasure2.iron_key":1,"stat.mineBlock.minecraft.leaves2":22,"stat.mineBlock.minecraft.furnace":6,"stat.useItem.minecraft.wooden_pickaxe":3,"stat.pickup.minecraft.prismarine_crystals":68,"stat.useItem.customnpcs.npcwand":20,"stat.useItem.tombstone.grave_key":9,"stat.damageDealt":27042,"stat.craftItem.minecraft.glass":90,"stat.sleepInBed":37,"stat.pickup.hempfarmer.indica_joint":2,"stat.killEntity.Cow":1,"stat.craftItem.minecraft.iron_sword":1,"stat.pickup.harvestcraft.elderberryitem":1,"stat.pickup.minecraft.piston":3,"stat.pickup.minecraft.boat":1,"stat.walkOneCm":2507398,"stat.pickup.cannibalism.playerfleshcooked":27,"stat.playerKills":2,"stat.pickup.minecraft.stick":70,"stat.pickup.harvestcraft.cabbageitem":3,"stat.craftItem.minecraftfuture.dye":5,"stat.pickup.zawa.elephant_leather":3,"stat.killEntity.piranha":5,"stat.drop.treasure2.silver_coin":1,"stat.pickup.chisel.carpet_purple":7,"stat.pickup.of.sink":4,"stat.pickup.minecraft.stone":90,"stat.craftItem.minecraft.redstone":9,"stat.killEntity.Skeleton":25,"stat.killEntity.wild_dog":6,"stat.pickup.zawa.atv":1,"stat.killEntity.magma_monster_grunt":8,"stat.mineBlock.minecraft.redstone_torch":2,"stat.useItem.minecraft.iron_block":2,"stat.killEntity.Spider":11,"stat.drop.chiselsandbits.chiseled_glass":1,"stat.pickup.minecraft.concrete_powder":2,"stat.mineBlock.chisel.concrete_white1":1,"stat.pickup.variedcommodities.coin_iron":11,"stat.pickup.customnpcs.npcsoulstoneempty":1,"stat.pickup.zawa.bald_eagle_plush":1,"stat.pickup.extrautils2.itemcreativedestructionwand":1,"stat.mineBlock.minecraft.leaves":103,"stat.mineBlock.minecraft.piston":2,"stat.pickup.of.gramophone":1,"stat.mineBlock.minecraft.redstone_ore":24,"stat.pickup.cfm.light_switch_off":1,"stat.pickup.minecraft.lava_bucket":1,"stat.mineBlock.chisel.planks-oak":13,"stat.drop.camera.image_frame":1,"stat.mineBlock.minecraft.stone":1162}