{"stat.useItem.minecraft.bow":1,"stat.useItem.chiselsandbits.chiseled_wood":31,"stat.drop.ferdinandsflowers.block_cff_doubles":1,"stat.drop.opframe.opframe":2,"stat.leaveGame":27,"stat.mineBlock.rustic.leaves":3,"stat.useItem.minecraft.planks":84,"stat.pickup.minecraft.glowstone_dust":2,"stat.pickup.casinocraft.arcade_base_lightblue":1,"stat.pickup.zawa.elephant_plush":1,"stat.pickup.minecraft.porkchop":63,"stat.pickup.modernlamps.ceiling_lamp_01":3,"stat.pickup.minecraft.glass":1,"stat.pickup.customnpcs.npcwand":1,"stat.useItem.modernlamps.ceiling_lamp_01":3,"stat.useItem.minecraft.water_bucket":4,"stat.pickup.minecraft.rotten_flesh":9,"stat.useItem.thebetweenlands.log_weedwood":4,"stat.pickup.extrautils2.snowglobe":1,"stat.entityKilledBy.Spider":1,"stat.craftItem.minecraft.stone_axe":1,"stat.useItem.customnpcs.npcsoulstonefilled":19,"stat.pickup.harvestcraft.wintersquashitem":1,"stat.pickup.variedcommodities.coin_diamond":11,"stat.drop.casinocraft.module_baccarat":5,"stat.pickup.magneticraft.ores":26,"stat.pickup.zawa.monkey_plush":1,"stat.pickup.hempfarmer.seeds_hemp":9,"stat.pickup.zawa.gorilla_plush":65,"stat.killEntity.Witch":1,"stat.mineBlock.rustic.log":1,"stat.useItem.securitycraft.bucket_f_water":1,"stat.useItem.rustic.fluid_bottle":2,"stat.pickup.cfm.fire_alarm_off":1,"stat.pickup.harvestcraft.rootbeerfloatitem":2,"stat.useItem.minecraft.iron_pickaxe":459,"stat.useItem.minecraft.spawn_egg":3,"stat.craftItem.minecraft.wooden_pickaxe":1,"stat.pickup.thebetweenlands.wisp":1,"stat.pickup.harvestcraft.onionitem":1,"stat.mineBlock.chisel.marble2":11,"stat.furnaceInteraction":14,"stat.killEntity.ZombieVillager":1,"stat.pickup.harvestcraft.cornitem":1,"stat.pickup.harvestcraft.spinachitem":1,"stat.pickup.variedcommodities.coin_emerald":17,"stat.useItem.zawa.ball":2,"stat.pickup.minecraft.beef":63,"stat.pickup.zawa.large_meat_raw":64,"stat.pickup.minecraft.furnace":2,"stat.useItem.customnpcs.npcmovingpath":24,"stat.pickup.harvestcraft.turkeyrawitem":127,"stat.pickup.mca.rose_gold_ore":12,"stat.useItem.minecraft.dark_oak_door":2,"stat.pickup.zawa.tiger_plush":1,"stat.useItem.minecraft.flint_and_steel":8,"stat.pickup.rustic.olives":2,"stat.deaths":5,"stat.playOneMinute":1018217,"stat.pickup.cfm.plate":2,"stat.craftItem.minecraft.iron_pickaxe":2,"stat.useItem.chisel.planks-oak":302,"stat.pickup.zawa.care_guide":1,"stat.pickup.chisel.marble2":10,"stat.chestOpened":5,"stat.useItem.minecraft.splash_potion":47,"stat.recordPlayed":3,"stat.useItem.malisisdoors.rustyhatch":33,"stat.useItem.minecraft.stone":1,"stat.drop.chiselsandbits.chisel_diamond":1,"stat.pickup.modernlamps.suspended_neon":1,"stat.useItem.chisel.stonebrick":15,"stat.mineBlock.magneticraft.limestone":1,"stat.fallOneCm":62419,"stat.pickup.minecraft.carrot":1,"stat.pickup.modernlamps.ceiling_neon_lamp":1,"stat.crouchOneCm":128753,"stat.useItem.zawa.african_elephant":2,"stat.useItem.microblockcbe.microblock":2,"stat.craftItem.minecraft.iron_ingot":26,"stat.craftingTableInteraction":57,"stat.dropperInspected":1,"stat.mineBlock.cfm.light_switch_off":1,"stat.useItem.minecraft.furnace":1,"stat.pickup.minecraft.dye":163,"stat.pickup.minecraft.iron_leggings":1,"stat.pickup.harvestcraft.duckrawitem":127,"stat.pickup.minecraft.wheat_seeds":1,"stat.killEntity.strawgolem":1,"stat.useItem.minecraft.stone_pickaxe":105,"stat.useItem.mowziesmobs.spawn_egg":1,"stat.pickup.zawa.bush_meat_raw":64,"stat.mineBlock.minecraft.dirt":4,"stat.useItem.minecraft.torch":17,"stat.drop.minecraft.rotten_flesh":4,"stat.pickup.minecraft.crafting_table":3,"stat.useItem.minecraft.cobblestone":53,"stat.craftItem.minecraft.crafting_table":1,"stat.pickup.minecraft.log":4,"stat.drop.customnpcs.npcsoulstoneempty":1,"stat.pickup.casinocraft.module_baccarat":12,"stat.pickup.minecraft.chicken":63,"stat.pickup.minecraft.sapling":3,"stat.useItem.cannibalism.playerflesh":15,"stat.pickup.harvestcraft.freshwateritem":264,"stat.pickup.minecraft.beetroot":13,"stat.pickup.harvestcraft.parsnipitem":1,"stat.drop.minecraft.grass_path":1,"stat.useItem.ferdinandsflowers.block_cff_flowersd":4,"stat.craftItem.minecraft.planks":16,"stat.pickup.camera.image_frame":1,"stat.pickup.cannibalism.playerflesh":67,"stat.useItem.minecraft.stonebrick":273,"stat.mineBlock.minecraft.log":4,"stat.useItem.hempfarmer.regs_joint":2,"stat.sneakTime":45677,"stat.pickup.rustic.chili_pepper_seeds":1,"stat.pickup.minecraft.rabbit":63,"stat.pickup.ferdinandsflowers.block_cff_flowersd":1,"stat.drop.minecraft.grass":1,"stat.useItem.minecraft.beetroot":13,"stat.drop.minecraft.stone_pickaxe":1,"stat.pickup.harvestcraft.venisonrawitem":127,"stat.killEntity.bee":1,"stat.mineBlock.minecraft.cobblestone":14,"stat.pickup.minecraft.stone_pickaxe":2,"stat.useItem.chiselsandbits.block_bit":47,"stat.pickup.zawa.moose_plush":1,"stat.useItem.minecraft.diamond_sword":49,"stat.swimOneCm":30278,"stat.climbOneCm":6506,"stat.pickup.harvestcraft.creepercookieitem":64,"stat.pickup.cfm.lamp_off":1,"stat.pickup.hempfarmer.regs_joint":1,"stat.useItem.minecraft.dirt":6,"stat.pickup.zawa.giraffe_plush":1,"stat.useItem.minecraft.stone_slab2":3207,"stat.pickup.zawa.bird_meat":127,"stat.pickup.minecraft.iron_boots":1,"stat.useItem.harvestcraft.wintersquashitem":1,"stat.craftItem.minecraft.furnace":2,"stat.useItem.cfm.lamp_off":4,"stat.pickup.zawa.carnivore_meat_raw":127,"stat.useItem.opframe.opframe":9,"stat.craftItem.minecraft.stone_pickaxe":1,"stat.pickup.minecraft.record_chirp":3,"stat.pickup.minecraft.cobblestone":146,"stat.pickup.ferdinandsflowers.block_cff_fungus":5,"stat.pickup.animalium.bear_meat":127,"stat.mineBlock.chisel.limestone2":12,"stat.flyOneCm":3980541,"stat.pickup.minecraft.soul_sand":1,"stat.pickup.of.mug":1,"stat.pickup.mowziesmobs.glowing_jelly":1,"stat.pickup.cfm.cabinet_dark_oak":1,"stat.mineBlock.minecraft.iron_ore":216,"stat.timeSinceDeath":67634,"stat.drop.rustic.chili_pepper_seeds":1,"stat.pickup.minecraft.mutton":63,"stat.pickup.zawa.lion_plush":2,"stat.pickup.chiselsandbits.block_bit":108,"stat.useItem.minecraft.potato":21,"stat.useItem.harvestcraft.cornitem":1,"stat.useItem.chiselsandbits.chiseled_glass":10,"stat.pickup.minecraft.dark_oak_door":24,"stat.pickup.minecraft.stonebrick":3,"stat.drop.minecraft.dirt":3,"stat.pickup.rustic.sapling":1,"stat.mineBlock.minecraft.coal_ore":94,"stat.pickup.chococraft.chocobo_feather":1,"stat.killEntity.Creeper":1,"stat.talkedToVillager":9,"stat.pickup.extrautils2.ingredients":1,"stat.pickup.zawa.octopus_plush":65,"stat.drop.customnpcs.npcwand":1,"stat.pickup.comforts.sleeping_bag":1,"stat.useItem.minecraft.milk_bucket":1,"stat.craftItem.minecraft.stone_slab2":0,"stat.sprintOneCm":531609,"stat.useItem.cfm.light_switch_off":3,"stat.useItem.minecraft.diamond_shovel":345,"stat.craftItem.minecraft.stick":12,"stat.useItem.minecraft.stone_slab":5,"stat.mineBlock.minecraft.crafting_table":3,"stat.pickup.zawa.red_panda_plush":1,"stat.pickup.hempfarmer.leaf_wand":2,"stat.drop":23,"stat.pickup.harvestcraft.flaxitem":1,"stat.pickup.minecraft.stone_button":1,"stat.drop.tombstone.grave_key":1,"stat.killEntity.Zombie":6,"stat.pickup.zawa.platypus_plush":1,"stat.pickup.chiselsandbits.chisel_diamond":1,"stat.diveOneCm":52310,"stat.pickup.minecraft.wheat":6,"stat.pickup.zawa.orca_plush":1,"stat.pickup.minecraft.sign":1,"stat.pickup.of.table":1,"stat.pickup.of.lightswitch":1,"stat.jump":4289,"stat.pickup.minecraft.coal":197,"stat.pickup.minecraft.iron_helmet":1,"stat.pickup.minecraft.iron_ingot":8,"stat.useItem.minecraft.stone_axe":21,"stat.pickup.minecraft.gunpowder":2,"stat.pickup.zawa.ball":5,"stat.drop.ferdinandsflowers.block_cff_fungus":1,"stat.pickup.zawa.grizzly_plush":1,"stat.craftItem.minecraft.torch":4,"stat.pickup.minecraft.dirt":15,"stat.pickup.zawa.carnivore_meat_cooked":1,"stat.pickup.minecraft.iron_ore":240,"stat.pickup.chisel.planks-birch":19,"stat.mineBlock.mca.rose_gold_ore":12,"stat.pickup.rustic.tomato_seeds":2,"stat.pickup.minecraft.cookie":1,"stat.damageTaken":1691,"stat.useItem.chisel.carpet_purple":17,"stat.mineBlock.minecraft.furnace":2,"stat.mineBlock.minecraft.torch":13,"stat.useItem.minecraft.wooden_pickaxe":3,"stat.useItem.customnpcs.npcwand":20,"stat.pickup.opframe.opframe":1,"stat.pickup.minecraft.potato":64,"stat.pickup.cannibalism.stoneknife":1,"stat.useItem.cannibalism.playerfleshcooked":3,"stat.damageDealt":4662,"stat.pickup.variedcommodities.coin_gold":1,"stat.sleepInBed":8,"stat.pickup.hempfarmer.indica_joint":1,"stat.useItem.harvestcraft.onionitem":1,"stat.mineBlock.magneticraft.ores":28,"stat.walkOneCm":1411320,"stat.pickup.harvestcraft.baconandeggsitem":64,"stat.pickup.cannibalism.playerfleshcooked":3,"stat.pickup.minecraft.stick":68,"stat.pickup.harvestcraft.bakedhamitem":1,"stat.pickup.chisel.carpet_purple":7,"stat.pickup.minecraft.stone":1,"stat.pickup.minecraft.ladder":6,"stat.pickup.zawa.atv":1,"stat.mineBlock.minecraft.stonebrick":2,"stat.useItem.harvestcraft.parsnipitem":1,"stat.drop.hempfarmer.leaf_wand":1,"stat.pickup.ferdinandsflowers.block_cff_doubles":1,"stat.killEntity.Spider":1,"stat.drop.chiselsandbits.chiseled_glass":1,"stat.pickup.minecraft.dark_oak_stairs":1,"stat.pickup.variedcommodities.coin_iron":1,"stat.mobKills":15,"stat.pickup.customnpcs.npcsoulstoneempty":1,"stat.pickup.harvestcraft.roastchickenitem":64,"stat.pickup.zawa.turtle_plush":1,"stat.pickup.zawa.bald_eagle_plush":1,"stat.pickup.minecraft.diamond":33,"stat.pickup.extrautils2.itemcreativedestructionwand":1,"stat.mineBlock.minecraft.leaves":3,"stat.pickup.minecraft.torch":16,"stat.pickup.of.gramophone":1,"stat.pickup.cfm.light_switch_off":1,"stat.drop.camera.image_frame":1,"stat.pickup.cfm.tv_remote":1,"stat.mineBlock.minecraft.stone":174}