{"stat.useItem.minecraft.bow":1,"stat.useItem.chiselsandbits.chiseled_wood":31,"stat.drop.opframe.opframe":2,"stat.leaveGame":26,"stat.mineBlock.rustic.leaves":3,"stat.useItem.minecraft.planks":84,"stat.pickup.minecraft.glowstone_dust":2,"stat.pickup.casinocraft.arcade_base_lightblue":1,"stat.pickup.zawa.elephant_plush":1,"stat.pickup.minecraft.porkchop":63,"stat.pickup.modernlamps.ceiling_lamp_01":3,"stat.pickup.minecraft.glass":1,"stat.pickup.customnpcs.npcwand":1,"stat.useItem.modernlamps.ceiling_lamp_01":3,"stat.useItem.minecraft.water_bucket":4,"stat.pickup.minecraft.rotten_flesh":3,"stat.useItem.thebetweenlands.log_weedwood":4,"stat.pickup.extrautils2.snowglobe":1,"stat.entityKilledBy.Spider":1,"stat.craftItem.minecraft.stone_axe":1,"stat.useItem.customnpcs.npcsoulstonefilled":19,"stat.pickup.variedcommodities.coin_diamond":11,"stat.drop.casinocraft.module_baccarat":5,"stat.pickup.zawa.monkey_plush":1,"stat.pickup.zawa.gorilla_plush":65,"stat.killEntity.Witch":1,"stat.mineBlock.rustic.log":1,"stat.useItem.securitycraft.bucket_f_water":1,"stat.useItem.rustic.fluid_bottle":2,"stat.pickup.cfm.fire_alarm_off":1,"stat.pickup.harvestcraft.rootbeerfloatitem":2,"stat.useItem.minecraft.spawn_egg":3,"stat.craftItem.minecraft.wooden_pickaxe":1,"stat.pickup.thebetweenlands.wisp":1,"stat.pickup.variedcommodities.coin_emerald":17,"stat.pickup.minecraft.beef":63,"stat.pickup.zawa.large_meat_raw":64,"stat.useItem.customnpcs.npcmovingpath":24,"stat.pickup.harvestcraft.turkeyrawitem":127,"stat.useItem.minecraft.dark_oak_door":2,"stat.pickup.zawa.tiger_plush":1,"stat.useItem.minecraft.flint_and_steel":8,"stat.pickup.rustic.olives":2,"stat.deaths":4,"stat.playOneMinute":930238,"stat.pickup.cfm.plate":2,"stat.useItem.chisel.planks-oak":302,"stat.pickup.zawa.care_guide":1,"stat.chestOpened":1,"stat.useItem.minecraft.splash_potion":47,"stat.recordPlayed":3,"stat.useItem.malisisdoors.rustyhatch":33,"stat.useItem.minecraft.stone":1,"stat.drop.chiselsandbits.chisel_diamond":1,"stat.pickup.modernlamps.suspended_neon":1,"stat.useItem.chisel.stonebrick":15,"stat.fallOneCm":15560,"stat.pickup.modernlamps.ceiling_neon_lamp":1,"stat.crouchOneCm":116220,"stat.useItem.zawa.african_elephant":2,"stat.useItem.microblockcbe.microblock":2,"stat.craftingTableInteraction":51,"stat.dropperInspected":1,"stat.mineBlock.cfm.light_switch_off":1,"stat.pickup.minecraft.dye":163,"stat.pickup.harvestcraft.duckrawitem":127,"stat.pickup.minecraft.wheat_seeds":1,"stat.killEntity.strawgolem":1,"stat.useItem.minecraft.stone_pickaxe":11,"stat.useItem.mowziesmobs.spawn_egg":1,"stat.pickup.zawa.bush_meat_raw":64,"stat.drop.minecraft.rotten_flesh":2,"stat.pickup.minecraft.crafting_table":1,"stat.craftItem.minecraft.crafting_table":1,"stat.pickup.minecraft.log":4,"stat.drop.customnpcs.npcsoulstoneempty":1,"stat.pickup.casinocraft.module_baccarat":12,"stat.pickup.minecraft.chicken":63,"stat.drop.minecraft.grass_path":1,"stat.useItem.ferdinandsflowers.block_cff_flowersd":4,"stat.craftItem.minecraft.planks":16,"stat.pickup.camera.image_frame":1,"stat.pickup.cannibalism.playerflesh":65,"stat.useItem.minecraft.stonebrick":273,"stat.mineBlock.minecraft.log":4,"stat.sneakTime":42005,"stat.pickup.rustic.chili_pepper_seeds":1,"stat.pickup.minecraft.rabbit":63,"stat.pickup.ferdinandsflowers.block_cff_flowersd":1,"stat.drop.minecraft.grass":1,"stat.pickup.harvestcraft.venisonrawitem":127,"stat.killEntity.bee":1,"stat.mineBlock.minecraft.cobblestone":14,"stat.useItem.chiselsandbits.block_bit":47,"stat.pickup.zawa.moose_plush":1,"stat.useItem.minecraft.diamond_sword":49,"stat.swimOneCm":13311,"stat.climbOneCm":5075,"stat.pickup.harvestcraft.creepercookieitem":64,"stat.pickup.cfm.lamp_off":1,"stat.useItem.minecraft.dirt":6,"stat.pickup.zawa.giraffe_plush":1,"stat.useItem.minecraft.stone_slab2":3184,"stat.pickup.zawa.bird_meat":127,"stat.useItem.cfm.lamp_off":4,"stat.pickup.zawa.carnivore_meat_raw":127,"stat.useItem.opframe.opframe":9,"stat.craftItem.minecraft.stone_pickaxe":1,"stat.pickup.minecraft.record_chirp":3,"stat.pickup.minecraft.cobblestone":16,"stat.pickup.animalium.bear_meat":127,"stat.flyOneCm":3616788,"stat.pickup.minecraft.soul_sand":1,"stat.pickup.of.mug":1,"stat.pickup.cfm.cabinet_dark_oak":1,"stat.timeSinceDeath":451,"stat.drop.rustic.chili_pepper_seeds":1,"stat.pickup.minecraft.mutton":63,"stat.pickup.zawa.lion_plush":2,"stat.pickup.chiselsandbits.block_bit":108,"stat.useItem.chiselsandbits.chiseled_glass":10,"stat.pickup.minecraft.dark_oak_door":24,"stat.pickup.minecraft.stonebrick":2,"stat.drop.minecraft.dirt":1,"stat.pickup.rustic.sapling":1,"stat.killEntity.Creeper":1,"stat.talkedToVillager":7,"stat.pickup.zawa.octopus_plush":65,"stat.drop.customnpcs.npcwand":1,"stat.useItem.minecraft.milk_bucket":1,"stat.sprintOneCm":319833,"stat.useItem.cfm.light_switch_off":3,"stat.useItem.minecraft.diamond_shovel":345,"stat.craftItem.minecraft.stick":8,"stat.useItem.minecraft.stone_slab":5,"stat.mineBlock.minecraft.crafting_table":1,"stat.pickup.zawa.red_panda_plush":1,"stat.drop":15,"stat.pickup.minecraft.stone_button":1,"stat.drop.tombstone.grave_key":1,"stat.killEntity.Zombie":3,"stat.pickup.zawa.platypus_plush":1,"stat.pickup.chiselsandbits.chisel_diamond":1,"stat.diveOneCm":40408,"stat.pickup.minecraft.wheat":6,"stat.pickup.zawa.orca_plush":1,"stat.pickup.minecraft.sign":1,"stat.pickup.of.table":1,"stat.pickup.of.lightswitch":1,"stat.jump":2279,"stat.useItem.minecraft.stone_axe":1,"stat.pickup.minecraft.gunpowder":2,"stat.pickup.zawa.grizzly_plush":1,"stat.pickup.minecraft.dirt":11,"stat.pickup.chisel.planks-birch":1,"stat.pickup.rustic.tomato_seeds":1,"stat.pickup.minecraft.cookie":1,"stat.damageTaken":740,"stat.useItem.chisel.carpet_purple":17,"stat.useItem.minecraft.wooden_pickaxe":3,"stat.useItem.customnpcs.npcwand":20,"stat.pickup.opframe.opframe":1,"stat.pickup.cannibalism.stoneknife":1,"stat.damageDealt":3591,"stat.pickup.variedcommodities.coin_gold":1,"stat.walkOneCm":1163710,"stat.pickup.harvestcraft.baconandeggsitem":64,"stat.pickup.minecraft.stick":67,"stat.pickup.harvestcraft.bakedhamitem":1,"stat.pickup.chisel.carpet_purple":7,"stat.pickup.minecraft.stone":1,"stat.pickup.minecraft.ladder":6,"stat.pickup.zawa.atv":1,"stat.drop.chiselsandbits.chiseled_glass":1,"stat.pickup.minecraft.dark_oak_stairs":1,"stat.pickup.variedcommodities.coin_iron":1,"stat.mobKills":9,"stat.pickup.customnpcs.npcsoulstoneempty":1,"stat.pickup.harvestcraft.roastchickenitem":64,"stat.pickup.zawa.turtle_plush":1,"stat.pickup.zawa.bald_eagle_plush":1,"stat.pickup.minecraft.diamond":33,"stat.pickup.extrautils2.itemcreativedestructionwand":1,"stat.mineBlock.minecraft.leaves":3,"stat.pickup.of.gramophone":1,"stat.pickup.cfm.light_switch_off":1,"stat.drop.camera.image_frame":1,"stat.pickup.cfm.tv_remote":1}