{"stat.useItem.minecraft.bow":1,"stat.useItem.chiselsandbits.chiseled_wood":31,"stat.drop.ferdinandsflowers.block_cff_doubles":1,"stat.pickup.minecraft.wooden_slab":1,"stat.drop.opframe.opframe":2,"stat.leaveGame":34,"stat.pickup.harvestcraft.huckleberryitem":4,"stat.mineBlock.rustic.leaves":4,"stat.craftItem.minecraft.string":2,"stat.craftItem.minecraft.shield":1,"stat.mineBlock.minecraft.web":1,"stat.pickup.zawa.elephant_plush":1,"stat.pickup.modernlamps.ceiling_lamp_01":3,"stat.killEntity.nightmares.spider":2,"stat.pickup.customnpcs.npcwand":1,"stat.pickup.rustic.cloudsbluff":2,"stat.craftItem.extrautils2.endershard":8,"stat.useItem.modernlamps.ceiling_lamp_01":3,"stat.drop.minecraft.iron_sword":1,"stat.craftItem.mca.wedding_ring":1,"stat.pickup.minecraft.rotten_flesh":24,"stat.craftItem.minecraft.stone_axe":1,"stat.pickup.animalium.wild_dog_pelt":1,"stat.killEntity.Enderman":1,"stat.pickup.variedcommodities.coin_diamond":13,"stat.mineBlock.minecraft.wooden_slab":1,"stat.craftItem.minecraft.iron_shovel":1,"stat.pickup.zawa.monkey_plush":1,"stat.killEntity.Witch":1,"stat.mineBlock.rustic.log":15,"stat.useItem.zawa.carnivore_meat_cooked":1,"stat.craftItem.extrautils2.machine":5,"stat.useItem.minecraft.iron_pickaxe":1843,"stat.pickup.securitycraft.universal_block_remover":1,"stat.craftItem.minecraft.wooden_pickaxe":1,"stat.craftItem.minecraft.iron_door":3,"stat.useItem.minecraft.iron_shovel":148,"stat.craftItem.minecraft.bed":1,"stat.craftItem.minecraft.glass_pane":16,"stat.pickup.harvestcraft.onionitem":1,"stat.mineBlock.chisel.marble2":20,"stat.furnaceInteraction":131,"stat.killEntity.ZombieVillager":1,"stat.pickup.harvestcraft.cornitem":1,"stat.pickup.variedcommodities.coin_emerald":18,"stat.useItem.zawa.ball":2,"stat.pickup.minecraft.beef":63,"stat.pickup.zawa.large_meat_raw":65,"stat.useItem.minecraft.trapdoor":3,"stat.useItem.customnpcs.npcmovingpath":24,"stat.pickup.mowziesmobs.wrought_helmet":1,"stat.pickup.harvestcraft.turkeyrawitem":127,"stat.pickup.mca.rose_gold_ore":24,"stat.useItem.minecraft.dark_oak_door":2,"stat.useItem.minecraft.flint_and_steel":24,"stat.drop.harvestcraft.freshwateritem":64,"stat.pickup.rustic.olives":2,"stat.craftItem.securitycraft.laser_block":1,"stat.drop.harvestcraft.beetitem":1,"stat.deaths":33,"stat.craftItem.ferdinandsflowers.flower_dye":3,"stat.pickup.cfm.plate":2,"stat.craftItem.minecraft.iron_pickaxe":8,"stat.useItem.chisel.planks-oak":302,"stat.pickup.zawa.care_guide":1,"stat.pickup.chisel.marble2":21,"stat.mineBlock.minecraft.tallgrass":16,"stat.fishCaught":3,"stat.chestOpened":22,"stat.useItem.minecraft.splash_potion":47,"stat.useItem.malisisdoors.rustyhatch":33,"stat.useItem.minecraft.stone":24,"stat.pickup.minecraft.iron_sword":2,"stat.pickup.minecraft.arrow":15,"stat.pickup.harvestcraft.waterchestnutitem":1,"stat.drop.chiselsandbits.chisel_diamond":1,"stat.useItem.chisel.stonebrick":15,"stat.drop.minecraft.iron_pickaxe":1,"stat.killEntity.nightmares.hag":1,"stat.mineBlock.magneticraft.limestone":7,"stat.pickup.zawa.tiger_fur":1,"stat.pickup.minecraft.carrot":1,"stat.pickup.modernlamps.ceiling_neon_lamp":1,"stat.pickup.treasure2.silver_coin":1,"stat.crouchOneCm":176797,"stat.useItem.microblockcbe.microblock":2,"stat.craftItem.minecraft.iron_ingot":327,"stat.craftingTableInteraction":137,"stat.craftItem.extrautils2.decorativesolid":4,"stat.mineBlock.cfm.light_switch_off":1,"stat.pickup.securitycraft.keypad_chest":1,"stat.craftItem.cannibalism.playerfleshcooked":143,"stat.mineBlock.minecraft.log2":9,"stat.pickup.minecraft.dye":367,"stat.pickup.minecraft.planks":2,"stat.pickup.chisel.limestone2":12,"stat.craftItem.minecraft.diamond_shovel":1,"stat.pickup.minecraft.wheat_seeds":1,"stat.pickup.zawa.bush_meat_raw":68,"stat.craftItem.extrautils2.pipe":64,"stat.useItem.mowziesmobs.wrought_axe":167,"stat.useItem.harvestcraft.spinachitem":1,"stat.mineBlock.minecraft.dirt":75,"stat.drop.minecraft.rotten_flesh":4,"stat.craftItem.securitycraft.portable_radar":1,"stat.useItem.minecraft.cobblestone":76,"stat.useItem.minecraft.gravel":6,"stat.pickup.harvestcraft.peasitem":2,"stat.pickup.securitycraft.reinforced_stone":8,"stat.pickup.minecraft.iron_pickaxe":1,"stat.pickup.casinocraft.module_baccarat":12,"stat.craftItem.minecraft.gold_ingot":13,"stat.pickup.minecraft.chicken":63,"stat.craftItem.securitycraft.door_indestructible_iron_item":1,"stat.craftItem.minecraft.bucket":1,"stat.craftItem.minecraft.planks":68,"stat.useItem.minecraft.iron_sword":153,"stat.pickup.cannibalism.playerflesh":213,"stat.useItem.securitycraft.universal_block_remover":14,"stat.useItem.minecraft.stonebrick":275,"stat.pickup.minecraft.book":63,"stat.mineBlock.minecraft.log":10,"stat.drop.cannibalism.playerflesh":8,"stat.pickup.minecraft.wool":28,"stat.pickup.extrautils2.pipe":13,"stat.drop.minecraft.grass":1,"stat.pickup.minecraft.tripwire_hook":1,"stat.pickup.harvestcraft.venisonrawitem":127,"stat.useItem.minecraft.iron_axe":41,"stat.killEntity.bee":1,"stat.mineBlock.minecraft.cobblestone":19,"stat.pickup.minecraft.stone_pickaxe":2,"stat.pickup.minecraft.flint":13,"stat.useItem.chiselsandbits.block_bit":47,"stat.craftItem.minecraft.wool":2,"stat.pickup.magneticraft.limestone":4,"stat.pickup.harvestcraft.creepercookieitem":64,"stat.pickup.cfm.lamp_off":1,"stat.pickup.zawa.giraffe_plush":1,"stat.useItem.minecraft.stone_slab2":3294,"stat.pickup.minecraft.iron_boots":1,"stat.useItem.harvestcraft.wintersquashitem":1,"stat.craftItem.minecraft.furnace":8,"stat.useItem.opframe.opframe":9,"stat.craftItem.minecraft.iron_boots":2,"stat.pickup.harvestcraft.broccoliitem":12,"stat.pickup.animalium.rat_meat":2,"stat.pickup.minecraft.record_chirp":3,"stat.useItem.zawa.bush_meat_raw":1,"stat.craftItem.minecraft.bow":1,"stat.pickup.ferdinandsflowers.block_cff_fungus":5,"stat.pickup.animalium.bear_meat":127,"stat.flyOneCm":5157646,"stat.pickup.harvestcraft.cranberryitem":1,"stat.pickup.of.mug":1,"stat.craftItem.extrautils2.passivegenerator":4,"stat.pickup.minecraft.fish":3,"stat.pickup.mowziesmobs.glowing_jelly":9,"stat.craftItem.extrautils2.grocket":1,"stat.pickup.cfm.cabinet_dark_oak":1,"stat.timeSinceDeath":23580,"stat.craftItem.rustic.planks":56,"stat.useItem.magneticraft.ores":1,"stat.pickup.chiselsandbits.block_bit":108,"stat.craftItem.minecraft.iron_block":3,"stat.drop.harvestcraft.waterchestnutitem":1,"stat.craftItem.minecraft.stonebrick":4,"stat.pickup.travelersbackpack.travelers_backpack":4,"stat.useItem.minecraft.potato":64,"stat.useItem.chiselsandbits.chiseled_glass":10,"stat.mineBlock.minecraft.coal_ore":153,"stat.pickup.zawa.bush_meat_cooked":1,"stat.killEntity.Creeper":3,"stat.talkedToVillager":61,"stat.pickup.extrautils2.ingredients":2,"stat.pickup.minecraft.string":15,"stat.pickup.comforts.sleeping_bag":8,"stat.useItem.minecraft.milk_bucket":1,"stat.entityKilledBy.Skeleton":2,"stat.sprintOneCm":1089854,"stat.useItem.cfm.light_switch_off":3,"stat.useItem.minecraft.diamond_shovel":471,"stat.mineBlock.minecraft.stone_slab":5,"stat.mineBlock.extrautils2.machine":2,"stat.pickup.extrautils2.passivegenerator":17,"stat.mineBlock.minecraft.diamond_ore":37,"stat.pickup.zawa.red_panda_plush":1,"stat.pickup.harvestcraft.quinoaitem":6,"stat.pickup.advanced-fishing.fish":1,"stat.pickup.harvestcraft.mustardseedsitem":1,"stat.pickup.harvestcraft.flaxitem":1,"stat.drop.tombstone.grave_key":1,"stat.killEntity.Zombie":29,"stat.pickup.chiselsandbits.chisel_diamond":1,"stat.mineBlock.minecraft.gold_ore":29,"stat.diveOneCm":76753,"stat.pickup.minecraft.wheat":6,"stat.pickup.extrautils2.machine":2,"stat.pickup.zawa.orca_plush":1,"stat.pickup.minecraft.sign":1,"stat.mineBlock.ferdinandsflowers.block_cff_flowersc":4,"stat.pickup.of.table":1,"stat.pickup.minecraft.stone_axe":1,"stat.pickup.harvestcraft.ryeitem":6,"stat.craftItem.minecraft.diamond_sword":1,"stat.jump":10007,"stat.useItem.minecraft.sand":2,"stat.pickup.minecraft.coal":326,"stat.pickup.minecraft.iron_ingot":133,"stat.pickup.minecraft.gunpowder":6,"stat.pickup.zawa.ball":5,"stat.drop.ferdinandsflowers.block_cff_fungus":1,"stat.pickup.zawa.grizzly_plush":1,"stat.craftItem.minecraft.torch":4,"stat.pickup.minecraft.dirt":71,"stat.pickup.rustic.log":14,"stat.pickup.minecraft.gold_ore":29,"stat.mineBlock.minecraft.lapis_ore":27,"stat.pickup.minecraft.cookie":3,"stat.damageTaken":10104,"stat.useItem.chisel.carpet_purple":17,"stat.mineBlock.minecraft.torch":18,"stat.pickup.minecraft.magma_cream":7,"stat.pickup.minecraft.log2":9,"stat.entityKilledBy.ZombieVillager":1,"stat.pickup.opframe.opframe":1,"stat.pickup.minecraft.potato":68,"stat.pickup.cannibalism.stoneknife":1,"stat.useItem.cannibalism.playerfleshcooked":66,"stat.pickup.variedcommodities.coin_gold":9,"stat.pickup.chococraft.gysahl_green":6,"stat.pickup.harvestcraft.oatsitem":6,"stat.useItem.harvestcraft.onionitem":1,"stat.mineBlock.magneticraft.ores":36,"stat.craftItem.minecraft.stone_slab":6,"stat.craftItem.securitycraft.universal_block_reinforcer_lvl1":1,"stat.pickup.harvestcraft.baconandeggsitem":64,"stat.useItem.minecraft.chest":1,"stat.killEntity.magma_monster":9,"stat.pickup.harvestcraft.bakedhamitem":1,"stat.pickup.harvestcraft.spiceleafitem":1,"stat.craftItem.minecraft.iron_chestplate":1,"stat.pickup.minecraft.ender_pearl":1,"stat.pickup.minecraft.ladder":6,"stat.pickup.minecraft.cooked_beef":2,"stat.craftItem.travelersbackpack.sleeping_bag_bottom":1,"stat.mineBlock.minecraft.stonebrick":8,"stat.useItem.harvestcraft.parsnipitem":1,"stat.drop.hempfarmer.leaf_wand":1,"stat.pickup.ferdinandsflowers.block_cff_doubles":1,"stat.pickup.minecraft.dark_oak_stairs":1,"stat.mobKills":115,"stat.pickup.harvestcraft.roastchickenitem":64,"stat.mineBlock.minecraft.bookshelf":21,"stat.craftItem.minecraft.shears":3,"stat.pickup.zawa.turtle_plush":1,"stat.pickup.minecraft.diamond":70,"stat.craftItem.mca.whistle":1,"stat.pickup.harvestcraft.raspberryitem":3,"stat.pickup.minecraft.torch":26,"stat.useItem.harvestcraft.kohlrabiitem":1,"stat.craftItem.extrautils2.wrench":1,"stat.pickup.cfm.tv_remote":1,"stat.pickup.harvestcraft.beetitem":3,"stat.craftItem.minecraft.iron_axe":1,"stat.pickup.minecraft.fishing_rod":2,"stat.useItem.minecraft.planks":84,"stat.pickup.minecraft.glowstone_dust":2,"stat.pickup.casinocraft.arcade_base_lightblue":1,"stat.pickup.minecraft.porkchop":63,"stat.pickup.minecraft.glass":1,"stat.pickup.minecraft.blaze_powder":5,"stat.mineBlock.of.sink":1,"stat.useItem.minecraft.water_bucket":4,"stat.mineBlock.minecraft.stone_brick_stairs":1,"stat.useItem.thebetweenlands.log_weedwood":4,"stat.pickup.minecraft.sand":123,"stat.pickup.extrautils2.snowglobe":1,"stat.entityKilledBy.Spider":2,"stat.useItem.customnpcs.npcsoulstonefilled":19,"stat.pickup.harvestcraft.wintersquashitem":1,"stat.drop.casinocraft.module_baccarat":5,"stat.pickup.magneticraft.ores":96,"stat.mineBlock.minecraft.sand":144,"stat.pickup.hempfarmer.seeds_hemp":76,"stat.pickup.zawa.gorilla_plush":65,"stat.useItem.securitycraft.bucket_f_water":1,"stat.useItem.rustic.fluid_bottle":2,"stat.pickup.cfm.fire_alarm_off":1,"stat.pickup.harvestcraft.rootbeerfloatitem":2,"stat.useItem.minecraft.spawn_egg":3,"stat.pickup.thebetweenlands.wisp":1,"stat.pickup.harvestcraft.spinachitem":8,"stat.mineBlock.treasure2.gravestone2_obsidian":1,"stat.useItem.extrautils2.pipe":13,"stat.pickup.zawa.thick_fur":4,"stat.pickup.minecraft.furnace":4,"stat.mineBlock.harvestcraft.windygarden":1,"stat.drop.mca.baby_boy":4,"stat.craftItem.travelersbackpack.travelers_backpack":1,"stat.pickup.mowziesmobs.wrought_axe":2,"stat.pickup.minecraft.iron_chestplate":1,"stat.pickup.minecraft.skull":1,"stat.mineBlock.extrautils2.passivegenerator":17,"stat.pickup.zawa.tiger_plush":1,"stat.craftItem.minecraft.heavy_weighted_pressure_plate":1,"stat.playOneMinute":1329700,"stat.craftItem.securitycraft.keypad_item":1,"stat.pickup.harvestcraft.cottonitem":3,"stat.pickup.hempfarmer.raw_hemp":10,"stat.pickup.zawa.ivory_tusk":2,"stat.recordPlayed":3,"stat.pickup.securitycraft.door_indestructible_iron_item":2,"stat.pickup.modernlamps.suspended_neon":1,"stat.mineBlock.rustic.slate":7,"stat.drop.ferdinandsflowers.block_cff_flowersc":1,"stat.fallOneCm":223263,"stat.drop.minecraft.stone":1,"stat.useItem.zawa.african_elephant":2,"stat.pickup.harvestcraft.caulifloweritem":3,"stat.craftItem.minecraft.chest":4,"stat.dropperInspected":1,"stat.craftItem.securitycraft.remote_access_sentry":1,"stat.useItem.minecraft.furnace":2,"stat.craftItem.extrautils2.ingredients":3,"stat.pickup.minecraft.iron_leggings":2,"stat.pickup.harvestcraft.duckrawitem":127,"stat.killEntity.strawgolem":1,"stat.mineBlock.minecraft.gravel":134,"stat.useItem.minecraft.stone_pickaxe":105,"stat.craftItem.minecraft.iron_leggings":1,"stat.useItem.mowziesmobs.spawn_egg":1,"stat.pickup.minecraft.chainmail_boots":1,"stat.craftItem.minecraft.leather":21,"stat.pickup.minecraft.flint_and_steel":1,"stat.useItem.minecraft.torch":23,"stat.craftItem.minecraft.redstone_block":3,"stat.pickup.minecraft.crafting_table":5,"stat.useItem.minecraft.log":2,"stat.craftItem.minecraft.crafting_table":6,"stat.pickup.extrautils2.grocket":5,"stat.pickup.minecraft.log":10,"stat.useItem.zawa.bush_meat_cooked":1,"stat.craftItem.minecraft.stone_button":17,"stat.drop.customnpcs.npcsoulstoneempty":1,"stat.craftItem.of.sink":1,"stat.pickup.minecraft.chainmail_leggings":1,"stat.pickup.minecraft.sapling":12,"stat.useItem.cannibalism.playerflesh":17,"stat.pickup.harvestcraft.freshwateritem":264,"stat.drop.harvestcraft.broccoliitem":3,"stat.pickup.minecraft.beetroot":13,"stat.pickup.harvestcraft.parsnipitem":1,"stat.drop.minecraft.grass_path":1,"stat.useItem.ferdinandsflowers.block_cff_flowersd":4,"stat.pickup.camera.image_frame":1,"stat.useItem.zawa.large_meat_raw":1,"stat.pickup.harvestcraft.rutabagaitem":2,"stat.useItem.securitycraft.remote_access_sentry":3,"stat.useItem.hempfarmer.regs_joint":2,"stat.sneakTime":59011,"stat.pickup.rustic.chili_pepper_seeds":3,"stat.pickup.minecraft.rabbit":63,"stat.pickup.treasure2.gravestone2_obsidian":1,"stat.pickup.of.empty_bookshelf":21,"stat.pickup.minecraft.stone_slab":5,"stat.pickup.ferdinandsflowers.block_cff_flowersd":1,"stat.pickup.ferdinandsflowers.block_cff_flowersc":5,"stat.useItem.minecraft.beetroot":13,"stat.useItem.minecraft.fishing_rod":6,"stat.drop.minecraft.stone_pickaxe":1,"stat.pickup.minecraft.bone":25,"stat.pickup.zawa.moose_plush":1,"stat.drop.harvestcraft.ryeitem":3,"stat.pickup.securitycraft.sentry":2,"stat.useItem.minecraft.diamond_sword":59,"stat.craftItem.securitycraft.sentry":1,"stat.craftItem.extrautils2.glasscutter":1,"stat.swimOneCm":67436,"stat.climbOneCm":8495,"stat.pickup.harvestcraft.artichokeitem":1,"stat.pickup.hempfarmer.regs_joint":1,"stat.useItem.minecraft.dirt":25,"stat.pickup.zawa.bird_meat":127,"stat.useItem.cfm.lamp_off":4,"stat.pickup.zawa.carnivore_meat_raw":132,"stat.pickup.securitycraft.reinforced_metals":3,"stat.craftItem.minecraft.trapdoor":4,"stat.craftItem.minecraft.stone_pickaxe":1,"stat.pickup.minecraft.cobblestone":777,"stat.mineBlock.chisel.limestone2":24,"stat.pickup.minecraft.soul_sand":1,"stat.useItem.minecraft.cooked_beef":2,"stat.pickup.minecraft.redstone":127,"stat.craftItem.minecraft.dispenser":1,"stat.mineBlock.minecraft.iron_ore":326,"stat.drop.cannibalism.playerfleshcooked":1,"stat.drop.rustic.chili_pepper_seeds":1,"stat.pickup.minecraft.mutton":63,"stat.pickup.zawa.lion_plush":2,"stat.useItem.harvestcraft.cornitem":1,"stat.pickup.minecraft.dark_oak_door":24,"stat.pickup.minecraft.stonebrick":9,"stat.drop.minecraft.dirt":11,"stat.pickup.rustic.sapling":4,"stat.pickup.minecraft.diamond_shovel":1,"stat.pickup.chococraft.chocobo_feather":3,"stat.pickup.zawa.octopus_plush":65,"stat.drop.customnpcs.npcwand":1,"stat.craftItem.minecraft.stone_slab2":0,"stat.killEntity.rat":7,"stat.craftItem.minecraft.stick":56,"stat.useItem.extrautils2.passivegenerator":3,"stat.useItem.minecraft.stone_slab":8,"stat.craftItem.minecraft.stone":57,"stat.mineBlock.minecraft.crafting_table":6,"stat.pickup.hempfarmer.leaf_wand":2,"stat.entityKilledBy.Creeper":1,"stat.drop.harvestcraft.spiceleafitem":1,"stat.drop":42,"stat.pickup.securitycraft.mine":1,"stat.pickup.minecraft.stone_button":10,"stat.pickup.zawa.platypus_plush":1,"stat.craftItem.securitycraft.universal_block_remover":1,"stat.pickup.zawa.giraffe_hide":3,"stat.craftItem.minecraft.piston":2,"stat.pickup.minecraft.gravel":125,"stat.pickup.of.lightswitch":1,"stat.pickup.harvestcraft.kohlrabiitem":2,"stat.pickup.minecraft.stone_brick_stairs":1,"stat.craftItem.travelersbackpack.backpack_tank":2,"stat.pickup.minecraft.iron_helmet":1,"stat.useItem.minecraft.stone_axe":30,"stat.pickup.minecraft.spider_eye":4,"stat.drop.harvestcraft.cranberryitem":1,"stat.craftItem.minecraft.iron_helmet":1,"stat.mineBlock.harvestcraft.frostgarden":15,"stat.pickup.zawa.carnivore_meat_cooked":2,"stat.pickup.minecraft.iron_ore":352,"stat.pickup.chisel.planks-birch":19,"stat.mineBlock.mca.rose_gold_ore":14,"stat.mineBlock.treasure2.skull_and_crossbones":3,"stat.craftItem.minecraft.flint_and_steel":1,"stat.pickup.rustic.tomato_seeds":2,"stat.craftItem.cannibalism.ironknife":1,"stat.mineBlock.minecraft.furnace":4,"stat.useItem.minecraft.wooden_pickaxe":3,"stat.useItem.customnpcs.npcwand":20,"stat.useItem.tombstone.grave_key":3,"stat.damageDealt":22351,"stat.craftItem.minecraft.glass":26,"stat.sleepInBed":24,"stat.pickup.hempfarmer.indica_joint":2,"stat.killEntity.Cow":1,"stat.craftItem.minecraft.iron_sword":1,"stat.pickup.harvestcraft.elderberryitem":1,"stat.walkOneCm":1986426,"stat.pickup.cannibalism.playerfleshcooked":5,"stat.playerKills":2,"stat.pickup.minecraft.stick":70,"stat.pickup.zawa.elephant_leather":3,"stat.drop.treasure2.silver_coin":1,"stat.pickup.chisel.carpet_purple":7,"stat.pickup.of.sink":3,"stat.pickup.minecraft.stone":90,"stat.craftItem.minecraft.redstone":9,"stat.killEntity.Skeleton":15,"stat.killEntity.wild_dog":6,"stat.pickup.zawa.atv":1,"stat.killEntity.magma_monster_grunt":8,"stat.useItem.minecraft.iron_block":2,"stat.killEntity.Spider":11,"stat.drop.chiselsandbits.chiseled_glass":1,"stat.pickup.variedcommodities.coin_iron":11,"stat.pickup.customnpcs.npcsoulstoneempty":1,"stat.pickup.zawa.bald_eagle_plush":1,"stat.pickup.extrautils2.itemcreativedestructionwand":1,"stat.mineBlock.minecraft.leaves":3,"stat.pickup.of.gramophone":1,"stat.mineBlock.minecraft.redstone_ore":24,"stat.pickup.cfm.light_switch_off":1,"stat.drop.camera.image_frame":1,"stat.mineBlock.minecraft.stone":1161}