{"stat.useItem.minecraft.bow":1,"stat.useItem.chiselsandbits.chiseled_wood":31,"stat.drop.ferdinandsflowers.block_cff_doubles":1,"stat.drop.opframe.opframe":2,"stat.leaveGame":27,"stat.mineBlock.rustic.leaves":3,"stat.useItem.minecraft.planks":84,"stat.craftItem.minecraft.shield":1,"stat.pickup.minecraft.glowstone_dust":2,"stat.pickup.casinocraft.arcade_base_lightblue":1,"stat.pickup.zawa.elephant_plush":1,"stat.pickup.minecraft.porkchop":63,"stat.pickup.modernlamps.ceiling_lamp_01":3,"stat.pickup.minecraft.glass":1,"stat.pickup.customnpcs.npcwand":1,"stat.useItem.modernlamps.ceiling_lamp_01":3,"stat.useItem.minecraft.water_bucket":4,"stat.drop.minecraft.iron_sword":1,"stat.pickup.minecraft.rotten_flesh":9,"stat.useItem.thebetweenlands.log_weedwood":4,"stat.pickup.extrautils2.snowglobe":1,"stat.entityKilledBy.Spider":1,"stat.craftItem.minecraft.stone_axe":1,"stat.pickup.animalium.wild_dog_pelt":1,"stat.useItem.customnpcs.npcsoulstonefilled":19,"stat.pickup.harvestcraft.wintersquashitem":1,"stat.pickup.variedcommodities.coin_diamond":11,"stat.drop.casinocraft.module_baccarat":5,"stat.pickup.magneticraft.ores":33,"stat.craftItem.minecraft.iron_shovel":1,"stat.pickup.zawa.monkey_plush":1,"stat.pickup.hempfarmer.seeds_hemp":9,"stat.pickup.zawa.gorilla_plush":65,"stat.killEntity.Witch":1,"stat.mineBlock.rustic.log":7,"stat.useItem.securitycraft.bucket_f_water":1,"stat.useItem.rustic.fluid_bottle":2,"stat.useItem.zawa.carnivore_meat_cooked":1,"stat.pickup.cfm.fire_alarm_off":1,"stat.pickup.harvestcraft.rootbeerfloatitem":2,"stat.useItem.minecraft.iron_pickaxe":467,"stat.useItem.minecraft.spawn_egg":3,"stat.craftItem.minecraft.wooden_pickaxe":1,"stat.pickup.thebetweenlands.wisp":1,"stat.pickup.harvestcraft.onionitem":1,"stat.mineBlock.chisel.marble2":11,"stat.furnaceInteraction":45,"stat.killEntity.ZombieVillager":1,"stat.pickup.harvestcraft.cornitem":1,"stat.pickup.harvestcraft.spinachitem":1,"stat.pickup.variedcommodities.coin_emerald":17,"stat.useItem.zawa.ball":2,"stat.pickup.minecraft.beef":63,"stat.pickup.zawa.large_meat_raw":65,"stat.pickup.minecraft.furnace":2,"stat.useItem.customnpcs.npcmovingpath":24,"stat.pickup.harvestcraft.turkeyrawitem":127,"stat.pickup.mca.rose_gold_ore":12,"stat.useItem.minecraft.dark_oak_door":2,"stat.pickup.zawa.tiger_plush":1,"stat.useItem.minecraft.flint_and_steel":20,"stat.drop.harvestcraft.freshwateritem":64,"stat.pickup.rustic.olives":2,"stat.craftItem.minecraft.heavy_weighted_pressure_plate":1,"stat.deaths":12,"stat.craftItem.ferdinandsflowers.flower_dye":2,"stat.playOneMinute":1068617,"stat.pickup.cfm.plate":2,"stat.craftItem.minecraft.iron_pickaxe":3,"stat.craftItem.securitycraft.keypad_item":1,"stat.useItem.chisel.planks-oak":302,"stat.pickup.zawa.care_guide":1,"stat.pickup.chisel.marble2":10,"stat.mineBlock.minecraft.tallgrass":2,"stat.chestOpened":11,"stat.useItem.minecraft.splash_potion":47,"stat.pickup.zawa.ivory_tusk":1,"stat.recordPlayed":3,"stat.useItem.malisisdoors.rustyhatch":33,"stat.useItem.minecraft.stone":1,"stat.pickup.minecraft.iron_sword":1,"stat.drop.chiselsandbits.chisel_diamond":1,"stat.pickup.modernlamps.suspended_neon":1,"stat.useItem.chisel.stonebrick":15,"stat.killEntity.nightmares.hag":1,"stat.mineBlock.magneticraft.limestone":1,"stat.fallOneCm":92435,"stat.pickup.zawa.tiger_fur":1,"stat.pickup.minecraft.carrot":1,"stat.pickup.modernlamps.ceiling_neon_lamp":1,"stat.crouchOneCm":130652,"stat.useItem.zawa.african_elephant":2,"stat.useItem.microblockcbe.microblock":2,"stat.craftItem.minecraft.iron_ingot":156,"stat.craftItem.minecraft.chest":2,"stat.craftingTableInteraction":75,"stat.dropperInspected":1,"stat.mineBlock.cfm.light_switch_off":1,"stat.useItem.minecraft.furnace":1,"stat.pickup.minecraft.dye":163,"stat.pickup.minecraft.iron_leggings":2,"stat.pickup.harvestcraft.duckrawitem":127,"stat.pickup.minecraft.wheat_seeds":1,"stat.killEntity.strawgolem":1,"stat.mineBlock.minecraft.gravel":9,"stat.useItem.minecraft.stone_pickaxe":105,"stat.craftItem.minecraft.iron_leggings":1,"stat.useItem.mowziesmobs.spawn_egg":1,"stat.pickup.zawa.bush_meat_raw":65,"stat.useItem.harvestcraft.spinachitem":1,"stat.mineBlock.minecraft.dirt":7,"stat.craftItem.minecraft.leather":18,"stat.useItem.minecraft.torch":23,"stat.craftItem.minecraft.redstone_block":1,"stat.drop.minecraft.rotten_flesh":4,"stat.pickup.minecraft.crafting_table":3,"stat.useItem.minecraft.cobblestone":53,"stat.craftItem.minecraft.crafting_table":1,"stat.useItem.minecraft.gravel":6,"stat.pickup.minecraft.log":4,"stat.useItem.zawa.bush_meat_cooked":1,"stat.craftItem.minecraft.stone_button":17,"stat.drop.customnpcs.npcsoulstoneempty":1,"stat.pickup.casinocraft.module_baccarat":12,"stat.pickup.minecraft.chicken":63,"stat.craftItem.of.sink":1,"stat.pickup.minecraft.sapling":3,"stat.useItem.cannibalism.playerflesh":17,"stat.pickup.harvestcraft.freshwateritem":264,"stat.pickup.minecraft.beetroot":13,"stat.pickup.harvestcraft.parsnipitem":1,"stat.drop.minecraft.grass_path":1,"stat.useItem.ferdinandsflowers.block_cff_flowersd":4,"stat.craftItem.minecraft.planks":16,"stat.useItem.minecraft.iron_sword":48,"stat.pickup.camera.image_frame":1,"stat.pickup.cannibalism.playerflesh":114,"stat.useItem.zawa.large_meat_raw":1,"stat.useItem.minecraft.stonebrick":273,"stat.mineBlock.minecraft.log":4,"stat.useItem.hempfarmer.regs_joint":2,"stat.sneakTime":46338,"stat.pickup.rustic.chili_pepper_seeds":1,"stat.pickup.minecraft.wool":12,"stat.pickup.minecraft.rabbit":63,"stat.pickup.ferdinandsflowers.block_cff_flowersd":1,"stat.drop.minecraft.grass":1,"stat.pickup.ferdinandsflowers.block_cff_flowersc":2,"stat.useItem.minecraft.beetroot":13,"stat.drop.minecraft.stone_pickaxe":1,"stat.pickup.minecraft.bone":5,"stat.pickup.harvestcraft.venisonrawitem":127,"stat.killEntity.bee":1,"stat.mineBlock.minecraft.cobblestone":14,"stat.pickup.minecraft.stone_pickaxe":2,"stat.pickup.minecraft.flint":1,"stat.useItem.chiselsandbits.block_bit":47,"stat.pickup.zawa.moose_plush":1,"stat.useItem.minecraft.diamond_sword":49,"stat.craftItem.minecraft.wool":2,"stat.swimOneCm":31669,"stat.climbOneCm":6506,"stat.pickup.harvestcraft.creepercookieitem":64,"stat.pickup.cfm.lamp_off":1,"stat.pickup.hempfarmer.regs_joint":1,"stat.useItem.minecraft.dirt":7,"stat.pickup.zawa.giraffe_plush":1,"stat.useItem.minecraft.stone_slab2":3223,"stat.pickup.zawa.bird_meat":127,"stat.pickup.minecraft.iron_boots":1,"stat.useItem.harvestcraft.wintersquashitem":1,"stat.craftItem.minecraft.furnace":2,"stat.useItem.cfm.lamp_off":4,"stat.pickup.zawa.carnivore_meat_raw":127,"stat.useItem.opframe.opframe":9,"stat.craftItem.minecraft.iron_boots":2,"stat.craftItem.minecraft.stone_pickaxe":1,"stat.pickup.minecraft.record_chirp":3,"stat.pickup.minecraft.cobblestone":146,"stat.useItem.zawa.bush_meat_raw":1,"stat.pickup.ferdinandsflowers.block_cff_fungus":5,"stat.pickup.animalium.bear_meat":127,"stat.mineBlock.chisel.limestone2":12,"stat.flyOneCm":4255349,"stat.pickup.minecraft.soul_sand":1,"stat.pickup.of.mug":1,"stat.pickup.mowziesmobs.glowing_jelly":3,"stat.useItem.minecraft.cooked_beef":2,"stat.pickup.cfm.cabinet_dark_oak":1,"stat.pickup.minecraft.redstone":21,"stat.mineBlock.minecraft.iron_ore":216,"stat.timeSinceDeath":2820,"stat.craftItem.rustic.planks":24,"stat.drop.rustic.chili_pepper_seeds":1,"stat.pickup.minecraft.mutton":63,"stat.useItem.magneticraft.ores":1,"stat.pickup.zawa.lion_plush":2,"stat.pickup.chiselsandbits.block_bit":108,"stat.useItem.minecraft.potato":64,"stat.useItem.harvestcraft.cornitem":1,"stat.useItem.chiselsandbits.chiseled_glass":10,"stat.pickup.minecraft.dark_oak_door":24,"stat.pickup.minecraft.stonebrick":3,"stat.drop.minecraft.dirt":3,"stat.pickup.rustic.sapling":1,"stat.mineBlock.minecraft.coal_ore":94,"stat.pickup.zawa.bush_meat_cooked":1,"stat.pickup.chococraft.chocobo_feather":1,"stat.killEntity.Creeper":1,"stat.talkedToVillager":11,"stat.pickup.extrautils2.ingredients":1,"stat.pickup.zawa.octopus_plush":65,"stat.pickup.minecraft.string":1,"stat.drop.customnpcs.npcwand":1,"stat.pickup.comforts.sleeping_bag":5,"stat.useItem.minecraft.milk_bucket":1,"stat.craftItem.minecraft.stone_slab2":0,"stat.sprintOneCm":629167,"stat.useItem.cfm.light_switch_off":3,"stat.useItem.minecraft.diamond_shovel":345,"stat.craftItem.minecraft.stick":20,"stat.useItem.minecraft.stone_slab":5,"stat.craftItem.minecraft.stone":41,"stat.mineBlock.minecraft.crafting_table":3,"stat.pickup.zawa.red_panda_plush":1,"stat.pickup.hempfarmer.leaf_wand":2,"stat.drop":25,"stat.pickup.harvestcraft.flaxitem":1,"stat.pickup.securitycraft.mine":1,"stat.pickup.minecraft.stone_button":1,"stat.drop.tombstone.grave_key":1,"stat.killEntity.Zombie":8,"stat.pickup.zawa.platypus_plush":1,"stat.pickup.chiselsandbits.chisel_diamond":1,"stat.diveOneCm":52998,"stat.pickup.minecraft.wheat":6,"stat.pickup.zawa.giraffe_hide":3,"stat.pickup.zawa.orca_plush":1,"stat.pickup.minecraft.sign":1,"stat.mineBlock.ferdinandsflowers.block_cff_flowersc":2,"stat.pickup.minecraft.gravel":8,"stat.pickup.of.table":1,"stat.pickup.of.lightswitch":1,"stat.jump":5471,"stat.pickup.minecraft.coal":197,"stat.pickup.minecraft.iron_helmet":1,"stat.pickup.minecraft.iron_ingot":8,"stat.useItem.minecraft.stone_axe":30,"stat.pickup.minecraft.gunpowder":2,"stat.pickup.zawa.ball":5,"stat.drop.ferdinandsflowers.block_cff_fungus":1,"stat.pickup.minecraft.spider_eye":1,"stat.pickup.zawa.grizzly_plush":1,"stat.craftItem.minecraft.torch":4,"stat.pickup.minecraft.dirt":18,"stat.craftItem.minecraft.iron_helmet":1,"stat.pickup.zawa.carnivore_meat_cooked":2,"stat.pickup.minecraft.iron_ore":240,"stat.pickup.chisel.planks-birch":19,"stat.mineBlock.mca.rose_gold_ore":12,"stat.pickup.rustic.log":6,"stat.mineBlock.treasure2.skull_and_crossbones":1,"stat.craftItem.minecraft.flint_and_steel":1,"stat.pickup.rustic.tomato_seeds":2,"stat.pickup.minecraft.cookie":1,"stat.craftItem.cannibalism.ironknife":1,"stat.damageTaken":2674,"stat.useItem.chisel.carpet_purple":17,"stat.mineBlock.minecraft.furnace":2,"stat.mineBlock.minecraft.torch":18,"stat.useItem.minecraft.wooden_pickaxe":3,"stat.useItem.customnpcs.npcwand":20,"stat.pickup.opframe.opframe":1,"stat.pickup.minecraft.potato":64,"stat.pickup.cannibalism.stoneknife":1,"stat.useItem.cannibalism.playerfleshcooked":3,"stat.damageDealt":7668,"stat.pickup.variedcommodities.coin_gold":1,"stat.sleepInBed":12,"stat.pickup.hempfarmer.indica_joint":1,"stat.killEntity.Cow":1,"stat.craftItem.minecraft.iron_sword":1,"stat.useItem.harvestcraft.onionitem":1,"stat.mineBlock.magneticraft.ores":35,"stat.walkOneCm":1495812,"stat.pickup.harvestcraft.baconandeggsitem":64,"stat.pickup.cannibalism.playerfleshcooked":3,"stat.useItem.minecraft.chest":1,"stat.playerKills":1,"stat.pickup.minecraft.stick":68,"stat.pickup.zawa.elephant_leather":3,"stat.pickup.harvestcraft.bakedhamitem":1,"stat.pickup.chisel.carpet_purple":7,"stat.pickup.minecraft.stone":1,"stat.craftItem.minecraft.iron_chestplate":1,"stat.pickup.minecraft.ladder":6,"stat.pickup.minecraft.cooked_beef":2,"stat.killEntity.Skeleton":2,"stat.killEntity.wild_dog":2,"stat.pickup.zawa.atv":1,"stat.mineBlock.minecraft.stonebrick":2,"stat.useItem.harvestcraft.parsnipitem":1,"stat.drop.hempfarmer.leaf_wand":1,"stat.pickup.ferdinandsflowers.block_cff_doubles":1,"stat.killEntity.Spider":3,"stat.drop.chiselsandbits.chiseled_glass":1,"stat.pickup.minecraft.dark_oak_stairs":1,"stat.pickup.variedcommodities.coin_iron":1,"stat.mobKills":31,"stat.pickup.customnpcs.npcsoulstoneempty":1,"stat.pickup.harvestcraft.roastchickenitem":64,"stat.craftItem.minecraft.shears":1,"stat.pickup.zawa.turtle_plush":1,"stat.pickup.zawa.bald_eagle_plush":1,"stat.pickup.minecraft.diamond":33,"stat.pickup.extrautils2.itemcreativedestructionwand":1,"stat.mineBlock.minecraft.leaves":3,"stat.pickup.minecraft.torch":21,"stat.pickup.of.gramophone":1,"stat.pickup.cfm.light_switch_off":1,"stat.drop.camera.image_frame":1,"stat.pickup.cfm.tv_remote":1,"stat.mineBlock.minecraft.stone":174}