{"stat.useItem.minecraft.bow":1,"stat.useItem.chiselsandbits.chiseled_wood":31,"stat.drop.ferdinandsflowers.block_cff_doubles":1,"stat.craftItem.cfm.freezer":1,"stat.useItem.minecraft.quartz_block":3,"stat.pickup.extrautils2.redorchid":1,"stat.pickup.harvestcraft.huckleberryitem":5,"stat.mineBlock.minecraft.web":1,"stat.useItem.of.lamp":1,"stat.useItem.extrautils2.goldenlasso":18,"stat.craftItem.extrautils2.endershard":8,"stat.drop.minecraft.iron_sword":1,"stat.useItem.chisel.concrete_white":2,"stat.pickup.minecraft.rotten_flesh":55,"stat.drop.minecraft.redstone_torch":1,"stat.craftItem.minecraft.stone_axe":1,"stat.pickup.minecraft.cobblestone_wall":1,"stat.pickup.minecraft.bucket":2,"stat.killEntity.Enderman":5,"stat.craftItem.cfm.counter":4,"stat.craftItem.minecraft.iron_shovel":2,"stat.pickup.zawa.monkey_plush":1,"stat.pickup.harvestcraft.scallionitem":1,"stat.useItem.zawa.carnivore_meat_cooked":1,"stat.craftItem.extrautils2.machine":5,"stat.useItem.minecraft.iron_pickaxe":3978,"stat.pickup.securitycraft.universal_block_remover":2,"stat.entityKilledBy.cactusmod:cactusspider":1,"stat.craftItem.minecraft.glass_pane":144,"stat.mineBlock.chisel.marble2":35,"stat.furnaceInteraction":200,"stat.drop.extrautils2.redorchid":1,"stat.pickup.harvestcraft.cornitem":1,"stat.pickup.zawa.large_meat_raw":65,"stat.pickup.harvestcraft.brusselsproutitem":1,"stat.pickup.harvestcraft.turkeyrawitem":127,"stat.pickup.mca.rose_gold_ore":24,"stat.craftItem.of.lamp":2,"stat.useItem.minecraft.flint_and_steel":101,"stat.mineBlock.minecraft.sea_lantern":27,"stat.craftItem.securitycraft.laser_block":1,"stat.drop.harvestcraft.beetitem":1,"stat.craftItem.minecraft.dark_oak_boat":1,"stat.pickup.minecraft.lever":1,"stat.deaths":58,"stat.craftItem.ferdinandsflowers.flower_dye":3,"stat.pickup.cfm.plate":2,"stat.craftItem.minecraft.iron_pickaxe":12,"stat.useItem.chisel.planks-oak":703,"stat.pickup.minecraft.glass_pane":51,"stat.useItem.malisisdoors.iron_sliding_door":2,"stat.fishCaught":5,"stat.useItem.treasure2.wither_planks":3,"stat.chestOpened":366,"stat.craftItem.minecraft.sign":3,"stat.pickup.minecraft.iron_sword":3,"stat.pickup.harvestcraft.waterchestnutitem":2,"stat.pickup.treasure2.gold_coin":1,"stat.pickup.rustic.chamomile":1,"stat.mineBlock.treasure2.wood_mimic":1,"stat.useItem.chisel.stonebrick":15,"stat.killEntity.nightmares.hag":2,"stat.craftItem.cfm.hedge_dark_oak":40,"stat.pickup.minecraft.carrot":4,"stat.pickup.modernlamps.ceiling_neon_lamp":1,"stat.pickup.treasure2.silver_coin":2,"stat.crouchOneCm":294371,"stat.craftItem.minecraft.iron_ingot":400,"stat.craftingTableInteraction":286,"stat.craftItem.cannibalism.diamondknife":1,"stat.craftItem.extrautils2.decorativesolid":4,"stat.mineBlock.minecraft.wooden_pressure_plate":3,"stat.pickup.treasure2.crate_chest_moldy":2,"stat.pickup.securitycraft.keypad_chest":1,"stat.craftItem.cannibalism.playerfleshcooked":208,"stat.mineBlock.minecraft.log2":49,"stat.craftItem.cfm.modern_chair":4,"stat.pickup.minecraft.dye":431,"stat.pickup.minecraft.planks":19,"stat.pickup.chisel.limestone2":26,"stat.pickup.zawa.bush_meat_raw":68,"stat.craftItem.extrautils2.pipe":64,"stat.useItem.mowziesmobs.wrought_axe":433,"stat.drop.minecraft.rotten_flesh":9,"stat.pickup.harvestcraft.peasitem":6,"stat.pickup.thebetweenlands.sludge_ball":12,"stat.pickup.securitycraft.reinforced_stone":16,"stat.useItem.minecraft.yellow_flower":1,"stat.pickup.casinocraft.module_baccarat":12,"stat.drop.minecraft.sapling":1,"stat.pickup.minecraft.chicken":77,"stat.craftItem.minecraft.bucket":2,"stat.craftItem.minecraft.planks":776,"stat.useItem.minecraft.iron_sword":159,"stat.mineBlock.minecraft.prismarine":1,"stat.useItem.securitycraft.universal_block_remover":23,"stat.useItem.minecraft.stonebrick":275,"stat.pickup.minecraft.book":126,"stat.craftItem.minecraft.wooden_door":6,"stat.drop.cannibalism.playerflesh":8,"stat.pickup.cfm.hedge_dark_oak":3,"stat.pickup.extrautils2.pipe":14,"stat.pickup.minecraft.tripwire_hook":1,"stat.pickup.harvestcraft.venisonrawitem":127,"stat.killEntity.bee":1,"stat.mineBlock.minecraft.cobblestone":68,"stat.pickup.minecraft.stone_pickaxe":2,"stat.pickup.minecraft.flint":49,"stat.useItem.chiselsandbits.block_bit":48,"stat.mineBlock.minecraft.concrete":889,"stat.pickup.magneticraft.limestone":4,"stat.mineBlock.thebetweenlands.swamp_plant":1,"stat.pickup.harvestcraft.creepercookieitem":64,"stat.drop.harvestcraft.brusselsproutitem":1,"stat.pickup.zawa.giraffe_plush":1,"stat.useItem.minecraft.stone_slab2":3503,"stat.pickup.minecraft.iron_boots":4,"stat.drop.rustic.cabinet":1,"stat.craftItem.minecraft.furnace":11,"stat.useItem.opframe.opframe":9,"stat.craftItem.minecraft.iron_boots":4,"stat.pickup.minecraft.record_chirp":3,"stat.pickup.cfm.hedge_oak":9,"stat.craftItem.extrautils2.passivegenerator":4,"stat.pickup.mowziesmobs.glowing_jelly":9,"stat.craftItem.rustic.planks":56,"stat.craftItem.minecraft.iron_block":10,"stat.drop.harvestcraft.waterchestnutitem":2,"stat.craftItem.minecraft.stonebrick":4,"stat.pickup.hempfarmer.leaf":3,"stat.killEntity.Creeper":7,"stat.pickup.comforts.sleeping_bag":8,"stat.mineBlock.zawa.kelp":1,"stat.pickup.tombstone.crafting_ingredient":10,"stat.entityKilledBy.Skeleton":4,"stat.sprintOneCm":2689691,"stat.useItem.cfm.light_switch_off":17,"stat.mineBlock.minecraft.stone_slab":5,"stat.pickup.extrautils2.passivegenerator":22,"stat.pickup.zawa.red_panda_plush":1,"stat.craftItem.malisisdoors.iron_sliding_door":3,"stat.pickup.harvestcraft.mustardseedsitem":7,"stat.pickup.harvestcraft.flaxitem":10,"stat.drop.tombstone.grave_key":2,"stat.killEntity.Zombie":55,"stat.craftItem.minecraft.dye":155,"stat.useItem.cfm.plate":3,"stat.pickup.chiselsandbits.chisel_diamond":1,"stat.mineBlock.minecraft.gold_ore":42,"stat.pickup.minecraft.wheat":107,"stat.craftItem.cfm.ceiling_fan":1,"stat.pickup.zawa.orca_plush":1,"stat.pickup.minecraft.sign":1,"stat.pickup.of.table":1,"stat.pickup.harvestcraft.ryeitem":7,"stat.pickup.minecraft.coal":527,"stat.pickup.minecraft.iron_ingot":146,"stat.useItem.minecraft.dark_oak_boat":1,"stat.craftItem.minecraft.lever":2,"stat.pickup.minecraft.gunpowder":34,"stat.killEntity.thebetweenlands.angler":1,"stat.drop.ferdinandsflowers.block_cff_fungus":1,"stat.pickup.zawa.grizzly_plush":1,"stat.pickup.minecraft.dirt":698,"stat.mineBlock.minecraft.lapis_ore":27,"stat.pickup.rustic.wind_thistle":6,"stat.pickup.minecraft.cookie":3,"stat.pickup.minecraft.iron_axe":2,"stat.killEntity.cactusmod:cactusskeleton":2,"stat.craftItem.extrautils2.goldenlasso":1,"stat.craftItem.cfm.chopping_board":1,"stat.mineBlock.minecraft.torch":23,"stat.pickup.minecraft.magma_cream":7,"stat.entityKilledBy.piranha":3,"stat.craftItem.minecraft.glowstone":26,"stat.useItem.cfm.modern_table":9,"stat.pickup.chococraft.gysahl_green":60,"stat.useItem.harvestcraft.onionitem":1,"stat.pickup.harvestcraft.baconandeggsitem":64,"stat.killEntity.magma_monster":9,"stat.craftItem.chiselsandbits.chisel_iron":1,"stat.pickup.harvestcraft.greengrapeitem":1,"stat.craftItem.cfm.modern_stair":4,"stat.useItem.minecraft.lava_bucket":1,"stat.pickup.harvestcraft.spiceleafitem":4,"stat.drop.mca.baby_girl":5,"stat.pickup.minecraft.cooked_beef":2,"stat.useItem.minecraft.concrete":427,"stat.drop.dragonmounts.dragon_egg":1,"stat.useItem.harvestcraft.parsnipitem":1,"stat.drop.hempfarmer.leaf_wand":1,"stat.pickup.minecraft.dark_oak_stairs":1,"stat.mineBlock.cfm.door_bell_dark_oak":1,"stat.mobKills":254,"stat.pickup.harvestcraft.roastchickenitem":64,"stat.mineBlock.minecraft.bookshelf":42,"stat.useItem.minecraft.boat":2,"stat.pickup.minecraft.diamond":72,"stat.craftItem.mca.whistle":1,"stat.pickup.harvestcraft.raspberryitem":6,"stat.useItem.harvestcraft.kohlrabiitem":2,"stat.craftItem.extrautils2.wrench":1,"stat.pickup.cfm.tv_remote":1,"stat.pickup.harvestcraft.beetitem":11,"stat.mineBlock.rustic.wind_thistle":2,"stat.useItem.minecraft.string":1,"stat.mineBlock.thebetweenlands.dead_grass":1,"stat.pickup.treasure2.viking_chest":2,"stat.mineBlock.thebetweenlands.loot_urn":1,"stat.useItem.cfm.stone_path":28,"stat.pickup.minecraft.glowstone_dust":146,"stat.pickup.malisisdoors.iron_sliding_door":1,"stat.mineBlock.minecraft.stone_brick_stairs":1,"stat.useItem.thebetweenlands.log_weedwood":4,"stat.drop.mowziesmobs.wrought_axe":1,"stat.pickup.harvestcraft.sweetpotatoitem":4,"stat.mineBlock.treasure2.crate_chest_moldy":2,"stat.mineBlock.minecraft.sand":637,"stat.pickup.zawa.gorilla_plush":65,"stat.useItem.rustic.fluid_bottle":2,"stat.pickup.treasure2.iron_lock":1,"stat.hopperInspected":2,"stat.useItem.cfm.hedge_oak":43,"stat.pickup.thebetweenlands.wisp":1,"stat.drop.ferdinandsflowers.block_cff_dark":1,"stat.pickup.thebetweenlands.items_misc":6,"stat.useItem.extrautils2.pipe":13,"stat.pickup.zawa.thick_fur":4,"stat.mineBlock.harvestcraft.windygarden":63,"stat.craftItem.travelersbackpack.travelers_backpack":1,"stat.drop.minecraft.pumpkin_seeds":1,"stat.mineBlock.cfm.hedge_dark_oak":3,"stat.pickup.minecraft.pumpkin_seeds":1,"stat.drop.chiselsandbits.block_bit":64,"stat.craftItem.securitycraft.keypad_item":1,"stat.pickup.harvestcraft.cottonitem":10,"stat.pickup.harvestcraft.kaleitem":1,"stat.recordPlayed":3,"stat.drop.minecraft.hopper":1,"stat.craftItem.treasure2.wither_planks":4,"stat.pickup.minecraft.waterlily":1,"stat.pickup.securitycraft.door_indestructible_iron_item":2,"stat.pickup.modernlamps.suspended_neon":1,"stat.useItem.chisel.stonebrick2":66,"stat.drop.harvestcraft.juteitem":1,"stat.drop.ferdinandsflowers.block_cff_flowersc":1,"stat.drop.minecraft.stone":1,"stat.pickup.harvestcraft.caulifloweritem":5,"stat.dropperInspected":1,"stat.craftItem.securitycraft.remote_access_sentry":1,"stat.craftItem.minecraft.wooden_button":1,"stat.useItem.minecraft.furnace":3,"stat.craftItem.extrautils2.ingredients":3,"stat.pickup.minecraft.iron_leggings":2,"stat.pickup.harvestcraft.duckrawitem":127,"stat.mineBlock.minecraft.gravel":509,"stat.pickup.thebetweenlands.tangled_root":1,"stat.craftItem.cfm.stone_path":40,"stat.useItem.minecraft.wool":10,"stat.drop.minecraft.reeds":1,"stat.craftItem.minecraft.leather":21,"stat.pickup.minecraft.flint_and_steel":5,"stat.useItem.minecraft.torch":30,"stat.drop.harvestcraft.kaleitem":1,"stat.craftItem.minecraft.redstone_block":4,"stat.craftItem.minecraft.stone_stairs":164,"stat.pickup.minecraft.crafting_table":8,"stat.useItem.minecraft.log":3,"stat.craftItem.cfm.light_switch_off":2,"stat.craftItem.minecraft.crafting_table":11,"stat.mineBlock.treasure2.wood_chest":1,"stat.craftItem.minecraft.boat":1,"stat.pickup.extrautils2.grocket":5,"stat.craftItem.minecraft.stone_button":20,"stat.drop.customnpcs.npcsoulstoneempty":1,"stat.craftItem.of.sink":1,"stat.pickup.minecraft.sapling":15,"stat.pickup.harvestcraft.freshwateritem":264,"stat.pickup.minecraft.beetroot":13,"stat.pickup.harvestcraft.parsnipitem":2,"stat.killEntity.thebetweenlands.sludge":2,"stat.useItem.zawa.large_meat_raw":1,"stat.drop.rustic.cohosh":1,"stat.useItem.securitycraft.remote_access_sentry":3,"stat.pickup.harvestcraft.juteitem":12,"stat.useItem.hempfarmer.regs_joint":2,"stat.pickup.harvestcraft.tealeafitem":1,"stat.pickup.rustic.chili_pepper_seeds":4,"stat.pickup.minecraft.rabbit":63,"stat.pickup.treasure2.gravestone2_obsidian":1,"stat.pickup.of.empty_bookshelf":42,"stat.pickup.minecraft.stone_slab":5,"stat.pickup.ferdinandsflowers.block_cff_flowersd":5,"stat.pickup.minecraft.yellow_flower":5,"stat.pickup.ferdinandsflowers.block_cff_flowersb":5,"stat.pickup.ferdinandsflowers.block_cff_flowersc":5,"stat.useItem.minecraft.fishing_rod":9,"stat.drop.minecraft.stone_pickaxe":1,"stat.pickup.minecraft.bone":58,"stat.craftItem.minecraft.sticky_piston":2,"stat.pickup.minecraft.redstone_torch":7,"stat.killEntity.cactusmod:cactusspider":5,"stat.pickup.chisel.planks-oak":23,"stat.pickup.zawa.moose_plush":1,"stat.useItem.minecraft.diamond_sword":59,"stat.craftItem.securitycraft.sentry":1,"stat.craftItem.extrautils2.glasscutter":1,"stat.climbOneCm":16704,"stat.pickup.harvestcraft.artichokeitem":1,"stat.drop.minecraft.sticky_piston":2,"stat.craftItem.chococraft.straw_nest":1,"stat.useItem.cfm.ceiling_light_off":3,"stat.pickup.hempfarmer.regs_joint":1,"stat.pickup.zawa.bird_meat":128,"stat.useItem.cfm.lamp_off":5,"stat.pickup.treasure2.pilferers_lock_pick":2,"stat.mineBlock.cfm.hedge_oak":9,"stat.useItem.minecraft.leaves2":1,"stat.craftItem.minecraft.trapdoor":4,"stat.pickup.camera.image":2,"stat.pickup.rustic.cohosh":1,"stat.craftItem.minecraft.stone_pickaxe":1,"stat.pickup.minecraft.cobblestone":1582,"stat.pickup.minecraft.soul_sand":1,"stat.useItem.minecraft.cooked_beef":2,"stat.pickup.minecraft.cactus":20,"stat.pickup.minecraft.redstone":162,"stat.craftItem.minecraft.dispenser":1,"stat.mineBlock.minecraft.iron_ore":415,"stat.drop.cannibalism.playerfleshcooked":1,"stat.drop.rustic.chili_pepper_seeds":1,"stat.pickup.zawa.lion_plush":2,"stat.craftItem.cfm.bedside_cabinet_oak":1,"stat.useItem.harvestcraft.cornitem":1,"stat.drop.minecraft.dirt":15,"stat.pickup.rustic.sapling":4,"stat.pickup.minecraft.trapdoor":4,"stat.pickup.minecraft.diamond_shovel":2,"stat.pickup.chococraft.chocobo_feather":21,"stat.craftItem.malisisdoors.wood_sliding_door":6,"stat.craftItem.minecraft.stick":72,"stat.useItem.extrautils2.passivegenerator":3,"stat.craftItem.minecraft.stained_hardened_clay":64,"stat.craftItem.minecraft.gold_nugget":9,"stat.pickup.harvestcraft.barleyitem":1,"stat.pickup.minecraft.grass":1,"stat.pickup.hempfarmer.leaf_wand":2,"stat.pickup.chococraft.gysahl_green_seeds":155,"stat.craftItem.cfm.lamp_off":2,"stat.entityKilledBy.Creeper":2,"stat.drop.harvestcraft.raspberryitem":1,"stat.drop.harvestcraft.spiceleafitem":4,"stat.mineBlock.minecraft.planks":2,"stat.drop":105,"stat.pickup.zawa.platypus_plush":1,"stat.craftItem.securitycraft.universal_block_remover":1,"stat.useItem.cfm.counter_drawer":1,"stat.pickup.zawa.giraffe_hide":3,"stat.craftItem.minecraft.piston":5,"stat.drop.camera.image":1,"stat.mineBlock.minecraft.deadbush":1,"stat.useItem.minecraft.potion":1,"stat.craftItem.travelersbackpack.backpack_tank":2,"stat.drop.harvestcraft.wintersquashitem":1,"stat.useItem.minecraft.stone_axe":30,"stat.mineBlock.harvestcraft.shadedgarden":33,"stat.drop.harvestcraft.cranberryitem":1,"stat.craftItem.minecraft.iron_helmet":2,"stat.pickup.zawa.carnivore_meat_cooked":2,"stat.boatOneCm":58980,"stat.craftItem.minecraft.flint_and_steel":2,"stat.pickup.rustic.tomato_seeds":19,"stat.craftItem.cannibalism.ironknife":1,"stat.mineBlock.minecraft.leaves2":102,"stat.mineBlock.minecraft.furnace":7,"stat.drop.chococraft.gysahl_green":2,"stat.useItem.tombstone.grave_key":28,"stat.drop.chococraft.lovely_gysahl_green":4,"stat.damageDealt":41329,"stat.pickup.harvestcraft.elderberryitem":1,"stat.pickup.minecraft.boat":1,"stat.pickup.minecraft.stick":76,"stat.pickup.harvestcraft.cabbageitem":3,"stat.craftItem.minecraftfuture.dye":5,"stat.pickup.zawa.elephant_leather":3,"stat.drop.treasure2.silver_coin":1,"stat.craftItem.minecraft.redstone":9,"stat.pickup.harvestcraft.zucchiniitem":1,"stat.pickup.zawa.atv":1,"stat.killEntity.Chicken":16,"stat.useItem.minecraft.iron_block":2,"stat.drop.chiselsandbits.chiseled_glass":1,"stat.pickup.minecraft.concrete_powder":7,"stat.pickup.customnpcs.npcsoulstoneempty":1,"stat.pickup.zawa.bald_eagle_plush":1,"stat.mineBlock.minecraft.leaves":132,"stat.mineBlock.minecraft.piston":4,"stat.drop.camera.image_frame":1,"stat.pickup.minecraft.wooden_slab":1,"stat.drop.opframe.opframe":2,"stat.leaveGame":48,"stat.mineBlock.rustic.leaves":5,"stat.craftItem.minecraft.ender_eye":3,"stat.craftItem.minecraft.string":14,"stat.useItem.cfm.couch":8,"stat.craftItem.minecraft.shield":1,"stat.useItem.malisisdoors.wood_sliding_door":7,"stat.pickup.zawa.elephant_plush":1,"stat.pickup.modernlamps.ceiling_lamp_01":3,"stat.killEntity.nightmares.spider":7,"stat.pickup.customnpcs.npcwand":1,"stat.pickup.rustic.cloudsbluff":2,"stat.pickup.minecraft.leaves2":84,"stat.useItem.modernlamps.ceiling_lamp_01":3,"stat.craftItem.mca.wedding_ring":1,"stat.craftItem.cfm.counter_drawer":2,"stat.pickup.animalium.wild_dog_pelt":1,"stat.craftItem.cfm.modern_tv":1,"stat.craftItem.minecraft.noteblock":1,"stat.pickup.variedcommodities.coin_diamond":13,"stat.useItem.rustic.planks":1,"stat.mineBlock.minecraft.wooden_slab":1,"stat.pickup.harvestcraft.radishitem":3,"stat.killEntity.Witch":3,"stat.mineBlock.rustic.log":15,"stat.pickup.chisel.chisel_iron":1,"stat.craftItem.minecraft.wooden_pickaxe":1,"stat.craftItem.minecraft.iron_door":3,"stat.useItem.minecraft.iron_shovel":162,"stat.pickup.harvestcraft.rhubarbitem":1,"stat.craftItem.minecraft.bed":4,"stat.pickup.harvestcraft.onionitem":3,"stat.useItem.cfm.modern_stair":3,"stat.mineBlock.minecraft.hopper":3,"stat.craftItem.chococraft.chocopedia":1,"stat.killEntity.ZombieVillager":4,"stat.pickup.variedcommodities.coin_emerald":18,"stat.useItem.zawa.ball":2,"stat.pickup.minecraft.beef":63,"stat.pickup.chisel.concrete_white1":1,"stat.useItem.minecraft.trapdoor":3,"stat.useItem.customnpcs.npcmovingpath":24,"stat.pickup.mowziesmobs.wrought_helmet":1,"stat.useItem.minecraft.dark_oak_door":2,"stat.pickup.minecraft.potion":2,"stat.drop.harvestcraft.freshwateritem":64,"stat.useItem.thebetweenlands.rotten_food":1,"stat.pickup.rustic.olives":2,"stat.pickup.securitycraft.universal_block_reinforcer_lvl1":1,"stat.useItem.minecraft.dye":9,"stat.pickup.zawa.care_guide":1,"stat.drop.minecraft.glass_bottle":1,"stat.pickup.chisel.marble2":41,"stat.mineBlock.minecraft.tallgrass":91,"stat.useItem.minecraft.splash_potion":47,"stat.useItem.malisisdoors.rustyhatch":33,"stat.useItem.minecraft.stone":103,"stat.craftItem.cfm.modern_light_off":4,"stat.pickup.minecraft.arrow":43,"stat.pickup.minecraft.wooden_pressure_plate":4,"stat.drop.chiselsandbits.chisel_diamond":1,"stat.drop.rustic.slate":1,"stat.pickup.harvestcraft.chilipepperitem":11,"stat.drop.minecraft.iron_pickaxe":1,"stat.mineBlock.magneticraft.limestone":7,"stat.pickup.zawa.tiger_fur":1,"stat.pickup.thebetweenlands.rotten_food":22,"stat.mineBlock.minecraft.chest":1,"stat.useItem.microblockcbe.microblock":2,"stat.mineBlock.minecraft.concrete_powder":7,"stat.mineBlock.minecraft.hardened_clay":64,"stat.craftItem.minecraft.hopper":4,"stat.mineBlock.cfm.light_switch_off":1,"stat.useItem.chisel.marble2":1,"stat.craftItem.cfm.modern_coffee_table":6,"stat.useItem.harvestcraft.lettuceitem":2,"stat.craftItem.minecraft.diamond_shovel":1,"stat.pickup.minecraft.wheat_seeds":57,"stat.useItem.harvestcraft.spinachitem":1,"stat.mineBlock.minecraft.dirt":691,"stat.useItem.thebetweenlands.tangled_root":1,"stat.craftItem.securitycraft.portable_radar":1,"stat.useItem.minecraft.cobblestone":165,"stat.useItem.minecraft.gravel":7,"stat.drop.minecraft.chicken":11,"stat.pickup.minecraft.iron_pickaxe":3,"stat.craftItem.minecraft.gold_ingot":13,"stat.pickup.minecraft.hopper":3,"stat.craftItem.chisel.chisel_iron":3,"stat.mineBlock.chisel.stonebrick2":10,"stat.craftItem.securitycraft.door_indestructible_iron_item":2,"stat.pickup.thebetweenlands.swamp_reed_item":3,"stat.pickup.cannibalism.playerflesh":424,"stat.pickup.chiselsandbits.chisel_iron":1,"stat.mineBlock.minecraft.log":157,"stat.useItem.minecraft.wooden_door":2,"stat.useItem.cfm.hedge_dark_oak":33,"stat.pickup.minecraft.red_flower":1,"stat.pickup.minecraft.wool":125,"stat.drop.minecraft.grass":1,"stat.entityKilledBy.thebetweenlands.wight":1,"stat.useItem.minecraft.iron_axe":296,"stat.mineBlock.minecraft.yellow_flower":2,"stat.craftItem.cfm.couch":10,"stat.craftItem.cfm.microwave":1,"stat.craftItem.cfm.ceiling_light_off":4,"stat.craftItem.minecraft.wool":2,"stat.useItem.minecraft.concrete_powder":862,"stat.pickup.cfm.lamp_off":1,"stat.pickup.minecraft.bow":1,"stat.useItem.harvestcraft.wintersquashitem":1,"stat.drop.harvestcraft.onionitem":2,"stat.pickup.harvestcraft.broccoliitem":13,"stat.pickup.animalium.rat_meat":2,"stat.pickup.treasure2.wither_log":1,"stat.useItem.zawa.bush_meat_raw":1,"stat.craftItem.minecraft.bow":1,"stat.pickup.ferdinandsflowers.block_cff_fungus":5,"stat.pickup.animalium.bear_meat":127,"stat.flyOneCm":7824565,"stat.pickup.harvestcraft.cranberryitem":1,"stat.pickup.of.mug":1,"stat.pickup.minecraft.fish":4,"stat.craftItem.cfm.door_bell":1,"stat.pickup.rustic.slate":37,"stat.craftItem.extrautils2.grocket":1,"stat.craftItem.minecraft.stained_glass":8,"stat.pickup.cfm.cabinet_dark_oak":1,"stat.timeSinceDeath":93874,"stat.pickup.chococraft.lovely_gysahl_green":5,"stat.useItem.magneticraft.ores":1,"stat.pickup.chiselsandbits.block_bit":1964,"stat.pickup.harvestcraft.whitemushroomitem":3,"stat.pickup.travelersbackpack.travelers_backpack":20,"stat.pickup.harvestcraft.beanitem":2,"stat.useItem.minecraft.potato":64,"stat.useItem.chiselsandbits.chiseled_glass":10,"stat.craftItem.minecraft.concrete_powder":872,"stat.mineBlock.minecraft.coal_ore":248,"stat.pickup.zawa.bush_meat_cooked":1,"stat.talkedToVillager":98,"stat.pickup.extrautils2.ingredients":2,"stat.pickup.minecraft.string":29,"stat.pickup.extrautils2.glasscutter":1,"stat.useItem.minecraft.milk_bucket":1,"stat.useItem.minecraft.diamond_shovel":1896,"stat.mineBlock.extrautils2.machine":4,"stat.mineBlock.minecraft.diamond_ore":39,"stat.craftItem.chococraft.chocobo_saddle":1,"stat.pickup.harvestcraft.quinoaitem":7,"stat.mineBlock.thebetweenlands.sludgecreep":1,"stat.pickup.advanced-fishing.fish":2,"stat.craftItem.minecraft.wooden_pressure_plate":4,"stat.craftItem.securitycraft.scanner_door_item":2,"stat.pickup.chisel.stonebrick2":10,"stat.diveOneCm":194734,"stat.pickup.extrautils2.machine":4,"stat.mineBlock.ferdinandsflowers.block_cff_flowersc":4,"stat.mineBlock.ferdinandsflowers.block_cff_flowersb":1,"stat.pickup.minecraft.stone_axe":1,"stat.mineBlock.ferdinandsflowers.block_cff_flowersd":2,"stat.craftItem.cfm.modern_table":13,"stat.craftItem.zawa.animal_net":2,"stat.craftItem.minecraft.diamond_sword":1,"stat.mineBlock.treasure2.viking_chest":2,"stat.jump":22619,"stat.useItem.minecraft.sand":8,"stat.pickup.zawa.ball":5,"stat.craftItem.minecraft.torch":8,"stat.pickup.rustic.log":14,"stat.craftItem.cfm.hedge_oak":40,"stat.pickup.minecraft.gold_ore":42,"stat.useItem.minecraft.sapling":1,"stat.damageTaken":22159,"stat.useItem.chisel.carpet_purple":17,"stat.pickup.minecraft.log2":49,"stat.entityKilledBy.ZombieVillager":1,"stat.pickup.opframe.opframe":1,"stat.pickup.minecraft.concrete":658,"stat.pickup.minecraft.quartz_block":29,"stat.pickup.minecraft.potato":68,"stat.entityKilledBy.Zombie":4,"stat.pickup.cannibalism.stoneknife":1,"stat.useItem.cfm.counter":2,"stat.useItem.cannibalism.playerfleshcooked":190,"stat.drop.minecraftfuture.flowerblue":2,"stat.pickup.variedcommodities.coin_gold":9,"stat.pickup.chococraft.ability_fruit":131,"stat.craftItem.mca.matchmakers_ring":3,"stat.pickup.harvestcraft.lettuceitem":3,"stat.pickup.harvestcraft.oatsitem":7,"stat.mineBlock.magneticraft.ores":36,"stat.craftItem.minecraft.stone_slab":6,"stat.craftItem.securitycraft.universal_block_reinforcer_lvl1":1,"stat.animalsBred":6,"stat.useItem.minecraft.chest":10,"stat.pickup.harvestcraft.bakedhamitem":1,"stat.pickup.harvestcraft.celeryitem":4,"stat.craftItem.minecraft.iron_chestplate":3,"stat.pickup.minecraft.ender_pearl":4,"stat.pickup.minecraft.ladder":6,"stat.craftItem.travelersbackpack.sleeping_bag_bottom":1,"stat.craftItem.minecraft.stained_glass_pane":16,"stat.mineBlock.minecraft.stonebrick":9,"stat.pickup.ferdinandsflowers.block_cff_doubles":1,"stat.pickup.harvestcraft.cucumberitem":21,"stat.mineBlock.minecraft.glowstone":55,"stat.craftItem.minecraft.shears":4,"stat.mineBlock.chisel.concrete_white":5,"stat.pickup.zawa.turtle_plush":1,"stat.pickup.minecraft.torch":31,"stat.drop.minecraft.arrow":3,"stat.drop.thebetweenlands.swamp_reed_item":1,"stat.useItem.chisel.glasspane":93,"stat.craftItem.minecraft.iron_axe":2,"stat.pickup.minecraftfuture.flowerblue":6,"stat.pickup.minecraft.fishing_rod":3,"stat.useItem.minecraft.planks":91,"stat.drop.chococraft.chocobo_feather":1,"stat.pickup.casinocraft.arcade_base_lightblue":1,"stat.pickup.minecraft.porkchop":63,"stat.pickup.minecraft.glass":20,"stat.pickup.minecraft.blaze_powder":8,"stat.mineBlock.of.sink":2,"stat.useItem.minecraft.water_bucket":8,"stat.pickup.minecraft.sand":616,"stat.pickup.extrautils2.snowglobe":1,"stat.entityKilledBy.Spider":2,"stat.pickup.minecraft.hardened_clay":64,"stat.craftItem.cfm.tv_stand":3,"stat.pickup.minecraft.name_tag":1,"stat.useItem.customnpcs.npcsoulstonefilled":19,"stat.pickup.harvestcraft.wintersquashitem":3,"stat.drop.casinocraft.module_baccarat":5,"stat.pickup.magneticraft.ores":96,"stat.pickup.hempfarmer.seeds_hemp":76,"stat.useItem.securitycraft.bucket_f_water":1,"stat.pickup.cfm.fire_alarm_off":1,"stat.killEntity.thebetweenlands.smoll_sludge":4,"stat.pickup.harvestcraft.rootbeerfloatitem":2,"stat.useItem.minecraft.spawn_egg":3,"stat.useItem.harvestcraft.leekitem":1,"stat.pickup.harvestcraft.spinachitem":10,"stat.pickup.harvestcraft.turnipitem":3,"stat.mineBlock.treasure2.gravestone2_obsidian":1,"stat.pickup.minecraft.furnace":7,"stat.drop.mca.baby_boy":4,"stat.pickup.mowziesmobs.wrought_axe":12,"stat.pickup.minecraft.iron_chestplate":7,"stat.pickup.minecraft.skull":2,"stat.useItem.minecraft.stone_stairs":74,"stat.drop.harvestcraft.turnipitem":1,"stat.mineBlock.extrautils2.passivegenerator":19,"stat.pickup.zawa.tiger_plush":1,"stat.pickup.treasure2.wood_chest":1,"stat.useItem.minecraft.hopper":5,"stat.craftItem.minecraft.heavy_weighted_pressure_plate":2,"stat.entityKilledBy.wild_dog":1,"stat.playOneMinute":2062889,"stat.useItem.cfm.modern_bed_bottom":2,"stat.pickup.hempfarmer.violet_raw_hemp":11,"stat.pickup.hempfarmer.seeds_indica":9,"stat.useItem.minecraft.shears":13,"stat.craftItem.cfm.modern_bed_bottom":3,"stat.pickup.hempfarmer.raw_hemp":10,"stat.pickup.zawa.ivory_tusk":2,"stat.pickup.hempfarmer.bud":10,"stat.mineBlock.treasure2.crate_chest":1,"stat.mineBlock.rustic.slate":18,"stat.fallOneCm":531653,"stat.drop.minecraft.dye":1,"stat.useItem.zawa.african_elephant":2,"stat.pickup.thebetweenlands.swamp_dirt":1,"stat.craftItem.minecraft.chest":27,"stat.mineBlock.minecraft.lever":1,"stat.craftItem.cfm.plate":4,"stat.pickup.minecraft.feather":16,"stat.drop.extrautils2.pipe":1,"stat.killEntity.strawgolem":1,"stat.useItem.minecraft.stone_pickaxe":105,"stat.craftItem.minecraft.iron_leggings":2,"stat.useItem.mowziesmobs.spawn_egg":1,"stat.pickup.minecraft.chainmail_boots":1,"stat.pickup.securitycraft.scanner_door_item":1,"stat.useItem.cfm.modern_chair":3,"stat.craftItem.harvestcraft.cottonseeditem":1,"stat.mineBlock.ferdinandsflowers.block_cff_dark":1,"stat.pickup.malisisdoors.wood_sliding_door":6,"stat.pickup.minecraft.log":158,"stat.useItem.zawa.bush_meat_cooked":1,"stat.pickup.minecraft.chainmail_leggings":2,"stat.useItem.cannibalism.playerflesh":19,"stat.entityKilledBy.Enderman":1,"stat.drop.harvestcraft.broccoliitem":3,"stat.drop.minecraft.grass_path":1,"stat.useItem.ferdinandsflowers.block_cff_flowersd":4,"stat.pickup.camera.image_frame":1,"stat.pickup.harvestcraft.rutabagaitem":4,"stat.useItem.cfm.modern_coffee_table":5,"stat.sneakTime":88491,"stat.mineBlock.minecraft.cobblestone_wall":2,"stat.useItem.minecraft.beetroot":13,"stat.pickup.minecraft.chest":1,"stat.pickup.chisel.concrete_white":5,"stat.drop.harvestcraft.ryeitem":3,"stat.pickup.securitycraft.sentry":3,"stat.craftItem.minecraft.iron_trapdoor":1,"stat.swimOneCm":169390,"stat.useItem.minecraft.dirt":378,"stat.pickup.zawa.carnivore_meat_raw":132,"stat.pickup.securitycraft.reinforced_metals":3,"stat.mineBlock.chisel.limestone2":38,"stat.drop.minecraft.wheat_seeds":1,"stat.craftItem.minecraft.wooden_slab":6,"stat.pickup.harvestcraft.leekitem":4,"stat.useItem.minecraft.sign":1,"stat.pickup.minecraft.mutton":64,"stat.pickup.minecraft.dark_oak_door":24,"stat.pickup.minecraft.stonebrick":9,"stat.pickup.zawa.octopus_plush":65,"stat.drop.customnpcs.npcwand":1,"stat.pickup.cannibalism.ironknife":1,"stat.craftItem.minecraft.stone_slab2":0,"stat.killEntity.rat":8,"stat.pickup.ferdinandsflowers.block_cff_dark":1,"stat.drop.rustic.tomato_seeds":3,"stat.useItem.minecraft.stone_slab":8,"stat.craftItem.minecraft.stone":179,"stat.mineBlock.minecraft.crafting_table":9,"stat.mineBlock.minecraft.quartz_block":29,"stat.craftItem.cookingforblockheads.toaster":1,"stat.useItem.minecraft.ender_eye":1,"stat.useItem.minecraft.wheat":1,"stat.drop.chococraft.chocobo_saddle":1,"stat.pickup.securitycraft.mine":1,"stat.pickup.minecraft.stone_button":10,"stat.pickup.rustic.cabinet":1,"stat.craftItem.securitycraft.retinal_scanner":2,"stat.pickup.minecraft.gravel":491,"stat.pickup.of.lightswitch":1,"stat.mineBlock.treasure2.wither_log":1,"stat.useItem.minecraft.stained_glass_pane":15,"stat.pickup.harvestcraft.kohlrabiitem":5,"stat.pickup.minecraft.stone_brick_stairs":1,"stat.pickup.minecraft.diamond_sword":1,"stat.pickup.minecraft.iron_helmet":4,"stat.pickup.dragonmounts.dragon_egg":3,"stat.pickup.harvestcraft.peanutitem":7,"stat.pickup.minecraft.spider_eye":4,"stat.mineBlock.harvestcraft.frostgarden":18,"stat.pickup.minecraft.iron_ore":442,"stat.pickup.chisel.planks-birch":19,"stat.mineBlock.mca.rose_gold_ore":14,"stat.mineBlock.treasure2.skull_and_crossbones":3,"stat.pickup.minecraft.leaves":98,"stat.pickup.treasure2.iron_key":2,"stat.useItem.minecraft.wooden_pickaxe":3,"stat.pickup.minecraft.prismarine_crystals":68,"stat.pickup.minecraft.reeds":1,"stat.useItem.customnpcs.npcwand":20,"stat.drop.thebetweenlands.rotten_food":3,"stat.craftItem.minecraft.glass":90,"stat.killEntity.bound_soul":6,"stat.sleepInBed":57,"stat.pickup.hempfarmer.indica_joint":2,"stat.drop.harvestcraft.greengrapeitem":1,"stat.killEntity.Cow":1,"stat.craftItem.minecraft.iron_sword":1,"stat.pickup.minecraft.piston":5,"stat.walkOneCm":3619351,"stat.pickup.cannibalism.playerfleshcooked":28,"stat.playerKills":3,"stat.pickup.of.coffee_bean":6,"stat.killEntity.piranha":5,"stat.pickup.chisel.carpet_purple":7,"stat.pickup.of.sink":4,"stat.pickup.minecraft.stone":228,"stat.mineBlock.minecraft.wool":10,"stat.killEntity.Skeleton":43,"stat.killEntity.wild_dog":11,"stat.killEntity.magma_monster_grunt":8,"stat.mineBlock.minecraft.cactus":11,"stat.pickup.harvestcraft.amaranthitem":2,"stat.useItem.cfm.modern_light_off":3,"stat.mineBlock.minecraft.redstone_torch":7,"stat.killEntity.Spider":15,"stat.mineBlock.chisel.concrete_white1":1,"stat.pickup.variedcommodities.coin_iron":11,"stat.pickup.extrautils2.itemcreativedestructionwand":1,"stat.entityKilledBy.thebetweenlands.smoll_sludge":1,"stat.pickup.of.gramophone":1,"stat.mineBlock.minecraft.redstone_ore":30,"stat.mineBlock.thebetweenlands.root":1,"stat.pickup.cfm.light_switch_off":2,"stat.pickup.minecraft.lava_bucket":1,"stat.mineBlock.chisel.planks-oak":22,"stat.craftItem.minecraft.coal_block":2,"stat.mineBlock.harvestcraft.soggygarden":22,"stat.useItem.cfm.tv_stand":1,"stat.mineBlock.minecraft.stone":1873}