{"stat.chestOpened":8,"stat.pickup.minecraft.bone":2,"stat.pickup.minecraft.wooden_slab":1,"stat.mineBlock.ferdinandsflowers.block_cff_flowersc":1,"stat.pickup.minecraft.gravel":11,"stat.pickup.minecraft.arrow":1,"stat.mineBlock.minecraft.cobblestone":2,"stat.pickup.minecraft.flint":3,"stat.mineBlock.ferdinandsflowers.block_cff_flowersd":1,"stat.mineBlock.rustic.leaves":5,"stat.useItem.minecraft.rotten_flesh":2,"stat.useItem.minecraft.mutton":12,"stat.jump":1009,"stat.swimOneCm":22254,"stat.pickup.minecraft.coal":39,"stat.fallOneCm":16736,"stat.climbOneCm":5257,"stat.useItem.minecraft.planks":10,"stat.drop.minecraft.cobblestone":2,"stat.crouchOneCm":3442,"stat.craftItem.minecraft.torch":8,"stat.craftItem.minecraft.chest":1,"stat.pickup.minecraft.dirt":21,"stat.useItem.minecraft.dirt":12,"stat.useItem.chococraft.gysahl_green":11,"stat.killEntity.nightmares.spider":1,"stat.useItem.minecraft.stone_slab2":37,"stat.pickup.minecraft.bow":1,"stat.craftingTableInteraction":15,"stat.pickup.minecraft.rotten_flesh":5,"stat.pickup.rustic.log":16,"stat.useItem.minecraft.sapling":5,"stat.pickup.treasure2.crate_chest_moldy":5,"stat.mineBlock.minecraft.log2":2,"stat.damageTaken":969,"stat.pickup.zawa.ostritch_fern":1,"stat.pickup.rustic.olive_door":2,"stat.craftItem.minecraft.trapdoor":6,"stat.mineBlock.minecraft.red_flower":3,"stat.craftItem.minecraft.stone_pickaxe":2,"stat.mineBlock.minecraft.torch":7,"stat.useItem.minecraft.wooden_pickaxe":59,"stat.pickup.variedcommodities.coin_diamond":2,"stat.useItem.rustic.planks":13,"stat.pickup.minecraft.cobblestone":225,"stat.mineBlock.treasure2.crate_chest_moldy":5,"stat.mineBlock.minecraft.sapling":1,"stat.mineBlock.minecraft.wooden_slab":1,"stat.pickup.minecraft.log2":2,"stat.mineBlock.zawa.ostritch_fern":1,"stat.pickup.ferdinandsflowers.block_cff_fungus":1,"stat.pickup.minecraft.planks":5,"stat.craftItem.minecraft.stone_sword":1,"stat.flyOneCm":130353,"stat.pickup.minecraft.bed":4,"stat.pickup.minecraft.wheat_seeds":151,"stat.mineBlock.rustic.log":16,"stat.pickup.mowziesmobs.glowing_jelly":2,"stat.mineBlock.minecraft.gravel":10,"stat.useItem.minecraft.stone_pickaxe":218,"stat.craftItem.minecraft.wooden_slab":6,"stat.craftItem.minecraft.wooden_hoe":1,"stat.useItem.minecraft.stone_sword":39,"stat.damageDealt":1197,"stat.pickup.variedcommodities.coin_gold":8,"stat.sleepInBed":6,"stat.timeSinceDeath":115914,"stat.craftItem.rustic.planks":64,"stat.pickup.chococraft.gysahl_green":12,"stat.mineBlock.minecraft.dirt":21,"stat.pickup.chococraft.lovely_gysahl_green":1,"stat.craftItem.minecraft.wooden_pickaxe":1,"stat.useItem.minecraft.wooden_slab":6,"stat.pickup.minecraft.mutton":12,"stat.mineBlock.harvestcraft.pampear":1,"stat.walkOneCm":493782,"stat.craftItem.minecraft.bed":2,"stat.useItem.minecraft.torch":13,"stat.pickup.hempfarmer.leaf":1,"stat.mineBlock.ferdinandsflowers.block_cff_dark":4,"stat.drop.minecraft.wheat":3,"stat.pickup.of.coffee_bean":1,"stat.craftItem.chococraft.gysahl_green_seeds":1,"stat.pickup.minecraft.crafting_table":4,"stat.pickup.minecraft.clay_ball":76,"stat.pickup.minecraft.stonebrick":4,"stat.useItem.minecraft.cobblestone":5,"stat.useItem.minecraft.gravel":9,"stat.mineBlock.minecraft.double_plant":3,"stat.pickup.minecraft.trapdoor":2,"stat.mineBlock.minecraft.coal_ore":39,"stat.pickup.variedcommodities.coin_emerald":1,"stat.talkedToVillager":68,"stat.pickup.rustic.planks":15,"stat.mineBlock.zawa.bamboo":1,"stat.pickup.minecraft.log":4,"stat.mineBlock.rustic.planks":1,"stat.pickup.zawa.bamboo":1,"stat.pickup.minecraft.hay_block":8,"stat.pickup.minecraft.stone":22,"stat.pickup.ferdinandsflowers.block_cff_dark":3,"stat.useItem.rustic.olive_door":4,"stat.pickup.minecraft.sapling":1,"stat.useItem.minecraft.trapdoor":6,"stat.sprintOneCm":136089,"stat.pickup.minecraft.iron_chestplate":1,"stat.pickup.minecraft.ladder":2,"stat.craftItem.minecraft.stick":12,"stat.killEntity.Skeleton":1,"stat.mineBlock.minecraft.stonebrick":5,"stat.craftItem.minecraft.planks":24,"stat.craftItem.rustic.olive_door":6,"stat.useItem.minecraft.wheat_seeds":22,"stat.mineBlock.minecraft.crafting_table":4,"stat.pickup.rustic.olives":1,"stat.useItem.minecraft.wheat":87,"stat.pickup.variedcommodities.coin_iron":10,"stat.mobKills":13,"stat.mineBlock.minecraft.log":4,"stat.pickup.chococraft.gysahl_green_seeds":4,"stat.mineBlock.minecraft.planks":5,"stat.drop":5,"stat.mineBlock.minecraft.leaves":2,"stat.playOneMinute":115914,"stat.pickup.minecraft.torch":7,"stat.killEntity.Sheep":6,"stat.pickup.minecraft.red_flower":1,"stat.sneakTime":1915,"stat.pickup.minecraft.wool":6,"stat.killEntity.Zombie":3,"stat.pickup.zawa.care_guide":1,"stat.mineBlock.minecraft.hay_block":8,"stat.mineBlock.minecraft.stone":230,"stat.mineBlock.minecraft.tallgrass":30,"stat.diveOneCm":41538,"stat.pickup.minecraft.wheat":157}