{"stat.walkOneCm":161181,"stat.craftItem.minecraft.bed":1,"stat.pickup.hempfarmer.leaf":1,"stat.drop.minecraft.wheat":3,"stat.pickup.of.coffee_bean":1,"stat.pickup.minecraft.crafting_table":2,"stat.pickup.minecraft.clay_ball":76,"stat.mineBlock.minecraft.double_plant":3,"stat.pickup.variedcommodities.coin_emerald":1,"stat.mineBlock.rustic.leaves":4,"stat.talkedToVillager":11,"stat.mineBlock.zawa.bamboo":1,"stat.jump":474,"stat.swimOneCm":4567,"stat.fallOneCm":9092,"stat.climbOneCm":2331,"stat.pickup.zawa.bamboo":1,"stat.crouchOneCm":369,"stat.sprintOneCm":53962,"stat.killEntity.nightmares.spider":1,"stat.useItem.minecraft.stone_slab2":2,"stat.craftingTableInteraction":1,"stat.pickup.rustic.log":10,"stat.useItem.minecraft.wheat_seeds":22,"stat.mineBlock.minecraft.log2":1,"stat.damageTaken":528,"stat.mineBlock.minecraft.crafting_table":2,"stat.pickup.zawa.ostritch_fern":1,"stat.mineBlock.minecraft.red_flower":3,"stat.pickup.variedcommodities.coin_diamond":2,"stat.useItem.minecraft.wheat":44,"stat.pickup.variedcommodities.coin_iron":10,"stat.mobKills":9,"stat.mineBlock.zawa.ostritch_fern":1,"stat.pickup.minecraft.log2":1,"stat.pickup.ferdinandsflowers.block_cff_fungus":1,"stat.flyOneCm":81390,"stat.pickup.minecraft.bed":1,"stat.pickup.minecraft.wheat_seeds":137,"stat.drop":3,"stat.playOneMinute":28614,"stat.mineBlock.rustic.log":10,"stat.pickup.mowziesmobs.glowing_jelly":2,"stat.killEntity.Sheep":6,"stat.pickup.minecraft.red_flower":1,"stat.sneakTime":101,"stat.pickup.minecraft.wool":6,"stat.damageDealt":737,"stat.pickup.variedcommodities.coin_gold":8,"stat.sleepInBed":1,"stat.pickup.zawa.care_guide":1,"stat.timeSinceDeath":28614,"stat.craftItem.rustic.planks":40,"stat.pickup.chococraft.gysahl_green":9,"stat.mineBlock.minecraft.tallgrass":25,"stat.diveOneCm":9400,"stat.pickup.minecraft.mutton":12,"stat.pickup.minecraft.wheat":137}