{"stat.useItem.minecraft.bow":3,"stat.pickup.minecraft.bone":2,"stat.pickup.minecraft.wooden_slab":2,"stat.leaveGame":1,"stat.mineBlock.minecraft.cobblestone":2,"stat.pickup.minecraft.flint":3,"stat.entityKilledBy.Witch":1,"stat.mineBlock.rustic.leaves":5,"stat.useItem.minecraft.mutton":12,"stat.swimOneCm":28450,"stat.climbOneCm":8314,"stat.useItem.minecraft.planks":19,"stat.drop.minecraft.cobblestone":2,"stat.pickup.hempfarmer.regs_joint":3,"stat.useItem.minecraft.dirt":56,"stat.useItem.chococraft.gysahl_green":11,"stat.killEntity.nightmares.spider":1,"stat.useItem.minecraft.stone_slab2":59,"stat.pickup.minecraft.bow":1,"stat.pickup.treasure2.iron_strongbox":1,"stat.pickup.minecraft.rotten_flesh":22,"stat.craftItem.minecraft.furnace":1,"stat.pickup.rustic.olive_door":3,"stat.craftItem.minecraft.trapdoor":6,"stat.craftItem.minecraft.stone_pickaxe":3,"stat.pickup.variedcommodities.coin_diamond":2,"stat.useItem.rustic.planks":15,"stat.pickup.minecraft.cobblestone":232,"stat.mineBlock.treasure2.crate_chest_moldy":7,"stat.mineBlock.minecraft.wooden_slab":2,"stat.mineBlock.zawa.ostritch_fern":1,"stat.pickup.ferdinandsflowers.block_cff_fungus":1,"stat.craftItem.minecraft.stone_sword":1,"stat.flyOneCm":155492,"stat.mineBlock.rustic.log":16,"stat.pickup.mowziesmobs.glowing_jelly":2,"stat.craftItem.minecraft.wooden_slab":30,"stat.craftItem.minecraft.wooden_hoe":1,"stat.mineBlock.treasure2.iron_strongbox":1,"stat.mineBlock.minecraft.iron_ore":9,"stat.timeSinceDeath":2745,"stat.craftItem.rustic.planks":64,"stat.pickup.chococraft.lovely_gysahl_green":1,"stat.craftItem.minecraft.wooden_pickaxe":1,"stat.useItem.minecraft.wooden_slab":28,"stat.pickup.minecraft.mutton":12,"stat.craftItem.minecraft.bed":2,"stat.pickup.hempfarmer.leaf":1,"stat.pickup.travelersbackpack.travelers_backpack":2,"stat.craftItem.chococraft.gysahl_green_seeds":1,"stat.pickup.wolfarmor.iron_wolf_armor":1,"stat.pickup.minecraft.stonebrick":7,"stat.furnaceInteraction":3,"stat.pickup.minecraft.trapdoor":6,"stat.mineBlock.minecraft.coal_ore":67,"stat.pickup.chococraft.chocobo_feather":3,"stat.pickup.variedcommodities.coin_emerald":1,"stat.talkedToVillager":120,"stat.pickup.rustic.planks":17,"stat.pickup.minecraft.string":1,"stat.mineBlock.rustic.planks":3,"stat.pickup.tombstone.crafting_ingredient":2,"stat.entityKilledBy.Skeleton":2,"stat.pickup.minecraft.hay_block":8,"stat.pickup.ferdinandsflowers.block_cff_dark":3,"stat.killEntity.rat":1,"stat.drop.hempfarmer.regs_joint":1,"stat.useItem.minecraft.trapdoor":7,"stat.sprintOneCm":159650,"stat.pickup.minecraft.iron_chestplate":1,"stat.craftItem.minecraft.stick":16,"stat.useItem.minecraft.wheat_seeds":22,"stat.mineBlock.minecraft.crafting_table":4,"stat.pickup.rustic.olives":1,"stat.useItem.minecraft.wheat":87,"stat.pickup.chococraft.gysahl_green_seeds":4,"stat.mineBlock.minecraft.planks":5,"stat.deaths":12,"stat.drop":8,"stat.playOneMinute":194807,"stat.killEntity.Sheep":6,"stat.drop.tombstone.grave_key":1,"stat.pickup.tombstone.grave_key":1,"stat.killEntity.Zombie":6,"stat.pickup.zawa.care_guide":1,"stat.mineBlock.minecraft.tallgrass":49,"stat.diveOneCm":57841,"stat.pickup.minecraft.wheat":157,"stat.chestOpened":24,"stat.mineBlock.ferdinandsflowers.block_cff_flowersc":1,"stat.pickup.minecraft.gravel":12,"stat.pickup.minecraft.arrow":3,"stat.pickup.minecraft.waterlily":3,"stat.pickup.minecraft.iron_sword":1,"stat.mineBlock.ferdinandsflowers.block_cff_flowersd":1,"stat.useItem.minecraft.waterlily":2,"stat.useItem.minecraft.rotten_flesh":2,"stat.mineBlock.treasure2.falling_grass":1,"stat.jump":1506,"stat.pickup.minecraft.coal":67,"stat.fallOneCm":31668,"stat.pickup.minecraft.iron_ingot":3,"stat.crouchOneCm":8610,"stat.mineBlock.minecraft.chest":1,"stat.craftItem.minecraft.torch":8,"stat.craftItem.minecraft.chest":1,"stat.pickup.minecraft.dirt":71,"stat.craftingTableInteraction":21,"stat.pickup.minecraft.iron_ore":9,"stat.pickup.rustic.log":16,"stat.useItem.minecraft.sapling":7,"stat.pickup.treasure2.crate_chest_moldy":7,"stat.pickup.rustic.tomato_seeds":1,"stat.mineBlock.minecraft.log2":2,"stat.damageTaken":7001,"stat.pickup.zawa.ostritch_fern":1,"stat.mineBlock.minecraft.red_flower":3,"stat.mineBlock.minecraft.torch":8,"stat.useItem.minecraft.wooden_pickaxe":59,"stat.mineBlock.minecraft.sapling":2,"stat.pickup.minecraft.log2":2,"stat.pickup.minecraft.planks":5,"stat.pickup.minecraft.bed":4,"stat.pickup.minecraft.wheat_seeds":153,"stat.entityKilledBy.Zombie":7,"stat.mineBlock.minecraft.gravel":10,"stat.useItem.minecraft.stone_pickaxe":286,"stat.useItem.minecraft.stone_sword":97,"stat.damageDealt":3238,"stat.pickup.variedcommodities.coin_gold":8,"stat.sleepInBed":7,"stat.pickup.chococraft.gysahl_green":12,"stat.mineBlock.minecraft.dirt":54,"stat.mineBlock.harvestcraft.pampear":1,"stat.walkOneCm":794334,"stat.useItem.minecraft.torch":13,"stat.mineBlock.ferdinandsflowers.block_cff_dark":4,"stat.drop.minecraft.wheat":3,"stat.pickup.of.coffee_bean":1,"stat.drop.minecraft.rotten_flesh":1,"stat.pickup.minecraft.crafting_table":4,"stat.pickup.minecraft.clay_ball":76,"stat.useItem.minecraft.cobblestone":15,"stat.useItem.minecraft.gravel":9,"stat.mineBlock.minecraft.double_plant":3,"stat.mineBlock.zawa.bamboo":1,"stat.pickup.minecraft.log":12,"stat.pickup.zawa.bamboo":1,"stat.pickup.minecraft.stone":25,"stat.useItem.rustic.olive_door":5,"stat.pickup.minecraft.sapling":2,"stat.useItem.cannibalism.playerflesh":3,"stat.pickup.minecraft.ladder":2,"stat.pickup.minecraft.apple":6,"stat.pickup.minecraft.gold_ingot":3,"stat.killEntity.Skeleton":1,"stat.mineBlock.minecraft.stonebrick":5,"stat.craftItem.minecraft.planks":56,"stat.craftItem.rustic.olive_door":6,"stat.pickup.cannibalism.playerflesh":25,"stat.pickup.minecraft.stone_sword":1,"stat.pickup.variedcommodities.coin_iron":10,"stat.mobKills":19,"stat.mineBlock.minecraft.log":12,"stat.mineBlock.minecraft.waterlily":3,"stat.mineBlock.minecraft.leaves":3,"stat.pickup.minecraft.torch":10,"stat.useItem.hempfarmer.regs_joint":37,"stat.pickup.minecraft.red_flower":3,"stat.sneakTime":5009,"stat.pickup.minecraft.wool":6,"stat.mineBlock.minecraft.hay_block":8,"stat.mineBlock.rustic.wind_thistle":1,"stat.mineBlock.minecraft.stone":240,"stat.pickup.minecraft.chest":1}