{"stat.walkOneCm":216010,"stat.craftItem.minecraft.bed":1,"stat.pickup.hempfarmer.leaf":1,"stat.drop.minecraft.wheat":3,"stat.pickup.of.coffee_bean":1,"stat.mineBlock.ferdinandsflowers.block_cff_flowersc":1,"stat.pickup.minecraft.crafting_table":4,"stat.mineBlock.minecraft.cobblestone":1,"stat.pickup.minecraft.clay_ball":76,"stat.pickup.minecraft.stonebrick":4,"stat.mineBlock.ferdinandsflowers.block_cff_flowersd":1,"stat.mineBlock.minecraft.double_plant":3,"stat.pickup.variedcommodities.coin_emerald":1,"stat.mineBlock.rustic.leaves":4,"stat.talkedToVillager":19,"stat.mineBlock.zawa.bamboo":1,"stat.useItem.minecraft.mutton":10,"stat.jump":628,"stat.swimOneCm":5387,"stat.fallOneCm":11637,"stat.climbOneCm":4049,"stat.pickup.zawa.bamboo":1,"stat.crouchOneCm":369,"stat.sprintOneCm":71380,"stat.killEntity.nightmares.spider":1,"stat.useItem.minecraft.stone_slab2":4,"stat.pickup.minecraft.ladder":2,"stat.craftItem.minecraft.stick":4,"stat.craftingTableInteraction":3,"stat.pickup.rustic.log":10,"stat.mineBlock.minecraft.stonebrick":5,"stat.pickup.treasure2.crate_chest_moldy":1,"stat.craftItem.minecraft.planks":4,"stat.useItem.minecraft.wheat_seeds":22,"stat.mineBlock.minecraft.log2":1,"stat.damageTaken":613,"stat.mineBlock.minecraft.crafting_table":4,"stat.pickup.zawa.ostritch_fern":1,"stat.mineBlock.minecraft.red_flower":3,"stat.craftItem.minecraft.stone_pickaxe":1,"stat.useItem.minecraft.wooden_pickaxe":10,"stat.pickup.variedcommodities.coin_diamond":2,"stat.useItem.minecraft.wheat":51,"stat.pickup.variedcommodities.coin_iron":10,"stat.mobKills":9,"stat.pickup.minecraft.cobblestone":5,"stat.mineBlock.treasure2.crate_chest_moldy":1,"stat.mineBlock.zawa.ostritch_fern":1,"stat.pickup.minecraft.log2":1,"stat.pickup.ferdinandsflowers.block_cff_fungus":1,"stat.flyOneCm":102311,"stat.pickup.minecraft.bed":1,"stat.pickup.minecraft.wheat_seeds":137,"stat.drop":3,"stat.playOneMinute":41214,"stat.mineBlock.rustic.log":10,"stat.pickup.mowziesmobs.glowing_jelly":2,"stat.killEntity.Sheep":6,"stat.pickup.minecraft.red_flower":1,"stat.sneakTime":101,"stat.pickup.minecraft.wool":6,"stat.damageDealt":759,"stat.pickup.variedcommodities.coin_gold":8,"stat.sleepInBed":1,"stat.pickup.zawa.care_guide":1,"stat.timeSinceDeath":41214,"stat.craftItem.rustic.planks":40,"stat.pickup.chococraft.gysahl_green":9,"stat.craftItem.minecraft.wooden_pickaxe":1,"stat.mineBlock.minecraft.stone":4,"stat.mineBlock.minecraft.tallgrass":26,"stat.diveOneCm":9400,"stat.pickup.minecraft.mutton":12,"stat.pickup.minecraft.wheat":137}