{"stat.walkOneCm":286310,"stat.craftItem.minecraft.bed":1,"stat.pickup.hempfarmer.leaf":1,"stat.drop.minecraft.wheat":3,"stat.pickup.of.coffee_bean":1,"stat.mineBlock.ferdinandsflowers.block_cff_flowersc":1,"stat.pickup.minecraft.crafting_table":4,"stat.mineBlock.minecraft.cobblestone":2,"stat.pickup.minecraft.clay_ball":76,"stat.pickup.minecraft.stonebrick":4,"stat.useItem.minecraft.cobblestone":5,"stat.mineBlock.ferdinandsflowers.block_cff_flowersd":1,"stat.mineBlock.minecraft.double_plant":3,"stat.pickup.variedcommodities.coin_emerald":1,"stat.mineBlock.rustic.leaves":4,"stat.talkedToVillager":34,"stat.mineBlock.zawa.bamboo":1,"stat.useItem.minecraft.mutton":10,"stat.jump":716,"stat.swimOneCm":8976,"stat.fallOneCm":12055,"stat.climbOneCm":4349,"stat.drop.minecraft.cobblestone":2,"stat.pickup.zawa.bamboo":1,"stat.pickup.minecraft.hay_block":8,"stat.pickup.minecraft.stone":3,"stat.crouchOneCm":546,"stat.pickup.minecraft.dirt":1,"stat.sprintOneCm":95266,"stat.killEntity.nightmares.spider":1,"stat.useItem.minecraft.stone_slab2":5,"stat.pickup.minecraft.ladder":2,"stat.craftItem.minecraft.stick":4,"stat.craftingTableInteraction":3,"stat.pickup.rustic.log":10,"stat.mineBlock.minecraft.stonebrick":5,"stat.pickup.treasure2.crate_chest_moldy":2,"stat.craftItem.minecraft.planks":4,"stat.useItem.minecraft.wheat_seeds":22,"stat.mineBlock.minecraft.log2":1,"stat.damageTaken":623,"stat.mineBlock.minecraft.crafting_table":4,"stat.pickup.zawa.ostritch_fern":1,"stat.mineBlock.minecraft.red_flower":3,"stat.craftItem.minecraft.stone_pickaxe":1,"stat.useItem.minecraft.wooden_pickaxe":13,"stat.pickup.variedcommodities.coin_diamond":2,"stat.useItem.minecraft.wheat":58,"stat.pickup.variedcommodities.coin_iron":10,"stat.mobKills":9,"stat.pickup.minecraft.cobblestone":22,"stat.mineBlock.treasure2.crate_chest_moldy":2,"stat.mineBlock.zawa.ostritch_fern":1,"stat.pickup.minecraft.log2":1,"stat.pickup.ferdinandsflowers.block_cff_fungus":1,"stat.flyOneCm":108783,"stat.pickup.minecraft.bed":1,"stat.pickup.minecraft.wheat_seeds":151,"stat.drop":5,"stat.playOneMinute":53814,"stat.mineBlock.rustic.log":10,"stat.pickup.mowziesmobs.glowing_jelly":2,"stat.killEntity.Sheep":6,"stat.useItem.minecraft.stone_pickaxe":17,"stat.pickup.minecraft.red_flower":1,"stat.sneakTime":152,"stat.pickup.minecraft.wool":6,"stat.damageDealt":759,"stat.pickup.variedcommodities.coin_gold":8,"stat.sleepInBed":2,"stat.pickup.zawa.care_guide":1,"stat.timeSinceDeath":53814,"stat.mineBlock.minecraft.hay_block":8,"stat.craftItem.rustic.planks":40,"stat.pickup.chococraft.gysahl_green":9,"stat.mineBlock.minecraft.dirt":1,"stat.craftItem.minecraft.wooden_pickaxe":1,"stat.mineBlock.minecraft.stone":23,"stat.mineBlock.minecraft.tallgrass":26,"stat.diveOneCm":15129,"stat.pickup.minecraft.mutton":12,"stat.pickup.minecraft.wheat":157}