{
  "minecraft:recipes/tools/fishing_rod": {
    "criteria": {
      "has_string": "2024-07-04 16:38:58 +0000"
    },
    "done": true
  },
  "minecraft:recipes/decorations/purple_stained_glass_pane": {
    "criteria": {
      "has_glass": "2024-06-30 11:08:10 +0000"
    },
    "done": true
  },
  "minecraft:recipes/building_blocks/black_stained_glass": {
    "criteria": {
      "has_glass": "2024-06-30 11:08:10 +0000"
    },
    "done": true
  },
  "minecraft:recipes/building_blocks/red_stained_hardened_clay": {
    "criteria": {
      "has_hardened_clay": "2024-07-07 20:44:46 +0000"
    },
    "done": true
  },
  "minecraft:recipes/redstone/lever": {
    "criteria": {
      "has_cobblestone": "2024-06-28 14:30:47 +0000"
    },
    "done": true
  },
  "tombstone:tutorial/first_knowledge": {
    "criteria": {
      "coded_trigger": "2024-07-03 15:25:35 +0000"
    },
    "done": true
  },
  "minecraft:recipes/combat/iron_sword": {
    "criteria": {
      "has_iron_ingot": "2024-06-28 16:23:03 +0000"
    },
    "done": true
  },
  "minecraft:recipes/redstone/observer": {
    "criteria": {
      "has_quartz": "2024-06-30 10:48:13 +0000"
    },
    "done": true
  },
  "minecraft:recipes/redstone/spruce_door": {
    "criteria": {
      "has_planks": "2024-06-28 15:24:28 +0000"
    },
    "done": true
  },
  "minecraft:recipes/building_blocks/snow": {
    "criteria": {
      "has_snowball": "2024-06-28 16:22:38 +0000"
    },
    "done": true
  },
  "minecraft:recipes/building_blocks/lime_concrete_powder": {
    "criteria": {
      "has_sand": "2024-06-30 10:33:34 +0000"
    },
    "done": true
  },
  "minecraft:recipes/building_blocks/nether_brick_slab": {
    "criteria": {
      "has_nether_brick": "2024-06-28 22:44:38 +0000"
    },
    "done": true
  },
  "minecraft:recipes/tools/iron_pickaxe": {
    "criteria": {
      "has_iron_ingot": "2024-06-28 16:23:03 +0000"
    },
    "done": true
  },
  "minecraft:recipes/building_blocks/gray_stained_glass": {
    "criteria": {
      "has_glass": "2024-06-30 11:08:10 +0000"
    },
    "done": true
  },
  "minecraft:recipes/redstone/spruce_fence_gate": {
    "criteria": {
      "has_planks": "2024-06-28 15:24:28 +0000"
    },
    "done": true
  },
  "minecraft:recipes/building_blocks/yellow_concrete_powder": {
    "criteria": {
      "has_sand": "2024-06-30 10:33:34 +0000"
    },
    "done": true
  },
  "minecraft:recipes/misc/pumpkin_seeds": {
    "criteria": {
      "has_pumpkin": "2024-06-28 16:22:12 +0000"
    },
    "done": true
  },
  "minecraft:recipes/combat/leather_helmet": {
    "criteria": {
      "has_leather": "2024-07-03 15:25:47 +0000"
    },
    "done": true
  },
  "minecraft:recipes/decorations/crafting_table": {
    "criteria": {
      "has_planks": "2024-06-28 14:30:46 +0000"
    },
    "done": true
  },
  "minecraft:recipes/building_blocks/magenta_wool": {
    "criteria": {
      "has_white_wool": "2024-06-28 19:57:10 +0000"
    },
    "done": true
  },
  "minecraft:recipes/building_blocks/purple_stained_glass": {
    "criteria": {
      "has_glass": "2024-06-30 11:08:10 +0000"
    },
    "done": true
  },
  "minecraft:recipes/decorations/ladder": {
    "criteria": {
      "has_stick": "2024-06-30 10:02:55 +0000"
    },
    "done": true
  },
  "minecraft:recipes/building_blocks/black_stained_hardened_clay": {
    "criteria": {
      "has_hardened_clay": "2024-07-07 20:44:46 +0000"
    },
    "done": true
  },
  "minecraft:recipes/decorations/chest": {
    "criteria": {
      "has_lots_of_items": "2024-06-28 14:37:26 +0000"
    },
    "done": true
  },
  "minecraft:recipes/combat/golden_sword": {
    "criteria": {
      "has_gold_ingot": "2024-06-29 08:05:01 +0000"
    },
    "done": true
  },
  "minecraft:recipes/building_blocks/white_stained_hardened_clay": {
    "criteria": {
      "has_hardened_clay": "2024-07-07 20:44:46 +0000"
    },
    "done": true
  },
  "minecraft:recipes/decorations/magenta_stained_glass_pane": {
    "criteria": {
      "has_glass": "2024-06-30 11:08:10 +0000"
    },
    "done": true
  },
  "minecraft:recipes/building_blocks/red_sandstone": {
    "criteria": {
      "has_sand": "2024-07-07 21:00:07 +0000"
    },
    "done": true
  },
  "minecraft:recipes/tools/wooden_shovel": {
    "criteria": {
      "has_stick": "2024-06-30 10:02:55 +0000"
    },
    "done": true
  },
  "minecraft:recipes/decorations/torch": {
    "criteria": {
      "has_stone_pickaxe": "2024-07-03 14:33:14 +0000"
    },
    "done": true
  },
  "casinocraft:recipes/arcade_base_gray": {
    "criteria": {
      "has_quartz": "2024-06-30 10:48:13 +0000"
    },
    "done": true
  },
  "minecraft:recipes/tools/shears": {
    "criteria": {
      "has_iron_ingot": "2024-06-28 16:23:03 +0000"
    },
    "done": true
  },
  "minecraft:recipes/building_blocks/lime_stained_hardened_clay": {
    "criteria": {
      "has_hardened_clay": "2024-07-07 20:44:46 +0000"
    },
    "done": true
  },
  "minecraft:recipes/misc/stick": {
    "criteria": {
      "has_planks": "2024-06-28 14:30:46 +0000"
    },
    "done": true
  },
  "casinocraft:recipes/cardtable_base_black": {
    "criteria": {
      "has_wool": "2024-06-29 11:17:41 +0000"
    },
    "done": true
  },
  "casinocraft:recipes/module_clay_minesweeper": {
    "criteria": {
      "has_clay": "2024-07-03 14:29:28 +0000"
    },
    "done": true
  },
  "casinocraft:recipes/module_clay_memory": {
    "criteria": {
      "has_clay": "2024-07-03 14:29:28 +0000"
    },
    "done": true
  },
  "minecraft:recipes/redstone/dispenser": {
    "criteria": {
      "has_bow": "2024-07-03 17:03:54 +0000"
    },
    "done": true
  },
  "minecraft:recipes/misc/pink_dye_from_red_bonemeal": {
    "criteria": {
      "has_bonemeal": "2024-07-04 17:08:26 +0000"
    },
    "done": true
  },
  "minecraft:recipes/building_blocks/emerald_block": {
    "criteria": {
      "has_at_least_9_emerald": "2024-06-28 15:58:18 +0000"
    },
    "done": true
  },
  "minecraft:recipes/building_blocks/dark_oak_planks": {
    "criteria": {
      "has_log2": "2024-07-03 14:34:07 +0000"
    },
    "done": true
  },
  "minecraft:recipes/food/cake": {
    "criteria": {
      "has_egg": "2024-07-07 19:59:05 +0000"
    },
    "done": true
  },
  "minecraft:recipes/combat/iron_leggings": {
    "criteria": {
      "has_iron_ingot": "2024-06-28 16:23:03 +0000"
    },
    "done": true
  },
  "minecraft:recipes/redstone/dark_oak_door": {
    "criteria": {
      "has_planks": "2024-06-28 21:56:37 +0000"
    },
    "done": true
  },
  "minecraft:recipes/building_blocks/sandstone_stairs": {
    "criteria": {
      "has_sandstone": "2024-07-03 20:56:35 +0000"
    },
    "done": true
  },
  "minecraft:recipes/brewing/golden_carrot": {
    "criteria": {
      "has_gold_nugget": "2024-07-07 20:16:48 +0000"
    },
    "done": true
  },
  "minecraft:recipes/combat/shield": {
    "criteria": {
      "has_iron_ingot": "2024-06-28 16:23:03 +0000"
    },
    "done": true
  },
  "ferdinandsflowers:recipes/misc/b12_dark_magenta_dye_mallow": {
    "criteria": {
      "has_dark_magenta_mallow": "2024-06-28 19:20:19 +0000"
    },
    "done": true
  },
  "minecraft:recipes/building_blocks/cobblestone_slab": {
    "criteria": {
      "has_cobblestone": "2024-06-28 14:30:47 +0000"
    },
    "done": true
  },
  "cfm:bathroom": {
    "criteria": {
      "get_bathroom_furniture": "2024-06-28 23:32:47 +0000"
    },
    "done": true
  },
  "minecraft:recipes/misc/iron_ingot_from_block": {
    "criteria": {
      "has_iron_block": "2024-06-28 16:22:03 +0000"
    },
    "done": true
  },
  "minecraft:recipes/redstone/hopper": {
    "criteria": {
      "has_iron_ingot": "2024-06-28 16:23:03 +0000"
    },
    "done": true
  },
  "minecraft:recipes/building_blocks/coarse_dirt": {
    "criteria": {
      "has_gravel": "2024-07-03 21:13:16 +0000"
    },
    "done": true
  },
  "minecraft:adventure/summon_iron_golem": {
    "criteria": {
      "summoned_golem": "2024-06-28 16:22:29 +0000"
    },
    "done": true
  },
  "casinocraft:recipes/module_stone_columns": {
    "criteria": {
      "has_redstone": "2024-06-29 11:08:05 +0000"
    },
    "done": true
  },
  "minecraft:recipes/redstone/fence_gate": {
    "criteria": {
      "has_planks": "2024-06-28 14:30:46 +0000"
    },
    "done": true
  },
  "casinocraft:recipes/module_stone_snake": {
    "criteria": {
      "has_redstone": "2024-06-29 11:08:05 +0000"
    },
    "done": true
  },
  "minecraft:recipes/building_blocks/light_gray_concrete_powder": {
    "criteria": {
      "has_sand": "2024-06-30 10:33:34 +0000"
    },
    "done": true
  },
  "minecraft:recipes/misc/lime_dye": {
    "criteria": {
      "has_bonemeal": "2024-07-04 17:08:26 +0000"
    },
    "done": true
  },
  "ferdinandsflowers:recipes/misc/b4_dark_blue_dye_lobelia": {
    "criteria": {
      "has_dark_blue_lobelia": "2024-07-07 19:29:53 +0000"
    },
    "done": true
  },
  "cfm:house_party": {
    "criteria": {
      "stereo_activated": "2024-06-28 23:33:35 +0000"
    },
    "done": true
  },
  "minecraft:recipes/combat/leather_leggings": {
    "criteria": {
      "has_leather": "2024-07-03 15:25:47 +0000"
    },
    "done": true
  },
  "minecraft:recipes/building_blocks/pink_concrete_powder": {
    "criteria": {
      "has_sand": "2024-06-30 10:33:34 +0000"
    },
    "done": true
  },
  "minecraft:recipes/building_blocks/sandstone_slab": {
    "criteria": {
      "has_sandstone": "2024-07-03 20:56:35 +0000"
    },
    "done": true
  },
  "minecraft:recipes/building_blocks/yellow_stained_glass": {
    "criteria": {
      "has_glass": "2024-06-30 11:08:10 +0000"
    },
    "done": true
  },
  "of:main/coffee_table": {
    "criteria": {
      "hold_manual": "2024-06-28 15:51:23 +0000"
    },
    "done": true
  },
  "minecraft:recipes/decorations/magenta_bed_from_white_bed": {
    "criteria": {
      "has_bed": "2024-06-30 21:21:21 +0000"
    },
    "done": true
  },
  "minecraft:recipes/decorations/iron_bars": {
    "criteria": {
      "has_iron_ingot": "2024-06-28 16:23:03 +0000"
    },
    "done": true
  },
  "minecraft:recipes/misc/sugar": {
    "criteria": {
      "has_reeds": "2024-07-03 14:32:05 +0000"
    },
    "done": true
  },
  "minecraft:recipes/building_blocks/blue_wool": {
    "criteria": {
      "has_white_wool": "2024-06-28 19:57:10 +0000"
    },
    "done": true
  },
  "minecraft:story/obtain_armor": {
    "criteria": {
      "iron_boots": "2024-07-03 14:45:41 +0000",
      "iron_leggings": "2024-07-03 14:45:41 +0000"
    },
    "done": true
  },
  "minecraft:recipes/redstone/comparator": {
    "criteria": {
      "has_quartz": "2024-06-30 10:48:13 +0000"
    },
    "done": true
  },
  "cfm:gardening": {
    "criteria": {
      "get_outdoor_furniture": "2024-06-28 23:36:23 +0000"
    },
    "done": true
  },
  "casinocraft:recipes/cardtable_base_lightblue": {
    "criteria": {
      "has_wool": "2024-06-29 07:59:43 +0000"
    },
    "done": true
  },
  "casinocraft:recipes/cardtable_base_red": {
    "criteria": {
      "has_wool": "2024-06-29 08:46:41 +0000"
    },
    "done": true
  },
  "minecraft:recipes/brewing/cauldron": {
    "criteria": {
      "has_water_bucket": "2024-06-28 14:58:37 +0000"
    },
    "done": true
  },
  "minecraft:recipes/combat/diamond_leggings": {
    "criteria": {
      "has_diamond": "2024-06-28 16:30:42 +0000"
    },
    "done": true
  },
  "minecraft:recipes/decorations/gray_stained_glass_pane": {
    "criteria": {
      "has_glass": "2024-06-30 11:08:10 +0000"
    },
    "done": true
  },
  "ferdinandsflowers:recipes/misc/1b_red_dye_clover": {
    "criteria": {
      "has_red_clover": "2024-07-03 21:10:54 +0000"
    },
    "done": true
  },
  "minecraft:recipes/decorations/armor_stand": {
    "criteria": {
      "has_stone_slab": "2024-07-07 21:07:10 +0000"
    },
    "done": true
  },
  "minecraft:recipes/building_blocks/sandstone": {
    "criteria": {
      "has_sand": "2024-06-30 10:33:34 +0000"
    },
    "done": true
  },
  "minecraft:recipes/building_blocks/red_stained_glass": {
    "criteria": {
      "has_glass": "2024-06-30 11:08:10 +0000"
    },
    "done": true
  },
  "minecraft:adventure/sleep_in_bed": {
    "criteria": {
      "slept_in_bed": "2024-07-03 14:17:51 +0000"
    },
    "done": true
  },
  "minecraft:recipes/building_blocks/spruce_planks": {
    "criteria": {
      "has_log": "2024-06-28 21:34:47 +0000"
    },
    "done": true
  },
  "tombstone:tutorial/enchant_grave_key": {
    "criteria": {
      "has_upgraded_grave_key": "2024-07-04 17:07:29 +0000"
    },
    "done": true
  },
  "minecraft:story/lava_bucket": {
    "criteria": {
      "lava_bucket": "2024-07-07 19:47:16 +0000"
    },
    "done": true
  },
  "casinocraft:recipes/cardtable_wide_red": {
    "criteria": {
      "has_cardtable_base_red": "2024-06-28 21:12:26 +0000"
    },
    "done": true
  },
  "minecraft:recipes/building_blocks/oak_stairs": {
    "criteria": {
      "has_planks": "2024-06-28 14:30:46 +0000"
    },
    "done": true
  },
  "minecraft:recipes/building_blocks/quartz_stairs": {
    "criteria": {
      "has_quartz_block": "2024-06-28 23:26:09 +0000"
    },
    "done": true
  },
  "minecraft:recipes/decorations/red_carpet": {
    "criteria": {
      "has_red_wool": "2024-06-29 08:46:41 +0000"
    },
    "done": true
  },
  "minecraft:recipes/transportation/acacia_boat": {
    "criteria": {
      "entered_water": "2024-06-28 14:30:57 +0000"
    },
    "done": true
  },
  "casinocraft:recipes/module_clay_mysticsquare": {
    "criteria": {
      "has_clay": "2024-07-03 14:29:28 +0000"
    },
    "done": true
  },
  "minecraft:recipes/redstone/iron_trapdoor": {
    "criteria": {
      "has_iron_ingot": "2024-06-28 16:23:03 +0000"
    },
    "done": true
  },
  "minecraft:adventure/root": {
    "criteria": {
      "killed_something": "2024-06-28 14:30:07 +0000"
    },
    "done": true
  },
  "minecraft:recipes/decorations/black_bed": {
    "criteria": {
      "has_black_wool": "2024-06-29 11:17:41 +0000"
    },
    "done": true
  },
  "thebetweenlands:craftsman/efficiency": {
    "criteria": {
      "dual_furnace": "2024-06-28 22:16:47 +0000"
    },
    "done": true
  },
  "minecraft:recipes/decorations/gray_bed_from_white_bed": {
    "criteria": {
      "has_bed": "2024-06-30 21:21:21 +0000"
    },
    "done": true
  },
  "minecraft:recipes/building_blocks/white_concrete_powder": {
    "criteria": {
      "has_sand": "2024-06-30 10:33:34 +0000"
    },
    "done": true
  },
  "minecraft:recipes/tools/diamond_pickaxe": {
    "criteria": {
      "has_diamond": "2024-06-28 16:30:42 +0000"
    },
    "done": true
  },
  "minecraft:adventure/kill_all_mobs": {
    "criteria": {
      "zombie_villager": "2024-07-03 16:36:58 +0000",
      "skeleton": "2024-07-03 15:47:01 +0000",
      "zombie": "2024-06-30 09:13:09 +0000",
      "witch": "2024-07-03 15:07:36 +0000",
      "spider": "2024-06-30 09:38:52 +0000",
      "creeper": "2024-06-28 19:19:04 +0000",
      "enderman": "2024-06-28 15:59:16 +0000"
    },
    "done": false
  },
  "minecraft:recipes/misc/ender_eye": {
    "criteria": {
      "has_blaze_powder": "2024-07-04 17:40:30 +0000"
    },
    "done": true
  },
  "cfm:tapped": {
    "criteria": {
      "place_tap": "2024-06-28 23:39:26 +0000"
    },
    "done": true
  },
  "minecraft:recipes/decorations/yellow_banner": {
    "criteria": {
      "has_yellow_wool": "2024-06-29 07:59:40 +0000"
    },
    "done": true
  },
  "minecraft:recipes/redstone/redstone_block": {
    "criteria": {
      "has_at_least_9_redstone": "2024-07-03 16:50:04 +0000"
    },
    "done": true
  },
  "minecraft:recipes/building_blocks/lime_stained_glass": {
    "criteria": {
      "has_glass": "2024-06-30 11:08:10 +0000"
    },
    "done": true
  },
  "minecraft:recipes/decorations/pink_bed_from_white_bed": {
    "criteria": {
      "has_bed": "2024-06-30 21:21:21 +0000"
    },
    "done": true
  },
  "minecraft:recipes/decorations/pink_stained_glass_pane": {
    "criteria": {
      "has_glass": "2024-06-30 11:08:10 +0000"
    },
    "done": true
  },
  "minecraft:recipes/redstone/dark_oak_fence_gate": {
    "criteria": {
      "has_planks": "2024-06-28 21:56:37 +0000"
    },
    "done": true
  },
  "minecraft:recipes/building_blocks/green_stained_hardened_clay": {
    "criteria": {
      "has_hardened_clay": "2024-07-07 20:44:46 +0000"
    },
    "done": true
  },
  "minecraft:recipes/building_blocks/gray_stained_hardened_clay": {
    "criteria": {
      "has_hardened_clay": "2024-07-07 20:44:46 +0000"
    },
    "done": true
  },
  "casinocraft:recipes/arcade_base_yellow": {
    "criteria": {
      "has_quartz": "2024-06-30 10:48:13 +0000"
    },
    "done": true
  },
  "minecraft:recipes/decorations/yellow_bed": {
    "criteria": {
      "has_yellow_wool": "2024-06-29 07:59:40 +0000"
    },
    "done": true
  },
  "tombstone:tutorial/create_strange_scroll": {
    "criteria": {
      "has_strange_scroll": "2024-07-03 15:25:35 +0000"
    },
    "done": true
  },
  "casinocraft:recipes/module_clay_sudoku": {
    "criteria": {
      "has_clay": "2024-07-03 14:29:28 +0000"
    },
    "done": true
  },
  "minecraft:recipes/building_blocks/light_blue_stained_glass": {
    "criteria": {
      "has_glass": "2024-06-30 11:08:10 +0000"
    },
    "done": true
  },
  "cfm:place_tree": {
    "criteria": {
      "place_tree": "2024-06-28 23:34:07 +0000"
    },
    "done": true
  },
  "minecraft:recipes/building_blocks/orange_concrete_powder": {
    "criteria": {
      "has_sand": "2024-06-30 10:33:34 +0000"
    },
    "done": true
  },
  "minecraft:recipes/decorations/blue_stained_glass_pane": {
    "criteria": {
      "has_glass": "2024-06-30 11:08:10 +0000"
    },
    "done": true
  },
  "casinocraft:recipes/module_stone_2048": {
    "criteria": {
      "has_redstone": "2024-06-29 11:08:05 +0000"
    },
    "done": true
  },
  "wolfarmor:recipes/combat/gold_wolf_armor": {
    "criteria": {
      "has_the_item": "2024-07-07 20:26:20 +0000"
    },
    "done": true
  },
  "of:main/coffee_bean": {
    "criteria": {
      "hold_manual": "2024-06-28 19:20:25 +0000"
    },
    "done": true
  },
  "minecraft:recipes/misc/cyan_dye": {
    "criteria": {
      "has_lapis": "2024-07-03 16:49:37 +0000"
    },
    "done": true
  },
  "minecraft:recipes/building_blocks/black_wool": {
    "criteria": {
      "has_white_wool": "2024-06-28 19:57:10 +0000"
    },
    "done": true
  },
  "minecraft:recipes/combat/golden_chestplate": {
    "criteria": {
      "has_gold_ingot": "2024-06-29 08:05:01 +0000"
    },
    "done": true
  },
  "minecraft:recipes/building_blocks/yellow_stained_hardened_clay": {
    "criteria": {
      "has_hardened_clay": "2024-07-07 20:44:46 +0000"
    },
    "done": true
  },
  "minecraft:recipes/misc/magenta_dye_from_lapis_red_pink": {
    "criteria": {
      "has_lapis": "2024-07-03 16:49:37 +0000"
    },
    "done": true
  },
  "minecraft:recipes/brewing/glass_bottle": {
    "criteria": {
      "has_glass": "2024-06-30 11:08:10 +0000"
    },
    "done": true
  },
  "treasure2:recipes/thiefs_lock_pick": {
    "criteria": {
      "has_iron_ingot": "2024-06-28 16:23:03 +0000"
    },
    "done": true
  },
  "casinocraft:recipes/arcade_base_silver": {
    "criteria": {
      "has_quartz": "2024-06-30 10:48:13 +0000"
    },
    "done": true
  },
  "minecraft:recipes/decorations/light_blue_stained_glass_pane": {
    "criteria": {
      "has_glass": "2024-06-30 11:08:10 +0000"
    },
    "done": true
  },
  "tombstone:tutorial/find_grave_dust": {
    "criteria": {
      "has_grave_dust": "2024-06-29 08:14:37 +0000"
    },
    "done": true
  },
  "minecraft:recipes/misc/light_gray_dye_from_gray_bonemeal": {
    "criteria": {
      "has_gray_dye": "2024-06-29 08:07:25 +0000"
    },
    "done": true
  },
  "minecraft:recipes/building_blocks/iron_block": {
    "criteria": {
      "has_at_least_9_iron_ingot": "2024-07-03 15:27:15 +0000"
    },
    "done": true
  },
  "minecraft:recipes/building_blocks/quartz_slab": {
    "criteria": {
      "has_quartz_block": "2024-06-28 23:26:09 +0000"
    },
    "done": true
  },
  "cfm:privacy": {
    "criteria": {
      "get_blinds_or_curtains": "2024-06-28 23:41:52 +0000"
    },
    "done": true
  },
  "minecraft:recipes/redstone/wooden_pressure_plate": {
    "criteria": {
      "has_planks": "2024-06-28 14:30:46 +0000"
    },
    "done": true
  },
  "treasure2:recipes/treasure_tool": {
    "criteria": {
      "has_iron_ingot": "2024-06-28 16:23:03 +0000"
    },
    "done": true
  },
  "of:main/blinking_door_garland": {
    "criteria": {
      "hold_manual": "2024-06-28 23:49:27 +0000"
    },
    "done": true
  },
  "minecraft:recipes/building_blocks/clay": {
    "criteria": {
      "has_clay_ball": "2024-07-03 14:29:28 +0000"
    },
    "done": true
  },
  "minecraft:recipes/building_blocks/green_stained_glass": {
    "criteria": {
      "has_glass": "2024-06-30 11:08:10 +0000"
    },
    "done": true
  },
  "minecraft:story/deflect_arrow": {
    "criteria": {
      "deflected_projectile": "2024-07-07 20:48:53 +0000"
    },
    "done": true
  },
  "minecraft:recipes/building_blocks/light_blue_wool": {
    "criteria": {
      "has_white_wool": "2024-06-28 19:57:10 +0000"
    },
    "done": true
  },
  "minecraft:recipes/redstone/wooden_button": {
    "criteria": {
      "has_planks": "2024-06-28 14:30:46 +0000"
    },
    "done": true
  },
  "minecraft:recipes/combat/wooden_sword": {
    "criteria": {
      "has_stick": "2024-06-30 10:02:55 +0000"
    },
    "done": true
  },
  "minecraft:recipes/building_blocks/oak_planks": {
    "criteria": {
      "has_log": "2024-06-28 15:10:26 +0000"
    },
    "done": true
  },
  "minecraft:recipes/decorations/light_blue_carpet": {
    "criteria": {
      "has_light_blue_wool": "2024-06-29 07:59:43 +0000"
    },
    "done": true
  },
  "minecraft:recipes/building_blocks/gray_concrete_powder": {
    "criteria": {
      "has_sand": "2024-06-30 10:33:34 +0000"
    },
    "done": true
  },
  "of:main/safe": {
    "criteria": {
      "hold_manual": "2024-06-28 23:31:02 +0000"
    },
    "done": true
  },
  "minecraft:recipes/building_blocks/bookshelf": {
    "criteria": {
      "has_book": "2024-06-28 21:13:11 +0000"
    },
    "done": true
  },
  "minecraft:recipes/decorations/fence": {
    "criteria": {
      "has_planks": "2024-06-28 14:30:46 +0000"
    },
    "done": true
  },
  "minecraft:recipes/tools/golden_axe": {
    "criteria": {
      "has_gold_ingot": "2024-06-29 08:05:01 +0000"
    },
    "done": true
  },
  "minecraft:recipes/tools/iron_axe": {
    "criteria": {
      "has_iron_ingot": "2024-06-28 16:23:03 +0000"
    },
    "done": true
  },
  "minecraft:recipes/building_blocks/glowstone": {
    "criteria": {
      "has_glowstone_dust": "2024-06-30 10:47:57 +0000"
    },
    "done": true
  },
  "minecraft:recipes/building_blocks/jungle_planks": {
    "criteria": {
      "has_log": "2024-06-30 11:18:10 +0000"
    },
    "done": true
  },
  "minecraft:recipes/decorations/black_banner": {
    "criteria": {
      "has_black_wool": "2024-06-29 11:17:41 +0000"
    },
    "done": true
  },
  "minecraft:recipes/decorations/red_banner": {
    "criteria": {
      "has_red_wool": "2024-06-29 08:46:41 +0000"
    },
    "done": true
  },
  "minecraft:recipes/redstone/tripwire_hook": {
    "criteria": {
      "has_string": "2024-07-04 16:38:58 +0000"
    },
    "done": true
  },
  "minecraft:recipes/building_blocks/dark_oak_wooden_slab": {
    "criteria": {
      "has_planks": "2024-06-28 21:56:37 +0000"
    },
    "done": true
  },
  "minecraft:recipes/combat/iron_boots": {
    "criteria": {
      "has_iron_ingot": "2024-06-28 16:23:03 +0000"
    },
    "done": true
  },
  "minecraft:recipes/building_blocks/chiseled_quartz_block": {
    "criteria": {
      "has_quartz_block": "2024-06-28 23:26:09 +0000"
    },
    "done": true
  },
  "minecraft:recipes/building_blocks/blue_stained_hardened_clay": {
    "criteria": {
      "has_hardened_clay": "2024-07-07 20:44:46 +0000"
    },
    "done": true
  },
  "minecraft:recipes/building_blocks/birch_planks": {
    "criteria": {
      "has_log": "2024-07-03 16:31:44 +0000"
    },
    "done": true
  },
  "minecraft:recipes/misc/bone_meal_from_bone": {
    "criteria": {
      "has_bone": "2024-07-03 15:47:01 +0000"
    },
    "done": true
  },
  "minecraft:recipes/building_blocks/black_concrete_powder": {
    "criteria": {
      "has_sand": "2024-06-30 10:33:34 +0000"
    },
    "done": true
  },
  "minecraft:story/iron_tools": {
    "criteria": {
      "iron_pickaxe": "2024-07-03 15:28:52 +0000"
    },
    "done": true
  },
  "cfm:modern_technology": {
    "criteria": {
      "placed_computer": "2024-06-28 15:57:39 +0000"
    },
    "done": true
  },
  "minecraft:recipes/building_blocks/spruce_wooden_slab": {
    "criteria": {
      "has_planks": "2024-06-28 15:24:28 +0000"
    },
    "done": true
  },
  "minecraft:recipes/redstone/birch_fence_gate": {
    "criteria": {
      "has_planks": "2024-06-28 15:27:46 +0000"
    },
    "done": true
  },
  "ferdinandsflowers:recipes/misc/b9b_purple_magenta_dye_salvia": {
    "criteria": {
      "has_purple_magenta_salvia": "2024-06-28 19:20:20 +0000"
    },
    "done": true
  },
  "minecraft:recipes/redstone/stone_button": {
    "criteria": {
      "has_stone": "2024-06-28 14:42:07 +0000"
    },
    "done": true
  },
  "casinocraft:recipes/arcade_base_cyan": {
    "criteria": {
      "has_quartz": "2024-06-30 10:48:13 +0000"
    },
    "done": true
  },
  "minecraft:recipes/combat/iron_chestplate": {
    "criteria": {
      "has_iron_ingot": "2024-06-28 16:23:03 +0000"
    },
    "done": true
  },
  "minecraft:recipes/building_blocks/yellow_wool": {
    "criteria": {
      "has_white_wool": "2024-06-28 19:57:10 +0000"
    },
    "done": true
  },
  "casinocraft:recipes/arcade_base_black": {
    "criteria": {
      "has_quartz": "2024-06-30 10:48:13 +0000"
    },
    "done": true
  },
  "minecraft:recipes/redstone/noteblock": {
    "criteria": {
      "has_redstone": "2024-06-29 11:08:05 +0000"
    },
    "done": true
  },
  "minecraft:recipes/building_blocks/red_concrete_powder": {
    "criteria": {
      "has_sand": "2024-06-30 10:33:34 +0000"
    },
    "done": true
  },
  "minecraft:recipes/decorations/light_blue_bed_from_white_bed": {
    "criteria": {
      "has_bed": "2024-06-30 21:21:21 +0000"
    },
    "done": true
  },
  "tombstone:tutorial/root": {
    "criteria": {
      "auto": "2024-06-28 14:29:25 +0000"
    },
    "done": true
  },
  "minecraft:adventure/kill_a_mob": {
    "criteria": {
      "enderman": "2024-06-28 15:59:16 +0000"
    },
    "done": true
  },
  "minecraft:recipes/tools/golden_pickaxe": {
    "criteria": {
      "has_gold_ingot": "2024-06-29 08:05:01 +0000"
    },
    "done": true
  },
  "casinocraft:recipes/arcade_base_orange": {
    "criteria": {
      "has_quartz": "2024-06-30 10:48:13 +0000"
    },
    "done": true
  },
  "minecraft:recipes/brewing/magma_cream": {
    "criteria": {
      "has_blaze_powder": "2024-07-04 17:40:30 +0000"
    },
    "done": true
  },
  "minecraft:recipes/misc/gray_dye": {
    "criteria": {
      "has_bonemeal": "2024-07-04 17:08:26 +0000"
    },
    "done": true
  },
  "minecraft:adventure/adventuring_time": {
    "criteria": {
      "forest": "2024-07-03 16:16:55 +0000",
      "mesa_rock": "2024-07-03 16:52:38 +0000",
      "swampland": "2024-06-28 16:24:43 +0000",
      "deep_ocean": "2024-06-28 15:15:35 +0000",
      "beaches": "2024-06-28 14:31:03 +0000",
      "extreme_hills_with_trees": "2024-07-06 15:07:46 +0000",
      "desert_hills": "2024-07-04 19:26:36 +0000",
      "mesa": "2024-07-03 16:52:31 +0000",
      "forest_hills": "2024-07-03 16:17:34 +0000",
      "plains": "2024-07-03 14:46:10 +0000",
      "savanna": "2024-07-04 19:21:30 +0000",
      "jungle_edge": "2024-07-04 19:26:57 +0000",
      "jungle_hills": "2024-07-06 15:06:01 +0000",
      "savanna_rock": "2024-07-04 19:21:44 +0000",
      "ocean": "2024-06-28 14:30:20 +0000",
      "extreme_hills": "2024-07-06 11:31:01 +0000",
      "roofed_forest": "2024-06-28 14:33:15 +0000",
      "river": "2024-06-28 14:30:19 +0000",
      "jungle": "2024-07-04 19:29:52 +0000",
      "desert": "2024-07-03 16:58:13 +0000",
      "stone_beach": "2024-07-07 20:19:32 +0000"
    },
    "done": false
  },
  "minecraft:recipes/building_blocks/birch_wooden_slab": {
    "criteria": {
      "has_planks": "2024-06-28 15:27:46 +0000"
    },
    "done": true
  },
  "minecraft:recipes/decorations/purple_bed_from_white_bed": {
    "criteria": {
      "has_bed": "2024-06-30 21:21:21 +0000"
    },
    "done": true
  },
  "minecraft:recipes/combat/stone_sword": {
    "criteria": {
      "has_cobblestone": "2024-06-28 14:30:47 +0000"
    },
    "done": true
  },
  "minecraft:recipes/decorations/cobblestone_wall": {
    "criteria": {
      "has_cobblestone": "2024-06-28 14:30:47 +0000"
    },
    "done": true
  },
  "minecraft:recipes/decorations/light_blue_banner": {
    "criteria": {
      "has_light_blue_wool": "2024-06-29 07:59:43 +0000"
    },
    "done": true
  },
  "minecraft:recipes/brewing/fermented_spider_eye": {
    "criteria": {
      "has_spider_eye": "2024-07-04 18:25:17 +0000"
    },
    "done": true
  },
  "minecraft:recipes/tools/stone_pickaxe": {
    "criteria": {
      "has_cobblestone": "2024-06-28 14:30:47 +0000"
    },
    "done": true
  },
  "minecraft:recipes/building_blocks/orange_stained_hardened_clay": {
    "criteria": {
      "has_hardened_clay": "2024-07-07 20:44:46 +0000"
    },
    "done": true
  },
  "minecraft:recipes/redstone/stone_pressure_plate": {
    "criteria": {
      "has_stone": "2024-06-28 14:42:07 +0000"
    },
    "done": true
  },
  "minecraft:husbandry/plant_seed": {
    "criteria": {
      "wheat": "2024-06-28 20:26:07 +0000"
    },
    "done": true
  },
  "minecraft:recipes/building_blocks/brown_stained_glass": {
    "criteria": {
      "has_glass": "2024-06-30 11:08:10 +0000"
    },
    "done": true
  },
  "ferdinandsflowers:recipes/misc/0_dark_red_dye_gladiola": {
    "criteria": {
      "has_dark_red_gladiola": "2024-07-03 21:16:34 +0000"
    },
    "done": true
  },
  "minecraft:recipes/transportation/boat": {
    "criteria": {
      "entered_water": "2024-06-28 14:30:57 +0000"
    },
    "done": true
  },
  "minecraft:recipes/combat/leather_boots": {
    "criteria": {
      "has_leather": "2024-07-03 15:25:47 +0000"
    },
    "done": true
  },
  "minecraft:recipes/misc/purple_dye": {
    "criteria": {
      "has_lapis": "2024-07-03 16:49:37 +0000"
    },
    "done": true
  },
  "minecraft:recipes/building_blocks/brown_stained_hardened_clay": {
    "criteria": {
      "has_hardened_clay": "2024-07-07 20:44:46 +0000"
    },
    "done": true
  },
  "minecraft:recipes/building_blocks/light_gray_stained_glass": {
    "criteria": {
      "has_glass": "2024-06-30 11:08:10 +0000"
    },
    "done": true
  },
  "minecraft:recipes/building_blocks/diamond_block": {
    "criteria": {
      "has_at_least_9_diamond": "2024-06-28 16:30:44 +0000"
    },
    "done": true
  },
  "minecraft:recipes/decorations/red_stained_glass_pane": {
    "criteria": {
      "has_glass": "2024-06-30 11:08:10 +0000"
    },
    "done": true
  },
  "minecraft:recipes/building_blocks/lapis_block": {
    "criteria": {
      "has_at_least_9_lapis": "2024-07-03 16:49:42 +0000"
    },
    "done": true
  },
  "ferdinandsflowers:recipes/misc/b15_pink_dye_hawthorne": {
    "criteria": {
      "has_pink_hawthorne": "2024-06-28 14:37:26 +0000"
    },
    "done": true
  },
  "wolfarmor:recipes/combat/iron_wolf_armor": {
    "criteria": {
      "has_the_ingredients": "2024-07-03 15:27:15 +0000"
    },
    "done": true
  },
  "minecraft:recipes/decorations/yellow_carpet": {
    "criteria": {
      "has_yellow_wool": "2024-06-29 07:59:40 +0000"
    },
    "done": true
  },
  "of:main/door_garland": {
    "criteria": {
      "hold_manual": "2024-06-28 23:49:08 +0000"
    },
    "done": true
  },
  "ferdinandsflowers:recipes/misc/10c_green_dye_yucca_flower": {
    "criteria": {
      "has_green_yucca_flower": "2024-06-30 08:54:15 +0000"
    },
    "done": true
  },
  "cfm:root": {
    "criteria": {
      "tick": "2024-06-28 14:29:26 +0000"
    },
    "done": true
  },
  "ferdinandsflowers:recipes/misc/b7b_lavender_dye_indigo": {
    "criteria": {
      "has_lavender_indigo": "2024-07-07 21:00:02 +0000"
    },
    "done": true
  },
  "minecraft:recipes/misc/diamond": {
    "criteria": {
      "has_diamond_block": "2024-06-28 22:16:09 +0000"
    },
    "done": true
  },
  "of:main/candle": {
    "criteria": {
      "hold_manual": "2024-06-28 16:14:46 +0000"
    },
    "done": true
  },
  "minecraft:recipes/building_blocks/polished_diorite": {
    "criteria": {
      "has_stone": "2024-07-03 16:48:34 +0000"
    },
    "done": true
  },
  "ferdinandsflowers:recipes/misc/12_blue_green_dye_manzanita": {
    "criteria": {
      "has_blue_green_manzanita": "2024-07-03 21:08:51 +0000"
    },
    "done": true
  },
  "ferdinandsflowers:recipes/misc/b13_dark_pink_dye_quince": {
    "criteria": {
      "has_dark_pink_quince": "2024-06-28 14:37:25 +0000"
    },
    "done": true
  },
  "minecraft:recipes/building_blocks/light_gray_wool": {
    "criteria": {
      "has_white_wool": "2024-06-28 19:57:10 +0000"
    },
    "done": true
  },
  "minecraft:recipes/decorations/red_bed_from_white_bed": {
    "criteria": {
      "has_bed": "2024-06-30 21:21:21 +0000"
    },
    "done": true
  },
  "minecraft:recipes/building_blocks/purple_stained_hardened_clay": {
    "criteria": {
      "has_hardened_clay": "2024-07-07 20:44:46 +0000"
    },
    "done": true
  },
  "minecraft:recipes/building_blocks/red_wool": {
    "criteria": {
      "has_white_wool": "2024-06-28 19:57:10 +0000"
    },
    "done": true
  },
  "minecraft:recipes/misc/orange_dye_from_red_yellow": {
    "criteria": {
      "has_yellow_dye": "2024-06-29 08:07:27 +0000"
    },
    "done": true
  },
  "ferdinandsflowers:recipes/misc/1_red_dye_poppy": {
    "criteria": {
      "has_red_poppy": "2024-07-03 21:22:42 +0000"
    },
    "done": true
  },
  "minecraft:recipes/tools/stone_axe": {
    "criteria": {
      "has_cobblestone": "2024-06-28 14:30:47 +0000"
    },
    "done": true
  },
  "casinocraft:recipes/cardtable_base_white": {
    "criteria": {
      "has_wool": "2024-06-28 19:57:10 +0000"
    },
    "done": true
  },
  "minecraft:recipes/misc/fire_charge": {
    "criteria": {
      "has_blaze_powder": "2024-07-04 17:40:30 +0000"
    },
    "done": true
  },
  "casinocraft:recipes/arcade_base_lightblue": {
    "criteria": {
      "has_quartz": "2024-06-30 10:48:13 +0000"
    },
    "done": true
  },
  "minecraft:recipes/building_blocks/purple_wool": {
    "criteria": {
      "has_white_wool": "2024-06-28 19:57:10 +0000"
    },
    "done": true
  },
  "casinocraft:recipes/arcade_base_blue": {
    "criteria": {
      "has_quartz": "2024-06-30 10:48:13 +0000"
    },
    "done": true
  },
  "minecraft:recipes/building_blocks/magenta_concrete_powder": {
    "criteria": {
      "has_sand": "2024-06-30 10:33:34 +0000"
    },
    "done": true
  },
  "minecraft:recipes/building_blocks/pillar_quartz_block": {
    "criteria": {
      "has_quartz_block": "2024-06-28 23:26:09 +0000"
    },
    "done": true
  },
  "minecraft:recipes/misc/writable_book": {
    "criteria": {
      "has_book": "2024-06-28 21:13:11 +0000"
    },
    "done": true
  },
  "treasure2:recipes/spider_key": {
    "criteria": {
      "has_iron_key": "2024-07-04 18:55:28 +0000"
    },
    "done": true
  },
  "minecraft:recipes/building_blocks/oak_wooden_slab": {
    "criteria": {
      "has_planks": "2024-06-28 14:30:46 +0000"
    },
    "done": true
  },
  "minecraft:recipes/misc/wheat": {
    "criteria": {
      "has_hay_block": "2024-06-28 20:04:16 +0000"
    },
    "done": true
  },
  "minecraft:recipes/decorations/white_bed": {
    "criteria": {
      "has_white_wool": "2024-06-28 19:57:10 +0000"
    },
    "done": true
  },
  "casinocraft:recipes/arcade_base_purple": {
    "criteria": {
      "has_quartz": "2024-06-30 10:48:13 +0000"
    },
    "done": true
  },
  "minecraft:recipes/tools/golden_hoe": {
    "criteria": {
      "has_gold_ingot": "2024-06-29 08:05:01 +0000"
    },
    "done": true
  },
  "minecraft:recipes/food/bread": {
    "criteria": {
      "has_wheat": "2024-06-28 20:28:09 +0000"
    },
    "done": true
  },
  "minecraft:recipes/redstone/trapdoor": {
    "criteria": {
      "has_planks": "2024-06-28 14:30:46 +0000"
    },
    "done": true
  },
  "minecraft:recipes/decorations/lime_stained_glass_pane": {
    "criteria": {
      "has_glass": "2024-06-30 11:08:10 +0000"
    },
    "done": true
  },
  "minecraft:recipes/misc/iron_nugget": {
    "criteria": {
      "has_iron_ingot": "2024-06-28 16:23:03 +0000"
    },
    "done": true
  },
  "minecraft:recipes/building_blocks/brown_concrete_powder": {
    "criteria": {
      "has_sand": "2024-06-30 10:33:34 +0000"
    },
    "done": true
  },
  "casinocraft:recipes/arcade_base_white": {
    "criteria": {
      "has_quartz": "2024-06-30 10:48:13 +0000"
    },
    "done": true
  },
  "minecraft:recipes/decorations/black_bed_from_white_bed": {
    "criteria": {
      "has_bed": "2024-06-30 21:21:21 +0000"
    },
    "done": true
  },
  "ferdinandsflowers:recipes/misc/b0_light_blue_dye_forget": {
    "criteria": {
      "has_light_blue_forget": "2024-07-07 19:29:55 +0000"
    },
    "done": true
  },
  "casinocraft:recipes/cardtable_base_yellow": {
    "criteria": {
      "has_wool": "2024-06-29 07:59:40 +0000"
    },
    "done": true
  },
  "casinocraft:recipes/arcade_base_green": {
    "criteria": {
      "has_quartz": "2024-06-30 10:48:13 +0000"
    },
    "done": true
  },
  "minecraft:recipes/combat/diamond_sword": {
    "criteria": {
      "has_diamond": "2024-06-28 16:30:42 +0000"
    },
    "done": true
  },
  "minecraft:recipes/decorations/cyan_stained_glass_pane": {
    "criteria": {
      "has_glass": "2024-06-30 11:08:10 +0000"
    },
    "done": true
  },
  "minecraft:recipes/building_blocks/blue_stained_glass": {
    "criteria": {
      "has_glass": "2024-06-30 11:08:10 +0000"
    },
    "done": true
  },
  "minecraft:recipes/building_blocks/cyan_wool": {
    "criteria": {
      "has_white_wool": "2024-06-28 19:57:10 +0000"
    },
    "done": true
  },
  "minecraft:recipes/decorations/sign": {
    "criteria": {
      "has_planks": "2024-06-28 14:30:46 +0000"
    },
    "done": true
  },
  "minecraft:recipes/transportation/spruce_boat": {
    "criteria": {
      "entered_water": "2024-06-28 14:30:57 +0000"
    },
    "done": true
  },
  "minecraft:recipes/decorations/jukebox": {
    "criteria": {
      "has_diamond": "2024-06-28 16:30:42 +0000"
    },
    "done": true
  },
  "minecraft:recipes/building_blocks/diorite": {
    "criteria": {
      "has_quartz": "2024-06-30 10:48:13 +0000"
    },
    "done": true
  },
  "minecraft:recipes/tools/flint_and_steel": {
    "criteria": {
      "has_obsidian": "2024-07-04 16:21:41 +0000"
    },
    "done": true
  },
  "minecraft:recipes/misc/red_dye_from_beetroot": {
    "criteria": {
      "has_beetroot": "2024-07-04 18:18:57 +0000"
    },
    "done": true
  },
  "minecraft:recipes/food/mushroom_stew": {
    "criteria": {
      "has_bowl": "2024-07-04 18:47:50 +0000"
    },
    "done": true
  },
  "cfm:minekea": {
    "criteria": {
      "get_chair_or_table": "2024-06-28 20:50:06 +0000"
    },
    "done": true
  },
  "tombstone:tutorial/create_dark_marble": {
    "criteria": {
      "has_dark_marble": "2024-07-04 16:33:23 +0000"
    },
    "done": true
  },
  "minecraft:recipes/building_blocks/gray_wool": {
    "criteria": {
      "has_white_wool": "2024-06-28 19:57:10 +0000"
    },
    "done": true
  },
  "minecraft:recipes/misc/gold_nugget": {
    "criteria": {
      "has_gold_ingot": "2024-06-29 08:05:01 +0000"
    },
    "done": true
  },
  "minecraft:husbandry/balanced_diet": {
    "criteria": {
      "cooked_beef": "2024-07-03 15:09:04 +0000",
      "apple": "2024-07-04 16:12:19 +0000",
      "potato": "2024-07-07 21:19:49 +0000",
      "pumpkin_pie": "2024-07-07 21:14:41 +0000",
      "bread": "2024-07-04 18:59:16 +0000",
      "raw_cod": "2024-07-04 16:55:52 +0000",
      "enchanted_golden_apple": "2024-06-30 20:34:53 +0000",
      "carrot": "2024-07-03 15:12:06 +0000"
    },
    "done": false
  },
  "minecraft:recipes/tools/wooden_hoe": {
    "criteria": {
      "has_stick": "2024-06-30 10:02:55 +0000"
    },
    "done": true
  },
  "minecraft:recipes/misc/bucket": {
    "criteria": {
      "has_iron_ingot": "2024-06-28 16:23:03 +0000"
    },
    "done": true
  },
  "ferdinandsflowers:recipes/misc/9b_lime_dye_clover": {
    "criteria": {
      "has_lime_clover": "2024-06-28 14:37:26 +0000"
    },
    "done": true
  },
  "minecraft:recipes/decorations/yellow_bed_from_white_bed": {
    "criteria": {
      "has_bed": "2024-06-30 21:21:21 +0000"
    },
    "done": true
  },
  "tombstone:tutorial/info_grave_key": {
    "criteria": {
      "grave_key": "2024-06-28 14:37:42 +0000"
    },
    "done": true
  },
  "minecraft:recipes/decorations/orange_stained_glass_pane": {
    "criteria": {
      "has_glass": "2024-06-30 11:08:10 +0000"
    },
    "done": true
  },
  "minecraft:recipes/decorations/white_banner": {
    "criteria": {
      "has_white_wool": "2024-06-28 19:57:10 +0000"
    },
    "done": true
  },
  "minecraft:recipes/building_blocks/light_blue_concrete_powder": {
    "criteria": {
      "has_sand": "2024-06-30 10:33:34 +0000"
    },
    "done": true
  },
  "tombstone:recipes/from_dark_marble": {
    "criteria": {
      "has_ingredient": "2024-07-04 16:33:23 +0000"
    },
    "done": true
  },
  "cfm:dingdong": {
    "criteria": {
      "clicked_doorbell": "2024-06-28 15:48:26 +0000"
    },
    "done": true
  },
  "minecraft:recipes/building_blocks/hay_block": {
    "criteria": {
      "has_at_least_9_wheat": "2024-07-03 14:11:32 +0000"
    },
    "done": true
  },
  "minecraft:recipes/combat/iron_helmet": {
    "criteria": {
      "has_iron_ingot": "2024-06-28 16:23:03 +0000"
    },
    "done": true
  },
  "minecraft:recipes/tools/golden_shovel": {
    "criteria": {
      "has_gold_ingot": "2024-06-29 08:05:01 +0000"
    },
    "done": true
  },
  "minecraft:recipes/combat/bow": {
    "criteria": {
      "has_string": "2024-07-04 16:38:58 +0000"
    },
    "done": true
  },
  "minecraft:recipes/redstone/tnt": {
    "criteria": {
      "has_gunpowder": "2024-06-28 19:19:05 +0000"
    },
    "done": true
  },
  "minecraft:recipes/decorations/black_stained_glass_pane": {
    "criteria": {
      "has_glass": "2024-06-30 11:08:10 +0000"
    },
    "done": true
  },
  "casinocraft:recipes/arcade_base_lime": {
    "criteria": {
      "has_quartz": "2024-06-30 10:48:13 +0000"
    },
    "done": true
  },
  "minecraft:recipes/building_blocks/smooth_sandstone": {
    "criteria": {
      "has_sandstone": "2024-07-03 20:56:35 +0000"
    },
    "done": true
  },
  "minecraft:recipes/building_blocks/granite": {
    "criteria": {
      "has_quartz": "2024-06-30 10:48:13 +0000"
    },
    "done": true
  },
  "minecraft:recipes/building_blocks/purple_concrete_powder": {
    "criteria": {
      "has_sand": "2024-06-30 10:33:34 +0000"
    },
    "done": true
  },
  "treasure2:recipes/wither_key": {
    "criteria": {
      "has_tool": "2024-07-04 18:45:20 +0000"
    },
    "done": true
  },
  "minecraft:recipes/decorations/orange_bed_from_white_bed": {
    "criteria": {
      "has_bed": "2024-06-30 21:21:21 +0000"
    },
    "done": true
  },
  "treasure2:recipes/wither_planks": {
    "criteria": {
      "has_logs": "2024-07-04 19:21:58 +0000"
    },
    "done": true
  },
  "minecraft:recipes/combat/diamond_chestplate": {
    "criteria": {
      "has_diamond": "2024-06-28 16:30:42 +0000"
    },
    "done": true
  },
  "minecraft:story/mine_stone": {
    "criteria": {
      "get_stone": "2024-06-28 14:30:47 +0000"
    },
    "done": true
  },
  "minecraft:recipes/decorations/furnace": {
    "criteria": {
      "has_cobblestone": "2024-06-28 14:30:47 +0000"
    },
    "done": true
  },
  "minecraft:recipes/transportation/minecart": {
    "criteria": {
      "has_iron_ingot": "2024-06-28 16:23:03 +0000"
    },
    "done": true
  },
  "minecraft:recipes/food/beetroot_soup": {
    "criteria": {
      "has_beetroot": "2024-07-04 18:18:57 +0000"
    },
    "done": true
  },
  "minecraft:recipes/building_blocks/orange_wool": {
    "criteria": {
      "has_white_wool": "2024-06-28 19:57:10 +0000"
    },
    "done": true
  },
  "minecraft:recipes/decorations/green_stained_glass_pane": {
    "criteria": {
      "has_glass": "2024-06-30 11:08:10 +0000"
    },
    "done": true
  },
  "minecraft:recipes/tools/iron_hoe": {
    "criteria": {
      "has_iron_ingot": "2024-06-28 16:23:03 +0000"
    },
    "done": true
  },
  "minecraft:recipes/tools/wooden_pickaxe": {
    "criteria": {
      "has_stick": "2024-06-30 10:02:55 +0000"
    },
    "done": true
  },
  "tombstone:tutorial/choose_knowledge": {
    "criteria": {
      "coded_trigger": "2024-07-03 21:30:54 +0000"
    },
    "done": true
  },
  "minecraft:recipes/building_blocks/stone_brick_slab": {
    "criteria": {
      "has_stonebrick": "2024-06-28 20:23:18 +0000"
    },
    "done": true
  },
  "minecraft:recipes/redstone/redstone_torch": {
    "criteria": {
      "has_redstone": "2024-06-29 11:08:05 +0000"
    },
    "done": true
  },
  "minecraft:husbandry/root": {
    "criteria": {
      "consumed_item": "2024-06-30 20:34:53 +0000"
    },
    "done": true
  },
  "minecraft:recipes/transportation/birch_boat": {
    "criteria": {
      "entered_water": "2024-06-28 14:30:57 +0000"
    },
    "done": true
  },
  "minecraft:recipes/food/golden_apple": {
    "criteria": {
      "has_gold_ingot": "2024-06-29 08:05:01 +0000"
    },
    "done": true
  },
  "cfm:install": {
    "criteria": {
      "tick": "2024-06-28 14:29:26 +0000"
    },
    "done": true
  },
  "minecraft:recipes/building_blocks/green_concrete_powder": {
    "criteria": {
      "has_sand": "2024-06-30 10:33:34 +0000"
    },
    "done": true
  },
  "minecraft:recipes/decorations/enchanting_table": {
    "criteria": {
      "has_obsidian": "2024-07-04 16:21:41 +0000"
    },
    "done": true
  },
  "minecraft:recipes/misc/light_gray_dye_from_ink_bonemeal": {
    "criteria": {
      "has_bonemeal": "2024-07-04 17:08:26 +0000"
    },
    "done": true
  },
  "minecraft:recipes/tools/iron_shovel": {
    "criteria": {
      "has_iron_ingot": "2024-06-28 16:23:03 +0000"
    },
    "done": true
  },
  "minecraft:recipes/building_blocks/orange_stained_glass": {
    "criteria": {
      "has_glass": "2024-06-30 11:08:10 +0000"
    },
    "done": true
  },
  "minecraft:recipes/decorations/cyan_bed_from_white_bed": {
    "criteria": {
      "has_bed": "2024-06-30 21:21:21 +0000"
    },
    "done": true
  },
  "minecraft:recipes/misc/bowl": {
    "criteria": {
      "has_red_mushroom": "2024-06-28 21:31:17 +0000"
    },
    "done": true
  },
  "ferdinandsflowers:recipes/misc/b13b_dark_pink_dye_clover": {
    "criteria": {
      "has_dark_pink_clover": "2024-06-28 14:37:27 +0000"
    },
    "done": true
  },
  "minecraft:recipes/decorations/item_frame": {
    "criteria": {
      "has_leather": "2024-07-03 15:25:47 +0000"
    },
    "done": true
  },
  "minecraft:recipes/decorations/lime_bed_from_white_bed": {
    "criteria": {
      "has_bed": "2024-06-30 21:21:21 +0000"
    },
    "done": true
  },
  "minecraft:recipes/tools/stone_hoe": {
    "criteria": {
      "has_cobblestone": "2024-06-28 14:30:47 +0000"
    },
    "done": true
  },
  "minecraft:recipes/tools/clock": {
    "criteria": {
      "has_redstone": "2024-06-29 11:08:05 +0000"
    },
    "done": true
  },
  "minecraft:recipes/decorations/spruce_fence": {
    "criteria": {
      "has_planks": "2024-06-28 15:24:28 +0000"
    },
    "done": true
  },
  "minecraft:recipes/tools/diamond_hoe": {
    "criteria": {
      "has_diamond": "2024-06-28 16:30:42 +0000"
    },
    "done": true
  },
  "minecraft:recipes/combat/spectral_arrow": {
    "criteria": {
      "has_glowstone_dust": "2024-06-30 10:47:57 +0000"
    },
    "done": true
  },
  "tombstone:tutorial/cancel_ghostly_shape": {
    "criteria": {
      "coded_trigger": "2024-07-03 15:25:35 +0000"
    },
    "done": true
  },
  "minecraft:recipes/decorations/white_stained_glass_pane": {
    "criteria": {
      "has_glass": "2024-06-30 11:08:10 +0000"
    },
    "done": true
  },
  "minecraft:recipes/tools/diamond_shovel": {
    "criteria": {
      "has_diamond": "2024-06-28 16:30:42 +0000"
    },
    "done": true
  },
  "minecraft:recipes/building_blocks/dark_oak_stairs": {
    "criteria": {
      "has_planks": "2024-06-28 21:56:37 +0000"
    },
    "done": true
  },
  "minecraft:recipes/decorations/green_bed_from_white_bed": {
    "criteria": {
      "has_bed": "2024-06-30 21:21:21 +0000"
    },
    "done": true
  },
  "minecraft:adventure/trade": {
    "criteria": {
      "traded": "2024-07-03 16:56:31 +0000"
    },
    "done": true
  },
  "tombstone:recipes/from_decorative_grave": {
    "criteria": {
      "has_ingredient": "2024-06-28 14:37:42 +0000"
    },
    "done": true
  },
  "minecraft:recipes/decorations/white_carpet": {
    "criteria": {
      "has_white_wool": "2024-06-28 19:57:10 +0000"
    },
    "done": true
  },
  "minecraft:recipes/building_blocks/spruce_stairs": {
    "criteria": {
      "has_planks": "2024-06-28 15:24:28 +0000"
    },
    "done": true
  },
  "wolfarmor:recipes/combat/diamond_wolf_armor": {
    "criteria": {
      "has_the_ingredients": "2024-06-28 16:30:44 +0000"
    },
    "done": true
  },
  "tombstone:tutorial/first_grave": {
    "criteria": {
      "coded_trigger": "2024-06-28 14:37:42 +0000"
    },
    "done": true
  },
  "minecraft:recipes/redstone/birch_door": {
    "criteria": {
      "has_planks": "2024-06-28 15:27:46 +0000"
    },
    "done": true
  },
  "minecraft:recipes/decorations/glass_pane": {
    "criteria": {
      "has_glass": "2024-06-30 11:08:10 +0000"
    },
    "done": true
  },
  "ferdinandsflowers:recipes/misc/13_aqua_dye_daffodil": {
    "criteria": {
      "has_aqua_daffodil": "2024-07-03 21:31:44 +0000"
    },
    "done": true
  },
  "of:main/microwave": {
    "criteria": {
      "hold_manual": "2024-06-28 23:30:54 +0000"
    },
    "done": true
  },
  "casinocraft:recipes/arcade_base_magenta": {
    "criteria": {
      "has_quartz": "2024-06-30 10:48:13 +0000"
    },
    "done": true
  },
  "minecraft:recipes/misc/gold_ingot_from_nuggets": {
    "criteria": {
      "has_at_least_9_gold_nugget": "2024-07-07 20:16:48 +0000"
    },
    "done": true
  },
  "minecraft:recipes/building_blocks/magenta_stained_glass": {
    "criteria": {
      "has_glass": "2024-06-30 11:08:10 +0000"
    },
    "done": true
  },
  "minecraft:story/mine_diamond": {
    "criteria": {
      "diamond": "2024-06-28 16:30:42 +0000"
    },
    "done": true
  },
  "minecraft:story/upgrade_tools": {
    "criteria": {
      "stone_pickaxe": "2024-07-03 14:33:14 +0000"
    },
    "done": true
  },
  "minecraft:recipes/combat/diamond_helmet": {
    "criteria": {
      "has_diamond": "2024-06-28 16:30:42 +0000"
    },
    "done": true
  },
  "casinocraft:recipes/arcade_base_red": {
    "criteria": {
      "has_quartz": "2024-06-30 10:48:13 +0000"
    },
    "done": true
  },
  "minecraft:recipes/decorations/anvil": {
    "criteria": {
      "has_iron_block": "2024-06-28 16:22:03 +0000"
    },
    "done": true
  },
  "minecraft:recipes/decorations/birch_fence": {
    "criteria": {
      "has_planks": "2024-06-28 15:27:46 +0000"
    },
    "done": true
  },
  "of:main/fridge": {
    "criteria": {
      "hold_manual": "2024-06-28 23:32:17 +0000"
    },
    "done": true
  },
  "minecraft:recipes/decorations/blue_bed_from_white_bed": {
    "criteria": {
      "has_bed": "2024-06-30 21:21:21 +0000"
    },
    "done": true
  },
  "minecraft:recipes/misc/gold_ingot_from_block": {
    "criteria": {
      "has_gold_block": "2024-06-29 10:58:34 +0000"
    },
    "done": true
  },
  "minecraft:recipes/building_blocks/cyan_concrete_powder": {
    "criteria": {
      "has_sand": "2024-06-30 10:33:34 +0000"
    },
    "done": true
  },
  "minecraft:recipes/building_blocks/stone_brick_stairs": {
    "criteria": {
      "has_stonebrick": "2024-06-28 20:23:18 +0000"
    },
    "done": true
  },
  "minecraft:recipes/combat/golden_boots": {
    "criteria": {
      "has_gold_ingot": "2024-06-29 08:05:01 +0000"
    },
    "done": true
  },
  "ferdinandsflowers:recipes/misc/b7_lavender_dye_larkspur": {
    "criteria": {
      "has_lavender_larkspur": "2024-07-03 21:08:50 +0000"
    },
    "done": true
  },
  "minecraft:recipes/tools/wooden_axe": {
    "criteria": {
      "has_stick": "2024-06-30 10:02:55 +0000"
    },
    "done": true
  },
  "minecraft:recipes/building_blocks/lime_wool": {
    "criteria": {
      "has_white_wool": "2024-06-28 19:57:10 +0000"
    },
    "done": true
  },
  "casinocraft:recipes/module_stone_meanminos": {
    "criteria": {
      "has_redstone": "2024-06-29 11:08:05 +0000"
    },
    "done": true
  },
  "casinocraft:recipes/module_clay_halma": {
    "criteria": {
      "has_clay": "2024-07-03 14:29:28 +0000"
    },
    "done": true
  },
  "minecraft:recipes/misc/paper": {
    "criteria": {
      "has_reeds": "2024-07-03 14:32:05 +0000"
    },
    "done": true
  },
  "minecraft:recipes/misc/magenta_dye_from_lapis_ink_bonemeal": {
    "criteria": {
      "has_lapis": "2024-07-03 16:49:37 +0000"
    },
    "done": true
  },
  "of:main/home_decoration": {
    "criteria": {
      "hold_manual": "2024-06-28 15:48:40 +0000"
    },
    "done": true
  },
  "minecraft:recipes/building_blocks/green_wool": {
    "criteria": {
      "has_white_wool": "2024-06-28 19:57:10 +0000"
    },
    "done": true
  },
  "minecraft:recipes/misc/light_blue_dye_from_lapis_bonemeal": {
    "criteria": {
      "has_lapis": "2024-07-03 16:49:37 +0000"
    },
    "done": true
  },
  "treasure2:recipes/pilferers_lock_pick": {
    "criteria": {
      "has_iron_ingot": "2024-06-28 16:23:03 +0000"
    },
    "done": true
  },
  "minecraft:recipes/tools/diamond_axe": {
    "criteria": {
      "has_diamond": "2024-06-28 16:30:42 +0000"
    },
    "done": true
  },
  "minecraft:recipes/building_blocks/brown_wool": {
    "criteria": {
      "has_white_wool": "2024-06-28 19:57:10 +0000"
    },
    "done": true
  },
  "casinocraft:recipes/arcade_base_pink": {
    "criteria": {
      "has_quartz": "2024-06-30 10:48:13 +0000"
    },
    "done": true
  },
  "treasure2:recipes/key_ring": {
    "criteria": {
      "has_iron_ingot": "2024-06-28 16:23:03 +0000"
    },
    "done": true
  },
  "minecraft:recipes/decorations/painting": {
    "criteria": {
      "has_wool": "2024-06-28 19:57:10 +0000"
    },
    "done": true
  },
  "minecraft:recipes/building_blocks/white_stained_glass": {
    "criteria": {
      "has_glass": "2024-06-30 11:08:10 +0000"
    },
    "done": true
  },
  "minecraft:recipes/building_blocks/stone_slab": {
    "criteria": {
      "has_stone": "2024-06-28 14:42:07 +0000"
    },
    "done": true
  },
  "casinocraft:recipes/module_stone_sokoban": {
    "criteria": {
      "has_redstone": "2024-06-29 11:08:05 +0000"
    },
    "done": true
  },
  "minecraft:recipes/decorations/black_carpet": {
    "criteria": {
      "has_black_wool": "2024-06-29 11:17:41 +0000"
    },
    "done": true
  },
  "minecraft:recipes/combat/arrow": {
    "criteria": {
      "has_feather": "2024-07-03 15:54:28 +0000"
    },
    "done": true
  },
  "minecraft:recipes/building_blocks/coal_block": {
    "criteria": {
      "has_at_least_9_coal": "2024-07-03 14:38:27 +0000"
    },
    "done": true
  },
  "minecraft:recipes/redstone/light_weighted_pressure_plate": {
    "criteria": {
      "has_gold_ingot": "2024-06-29 08:05:01 +0000"
    },
    "done": true
  },
  "minecraft:recipes/decorations/snow_layer": {
    "criteria": {
      "has_snowball": "2024-06-28 16:22:38 +0000"
    },
    "done": true
  },
  "minecraft:recipes/tools/stone_shovel": {
    "criteria": {
      "has_cobblestone": "2024-06-28 14:30:47 +0000"
    },
    "done": true
  },
  "minecraft:recipes/decorations/yellow_stained_glass_pane": {
    "criteria": {
      "has_glass": "2024-06-30 11:08:10 +0000"
    },
    "done": true
  },
  "minecraft:recipes/building_blocks/blue_concrete_powder": {
    "criteria": {
      "has_sand": "2024-06-30 10:33:34 +0000"
    },
    "done": true
  },
  "ferdinandsflowers:recipes/misc/b6_purple_dye_notch": {
    "criteria": {
      "has_purple_notch": "2024-07-03 21:08:49 +0000"
    },
    "done": true
  },
  "minecraft:recipes/building_blocks/cyan_stained_glass": {
    "criteria": {
      "has_glass": "2024-06-30 11:08:10 +0000"
    },
    "done": true
  },
  "casinocraft:recipes/module_stone_tetris": {
    "criteria": {
      "has_redstone": "2024-06-29 11:08:05 +0000"
    },
    "done": true
  },
  "minecraft:recipes/building_blocks/light_blue_stained_hardened_clay": {
    "criteria": {
      "has_hardened_clay": "2024-07-07 20:44:46 +0000"
    },
    "done": true
  },
  "minecraft:recipes/building_blocks/cyan_stained_hardened_clay": {
    "criteria": {
      "has_hardened_clay": "2024-07-07 20:44:46 +0000"
    },
    "done": true
  },
  "minecraft:recipes/building_blocks/andesite": {
    "criteria": {
      "has_stone": "2024-07-03 16:48:34 +0000"
    },
    "done": true
  },
  "minecraft:recipes/combat/golden_helmet": {
    "criteria": {
      "has_gold_ingot": "2024-06-29 08:05:01 +0000"
    },
    "done": true
  },
  "casinocraft:recipes/module_clay_craps": {
    "criteria": {
      "has_clay": "2024-07-03 14:29:28 +0000"
    },
    "done": true
  },
  "minecraft:story/root": {
    "criteria": {
      "crafting_table": "2024-06-30 17:17:06 +0000"
    },
    "done": true
  },
  "minecraft:recipes/redstone/dropper": {
    "criteria": {
      "has_redstone": "2024-06-29 11:08:05 +0000"
    },
    "done": true
  },
  "casinocraft:recipes/module_clay_roulette": {
    "criteria": {
      "has_clay": "2024-07-03 14:29:28 +0000"
    },
    "done": true
  },
  "minecraft:story/form_obsidian": {
    "criteria": {
      "obsidian": "2024-07-04 16:21:41 +0000"
    },
    "done": true
  },
  "minecraft:recipes/building_blocks/magma": {
    "criteria": {
      "has_magma_cream": "2024-07-04 17:39:20 +0000"
    },
    "done": true
  },
  "cfm:buy_item": {
    "criteria": {
      "minebay_purchase": "2024-06-28 15:58:20 +0000"
    },
    "done": true
  },
  "minecraft:recipes/building_blocks/string_to_wool": {
    "criteria": {
      "has_string": "2024-07-04 16:38:58 +0000"
    },
    "done": true
  },
  "minecraft:recipes/combat/leather_chestplate": {
    "criteria": {
      "has_leather": "2024-07-03 15:25:47 +0000"
    },
    "done": true
  },
  "minecraft:recipes/redstone/repeater": {
    "criteria": {
      "has_redstone_torch": "2024-06-29 11:04:55 +0000"
    },
    "done": true
  },
  "minecraft:recipes/tools/compass": {
    "criteria": {
      "has_redstone": "2024-06-29 11:08:05 +0000"
    },
    "done": true
  },
  "minecraft:recipes/building_blocks/polished_andesite": {
    "criteria": {
      "has_stone": "2024-06-30 09:59:51 +0000"
    },
    "done": true
  },
  "minecraft:recipes/building_blocks/quartz_block": {
    "criteria": {
      "has_quartz": "2024-06-30 10:48:13 +0000"
    },
    "done": true
  },
  "minecraft:recipes/redstone/iron_door": {
    "criteria": {
      "has_iron_ingot": "2024-06-28 16:23:03 +0000"
    },
    "done": true
  },
  "minecraft:recipes/building_blocks/pink_stained_hardened_clay": {
    "criteria": {
      "has_hardened_clay": "2024-07-07 20:44:46 +0000"
    },
    "done": true
  },
  "tombstone:recipes/from_strange_scroll": {
    "criteria": {
      "has_ingredient": "2024-07-03 15:25:35 +0000"
    },
    "done": true
  },
  "minecraft:recipes/decorations/nether_brick_fence": {
    "criteria": {
      "has_nether_brick": "2024-06-28 22:44:38 +0000"
    },
    "done": true
  },
  "minecraft:recipes/decorations/red_bed": {
    "criteria": {
      "has_red_wool": "2024-06-29 08:46:41 +0000"
    },
    "done": true
  },
  "ferdinandsflowers:recipes/misc/b11b_magenta_pink_dye_clover": {
    "criteria": {
      "has_magenta_pink_clover": "2024-06-28 19:20:21 +0000"
    },
    "done": true
  },
  "minecraft:recipes/transportation/jungle_boat": {
    "criteria": {
      "entered_water": "2024-06-28 14:30:57 +0000"
    },
    "done": true
  },
  "casinocraft:recipes/arcade_base_brown": {
    "criteria": {
      "has_quartz": "2024-06-30 10:48:13 +0000"
    },
    "done": true
  },
  "minecraft:adventure/shoot_arrow": {
    "criteria": {
      "shot_arrow": "2024-07-03 17:17:36 +0000"
    },
    "done": true
  },
  "minecraft:recipes/building_blocks/magenta_stained_hardened_clay": {
    "criteria": {
      "has_hardened_clay": "2024-07-07 20:44:46 +0000"
    },
    "done": true
  },
  "minecraft:recipes/building_blocks/birch_stairs": {
    "criteria": {
      "has_planks": "2024-06-28 15:27:46 +0000"
    },
    "done": true
  },
  "wolfarmor:recipes/combat/leather_wolf_armor": {
    "criteria": {
      "has_the_ingredients": "2024-07-03 15:25:47 +0000"
    },
    "done": true
  },
  "minecraft:recipes/redstone/heavy_weighted_pressure_plate": {
    "criteria": {
      "has_iron_ingot": "2024-06-28 16:23:03 +0000"
    },
    "done": true
  },
  "minecraft:recipes/transportation/dark_oak_boat": {
    "criteria": {
      "entered_water": "2024-06-28 14:30:57 +0000"
    },
    "done": true
  },
  "minecraft:recipes/food/pumpkin_pie": {
    "criteria": {
      "has_pumpkin": "2024-06-28 16:22:12 +0000"
    },
    "done": true
  },
  "minecraft:recipes/redstone/daylight_detector": {
    "criteria": {
      "has_quartz": "2024-06-30 10:48:13 +0000"
    },
    "done": true
  },
  "minecraft:recipes/transportation/carrot_on_a_stick": {
    "criteria": {
      "has_carrot": "2024-07-03 14:45:53 +0000"
    },
    "done": true
  },
  "minecraft:recipes/building_blocks/pink_wool": {
    "criteria": {
      "has_white_wool": "2024-06-28 19:57:10 +0000"
    },
    "done": true
  },
  "cfm:appliance_city": {
    "criteria": {
      "place_appliance": "2024-06-28 15:57:39 +0000"
    },
    "done": true
  },
  "minecraft:recipes/building_blocks/nether_brick_stairs": {
    "criteria": {
      "has_nether_brick": "2024-06-28 22:44:38 +0000"
    },
    "done": true
  },
  "minecraft:recipes/decorations/brown_bed_from_white_bed": {
    "criteria": {
      "has_bed": "2024-06-30 21:21:21 +0000"
    },
    "done": true
  },
  "tombstone:tutorial/teleport_to_grave": {
    "criteria": {
      "coded_trigger": "2024-07-04 17:07:37 +0000"
    },
    "done": true
  },
  "minecraft:recipes/building_blocks/lit_pumpkin": {
    "criteria": {
      "has_pumpkin": "2024-06-28 16:22:12 +0000"
    },
    "done": true
  },
  "minecraft:recipes/building_blocks/polished_granite": {
    "criteria": {
      "has_stone": "2024-06-30 09:40:38 +0000"
    },
    "done": true
  },
  "casinocraft:recipes/module_clay_sicbo": {
    "criteria": {
      "has_clay": "2024-07-03 14:29:28 +0000"
    },
    "done": true
  },
  "minecraft:recipes/building_blocks/stonebrick": {
    "criteria": {
      "has_stone": "2024-06-28 14:42:07 +0000"
    },
    "done": true
  },
  "minecraft:recipes/combat/golden_leggings": {
    "criteria": {
      "has_gold_ingot": "2024-06-29 08:05:01 +0000"
    },
    "done": true
  },
  "minecraft:recipes/redstone/piston": {
    "criteria": {
      "has_redstone": "2024-06-29 11:08:05 +0000"
    },
    "done": true
  },
  "minecraft:recipes/building_blocks/stone_stairs": {
    "criteria": {
      "has_cobblestone": "2024-06-28 14:30:47 +0000"
    },
    "done": true
  },
  "minecraft:recipes/decorations/brown_stained_glass_pane": {
    "criteria": {
      "has_glass": "2024-06-30 11:08:10 +0000"
    },
    "done": true
  },
  "minecraft:recipes/building_blocks/light_gray_stained_hardened_clay": {
    "criteria": {
      "has_hardened_clay": "2024-07-07 20:44:46 +0000"
    },
    "done": true
  },
  "minecraft:recipes/decorations/dark_oak_fence": {
    "criteria": {
      "has_planks": "2024-06-28 21:56:37 +0000"
    },
    "done": true
  },
  "minecraft:recipes/combat/diamond_boots": {
    "criteria": {
      "has_diamond": "2024-06-28 16:30:42 +0000"
    },
    "done": true
  },
  "minecraft:story/smelt_iron": {
    "criteria": {
      "iron": "2024-06-28 16:23:03 +0000"
    },
    "done": true
  },
  "minecraft:recipes/redstone/wooden_door": {
    "criteria": {
      "has_planks": "2024-06-28 14:30:46 +0000"
    },
    "done": true
  },
  "minecraft:recipes/decorations/light_blue_bed": {
    "criteria": {
      "has_light_blue_wool": "2024-06-29 07:59:43 +0000"
    },
    "done": true
  },
  "minecraft:recipes/building_blocks/chiseled_stonebrick": {
    "criteria": {
      "has_stonebrick": "2024-06-28 20:23:18 +0000"
    },
    "done": true
  },
  "minecraft:recipes/building_blocks/pink_stained_glass": {
    "criteria": {
      "has_glass": "2024-06-30 11:08:10 +0000"
    },
    "done": true
  },
  "minecraft:recipes/decorations/light_gray_stained_glass_pane": {
    "criteria": {
      "has_glass": "2024-06-30 11:08:10 +0000"
    },
    "done": true
  },
  "minecraft:recipes/decorations/light_gray_bed_from_white_bed": {
    "criteria": {
      "has_bed": "2024-06-30 21:21:21 +0000"
    },
    "done": true
  },
  "minecraft:recipes/building_blocks/bone_block": {
    "criteria": {
      "has_at_least_9_bonemeal": "2024-07-07 19:32:59 +0000"
    },
    "done": true
  }
}